sample	population	GL	Chr6_GT	Chr8_GT	both_quality_pass
2014-132-2A	ML5	1.0	0/0	0/0	True
2014-132-3A	ML5	1.0	0/0	0/0	False
2014-132-4A	ML5	1.0	0/0	0/0	True
2014-132-5A	ML5	1.0	0/0	0/0	False
2014-132-6A	ML5	1.0	0/0	0/0	True
2014-132-7A	ML5	1.0	0/0	0/0	True
2014-132-8A	ML5	1.0	0/0	0/0	False
2014-132-9A	ML5	1.0	0/0	0/0	True
XB2014-144-2A	SM35	1.0	0/0	0/0	True
XB2014-144-3A	SM35	1.0	0/0	0/0	True
XB2014-144-4A	SM35	1.0	0/0	0/0	True
XB2014-144-5A	SM35	1.0	0/0	0/0	True
XB2014-144-6A	SM35	1.0	0/0	0/0	True
XB2014-144-7A	SM35	1.0	0/0	0/0	True
XB2014-144-8A	SM35	1.0	0/0	0/0	True
XB2014-144-9A	SM35	1.0	0/0	0/0	True
Xubo01402-2A	YS26	1.0	0/0	0/0	True
Xubo01402-3A	YS26	1.0	0/0	0/0	True
Xubo01402-4A	YS26	1.0	0/0	0/0	True
Xubo01402-5A	YS26	1.0	0/0	0/0	True
Xubo01402-6A	YS26	1.0	0/0	0/0	True
Xubo01402-7A	YS26	1.0	0/0	0/0	True
Xubo01402-8A	YS26	1.0	0/0	0/0	True
Xubo01402-9A	YS26	1.0	0/0	0/0	True
