original_name	archived_file
model12_jointDAFpop1_0.obs.gz	data/demography/fsc/observed/model12_jointDAFpop1_0.obs.gz
model12_jointDAFpop2_0.obs.gz	data/demography/fsc/observed/model12_jointDAFpop1_0.obs.gz
model12_jointDAFpop2_1.obs.gz	data/demography/fsc/observed/model12_jointDAFpop1_0.obs.gz
model1_jointDAFpop1_0.obs.gz	data/demography/fsc/observed/model12_jointDAFpop1_0.obs.gz
model1_jointDAFpop2_0.obs.gz	data/demography/fsc/observed/model12_jointDAFpop1_0.obs.gz
model1_jointDAFpop2_1.obs.gz	data/demography/fsc/observed/model12_jointDAFpop1_0.obs.gz
model2_jointDAFpop1_0.obs.gz	data/demography/fsc/observed/model12_jointDAFpop1_0.obs.gz
model2_jointDAFpop2_0.obs.gz	data/demography/fsc/observed/model12_jointDAFpop1_0.obs.gz
model2_jointDAFpop2_1.obs.gz	data/demography/fsc/observed/model12_jointDAFpop1_0.obs.gz
model4_jointDAFpop1_0.obs.gz	data/demography/fsc/observed/model12_jointDAFpop1_0.obs.gz
model4_jointDAFpop2_0.obs.gz	data/demography/fsc/observed/model12_jointDAFpop1_0.obs.gz
model4_jointDAFpop2_1.obs.gz	data/demography/fsc/observed/model12_jointDAFpop1_0.obs.gz
model5_jointDAFpop1_0.obs.gz	data/demography/fsc/observed/model12_jointDAFpop1_0.obs.gz
model5_jointDAFpop2_0.obs.gz	data/demography/fsc/observed/model12_jointDAFpop1_0.obs.gz
model5_jointDAFpop2_1.obs.gz	data/demography/fsc/observed/model12_jointDAFpop1_0.obs.gz
model9_jointDAFpop1_0.obs.gz	data/demography/fsc/observed/model12_jointDAFpop1_0.obs.gz
model9_jointDAFpop2_0.obs.gz	data/demography/fsc/observed/model12_jointDAFpop1_0.obs.gz
model9_jointDAFpop2_1.obs.gz	data/demography/fsc/observed/model12_jointDAFpop1_0.obs.gz
