comparison	upper_tail_percent	ADP_binding_genes	also_in_putative_NBS_list	NBS_percent_of_ADP_genes	ADP_GO_enrichment_FDR
fd_MY1	10.0	135	135	100.0	3.5603743855156804e-35
fd_MY1	5.0	84	84	100.0	9.640524373968521e-23
fd_MY1	2.5	46	46	100.0	8.44200561421563e-12
fd_MY1	1.0	20	20	100.0	6.40366563699924e-05
fd_CY32	10.0	132	132	100.0	3.59330996914487e-25
fd_CY32	5.0	80	80	100.0	1.31428586735196e-15
fd_CY32	2.5	45	45	100.0	9.722227180245722e-09
fd_CY32	1.0	12	12	100.0	1.0
fd_common	10.0	147	147	100.0	5.8034653547813e-42
fd_common	5.0	104	104	100.0	3.9761081889092103e-35
fd_common	2.5	65	65	100.0	1.25496357126589e-24
fd_common	1.0	36	36	100.0	1.5081661010642802e-15
