id	PC1	PC2	PC3	PC4	PC5	PC6	PC7	PC8	PC9	PC10	PC11	PC12	PC13	PC14	PC15	PC16	PC17	PC18	PC19	PC20	PC21	PC22	PC23	PC24	PC25	PC26	PC27	PC28	PC29	PC30	PC31	PC32	PC33
ASCD52	6.3499621466491	-0.0800943107383993	0.866038076043928	-1.9305093297762	1.38730753557583	-0.265434558979797	1.09551082075246	-0.871688768691783	0.418905411995465	-0.172731872476799	0.425410065019711	-0.184265453883463	-0.195698006000489	0.0975119465714682	0.347439647173683	-0.351742051612006	-0.00561068730564022	-0.125411983877754	0.278158991733876	0.388143969742361	0.320859528608123	-0.0699297022329124	-0.105500900061914	-0.106627229471125	-0.0270919925318581	-0.0381518611473354	-0.0175479324474439	-0.00765490058139325	-0.00362958012553989	-2.56234203952102e-16	1.29593213253847e-16	1.6436590390258e-16	1.31182192180539e-16
BM31	-7.52146483236092	1.31015194350053	-0.863120156525507	-0.473315537902155	-1.6083493953941	2.28277175381257	0.920839741428243	-1.15013381091502	0.756341968843118	0.103837725030873	0.609964033078564	-0.773152908089312	-0.511666408561744	-0.752720953888762	-0.377427912285067	0.0735027679885544	-0.255072589817274	-0.214391212633229	0.0378220157940233	-0.0551626082588633	-0.0231763389871717	0.0615855334719559	0.0348661974836706	-0.0361135410300835	0.045864643910906	-0.0133830634895076	-0.00886236017375432	-0.0053800493649948	-0.000237017324649462	9.67745833683528e-16	6.19614962371924e-16	-4.68253636927831e-16	-3.81683114863332e-16
CY32	-2.53810524728655	-2.80880248316078	1.17933513821605	0.393285309784369	0.734999508341958	3.25872151881004	0.673972075996652	-0.876253912948237	-0.248468713529614	0.518786412236143	0.537083869775673	-0.228614597612184	0.479518425043779	0.32930463660322	0.100131718535361	0.106028738077202	0.483940035387446	0.283448093453755	-0.361434741990864	0.214947184989422	-0.012703509904667	-0.0844790990989873	-0.0357483421589032	0.0288011977527825	0.0468357966900797	0.0264101608397352	9.06942514703185e-05	-3.54831146359422e-05	0.00302376179427938	-5.99909678318445e-16	-1.43487979504948e-16	4.41954687297203e-16	-3.0610702798459e-16
CZ25	4.15075123638922	10.4186660509016	4.32749431580309	-0.255324994301988	-0.235243752844716	0.173846938254795	-1.64669575904973	-0.0335657360200378	-0.502954768650823	0.399032309671593	-0.49840844501124	-0.0808096871515848	0.153310142901313	-0.371135890116214	0.178256089594888	0.536359977006577	0.227120637848313	-0.385146148759768	-0.100920036400256	0.137649575105243	0.0654995543159422	0.0863353314812341	-0.0370425357535237	-0.0738920185022716	0.00336089506535913	0.0302095690727545	0.00675152195515299	-0.00477029621085155	-0.000996645699052728	-4.02740033179984e-16	1.13298266982846e-15	-6.82614904418835e-16	-6.72533216661263e-16
DQS11	2.66207226942817	1.68537471865092	-1.54579964018157	3.0897133016215	2.88179588623962	3.1413183779505	0.11687710267324	1.17102930196295	0.0297406227925729	0.0438206277653709	-0.523157388810125	-0.0386341362831889	-0.644947372199293	0.680996061305096	-0.453002750600195	0.149853059650092	-0.0595037350245271	-0.134938328515573	0.174573595137912	-0.0743409631522405	0.106792400552345	-0.0225693952933707	0.0403340729941511	-0.00371478619295033	-0.00283740851835894	-0.020253594972952	-0.0163721876907218	0.00807893939854596	0.00200552550396355	-3.6353560089402e-16	2.29197056793174e-16	8.80399672770996e-16	-3.99709020733439e-17
EY8	-0.0344841983085938	-3.11889980023801	4.68131408178787	1.09211383673421	-1.27941377940881	1.34634473929419	0.272988037924489	0.730523246900381	-0.233351674110861	-0.12597937283463	-0.0239008048969327	0.31657253608802	-0.20418113042816	-0.169418778716773	0.258570095693763	-0.226310343491302	-0.0164269856826228	0.0752844757002615	0.0609994337153874	-0.078323100500511	-0.0472624672111448	0.0711706748784134	-0.00761348202018432	-0.0900710869918468	-0.0573228858325785	0.0823517866922156	0.0123155617050962	0.000563048881384925	-0.00120632130696896	5.39833186819851e-16	-8.38395566472667e-16	1.87175512656869e-16	3.51292819373671e-16
EY9	-0.0344841983085938	-3.11889980023801	4.68131408178787	1.09211383673421	-1.27941377940881	1.34634473929419	0.272988037924489	0.730523246900381	-0.233351674110861	-0.12597937283463	-0.0239008048969327	0.31657253608802	-0.20418113042816	-0.169418778716773	0.258570095693763	-0.226310343491302	-0.0164269856826228	0.0752844757002615	0.0609994337153874	-0.078323100500511	-0.0472624672111448	0.0711706748784134	-0.00761348202018432	-0.0900710869918468	-0.0573228858325785	0.0823517866922156	0.0123155617050962	0.000563048881384925	-0.00120632130696896	5.39833186819851e-16	-8.38395566472667e-16	1.87175512656869e-16	3.51292819373671e-16
KM42	1.71961853307789	-1.61712849565867	6.12719767442271	-0.280301211463255	-1.68608326734273	-0.995891512477104	1.1800144556679	1.03760244393763	-0.342762234837739	-0.452933031654093	-0.439301625967735	0.549879729398284	-0.190244383743081	-0.24405834090854	-0.611547207727854	-0.0573417162983932	-0.152538937824768	0.032167192491247	-0.324408868409298	0.280376017929044	0.0865910780021292	-0.115332486137527	-0.0121362213555878	0.0415820797131512	0.064232681003519	-0.0405156323082924	-0.0643301132533016	-0.00762880527042026	0.000822294534792517	9.35500387962628e-16	-9.11640764840665e-17	2.33042198909255e-16	5.20016743426477e-16
LD06	-0.405719889874082	-2.0057605643619	-4.22574518619069	-1.84253108013091	0.464992353973984	0.161185598748437	-0.0022931259921076	0.0292535309317205	-0.811302742783527	0.163635154626371	-0.290046075270629	0.211854667788059	-0.427424067248149	-0.180643879643411	0.307722321482829	0.207994405591105	-0.180092533885376	0.182058223705576	0.105412866511177	0.0413927397785386	0.0113989061533956	0.0308761501615215	-0.0524923754643032	0.0838221001860113	0.0726787471053684	0.0223487983721896	0.00415788971079549	-0.016763516776197	-0.000952958412019481	-1.11067675009433e-15	-3.2401028843083e-16	9.67234101057649e-17	5.06567396084578e-17
LD30	-0.405719889874082	-2.0057605643619	-4.22574518619069	-1.84253108013091	0.464992353973984	0.161185598748437	-0.0022931259921076	0.0292535309317205	-0.811302742783527	0.163635154626371	-0.290046075270629	0.211854667788059	-0.427424067248149	-0.180643879643411	0.307722321482829	0.207994405591105	-0.180092533885376	0.182058223705576	0.105412866511177	0.0413927397785386	0.0113989061533956	0.0308761501615215	-0.0524923754643032	0.0838221001860113	0.0726787471053684	0.0223487983721896	0.00415788971079549	-0.016763516776197	-0.000952958412019481	-1.11067675009433e-15	-3.2401028843083e-16	9.67234101057649e-17	5.06567396084578e-17
LN46	-1.06304102835544	0.412403559020075	-5.95617654786184	-0.155743761525906	-2.31670762938559	-0.382494507688478	0.0487182857600001	0.356503022983808	-0.421455090075319	-0.340599432625823	0.183858649523275	0.174224933003365	-0.299877269136479	0.368917224162657	0.0526775831157939	-0.0339616754548242	0.0880030182601313	-0.147599705970777	-0.0905718354910902	0.336356608074989	-0.114564772036231	0.026562179896288	0.247411246174791	-0.0624914990440246	-0.019248278537963	-0.0392074139075841	0.127280651527052	-0.000658013723438703	-0.00101085483122921	-2.19611210678664e-15	7.45167853238868e-16	-4.42069396223565e-16	-2.57927012668125e-17
MK27	-9.74480652739797	1.37487286098403	-2.46855255234641	-1.21104556657872	-2.33588540015255	0.766461317838654	-1.10074996255985	-0.596100690847711	0.991965969429994	-0.195931840117356	-1.15201900489541	0.433703700629589	-0.0966420730860957	0.253830755789323	0.210544662129723	-0.192350398167853	0.154204797067046	-0.0531155578484036	-0.107415207089002	-0.123754913940351	0.216588020016879	-0.105488588684648	-0.110562110927691	0.0451411081338364	-0.0463273348499541	-0.034780215604813	0.0033566270229525	0.00722994592707177	-0.00434888583383281	-1.21205126695445e-17	3.82213947058311e-17	-3.23337686406722e-16	-5.04147971619909e-17
ML5	-5.27216593985287	-0.842399406788427	0.876816001724091	-0.880770732547657	0.925668833229025	-0.695149573597818	-1.04972630460828	0.208933432535755	0.313733764125826	0.372661715810763	0.0199487585276716	-0.0598377293398037	0.249161167997062	0.0475219850086178	-0.168516263694475	-0.0596370046456873	-0.255258460577799	-0.111474282245333	0.163952946954018	0.342516365642743	-0.136482857273314	-0.0349362899470365	-0.0300249934516714	0.100185639991257	-0.0277519799626043	0.0873996715844072	0.000438965934938451	0.0867952241392862	0.012825208477504	1.38035316189463e-16	-6.73917172644273e-16	-4.66084783571399e-17	-8.65690170164502e-17
ML50	-4.48707558481365	-1.65004261870605	0.626151004256418	0.0297683253008645	0.637878802714807	-0.463035003181607	-1.18159601244624	0.204403372137975	0.35709482376143	-0.261347506649208	0.347235338348785	-0.14179659048078	-0.0820826816415427	0.293379791291918	0.209205352755047	0.197685708521875	-0.123202900883644	-0.101403842424141	-0.0327653130071248	0.149942580423852	-0.264595284057271	-0.0196358649249264	0.0339996030710508	0.045006297234428	-0.123441536309632	-0.0118623707765456	-0.12206278582365	-0.0736272921609239	0.00258070760760328	-1.08003300290741e-16	-4.33877882476923e-16	9.40171667932138e-18	2.34792130591589e-16
ML53	-8.3393973765564	1.85555047688684	2.23473509088838	-3.25795136677098	2.42781662219169	-1.75473572034525	-0.567097336053878	0.577361113120225	0.414152637198192	-0.0771164462919801	0.100072064429986	0.180535084766409	-0.119260340005076	0.246112287730225	-0.342844785521292	-0.00695615228515625	0.216244501970472	0.214084861636103	0.0773794460469217	-0.0840216396417794	-0.127892658458362	0.0156828084270858	-0.0393511373441347	-0.221626970592879	0.0950583978819513	0.0140398683483272	0.0262486561804288	-0.0151343130408348	-0.00433870050180415	1.14764740252818e-15	-1.41375433359157e-15	3.27676044926284e-16	-2.8770992455638e-16
MN34	-0.138955912268644	-3.16076950812945	0.276696186698768	0.854755789983314	0.738256688739546	-1.28305024229065	-1.19424384557563	-0.0531590085616193	0.0174103308603719	-0.159160049891527	0.59945997210906	-0.061795730841466	-0.275879958883071	-0.00247963009802632	0.157653719494943	0.127405460721964	-0.0618943474083135	0.016236870183889	-0.223200957119217	-0.162564996369134	0.271213760548313	0.00484196175131674	0.0904822174663053	-0.0138777121944055	0.00530990224459393	0.00471784092337735	-0.0170490247283676	0.0242418759503829	0.00253759016291508	-1.31999561612824e-16	-6.53395506394672e-16	3.07013288232117e-16	2.834146569939e-16
MN4	-0.138955912268644	-3.16076950812945	0.276696186698768	0.854755789983314	0.738256688739546	-1.28305024229065	-1.19424384557563	-0.0531590085616193	0.0174103308603719	-0.159160049891527	0.59945997210906	-0.061795730841466	-0.275879958883071	-0.00247963009802632	0.157653719494943	0.127405460721964	-0.0618943474083135	0.016236870183889	-0.223200957119217	-0.162564996369134	0.271213760548313	0.00484196175131674	0.0904822174663053	-0.0138777121944055	0.00530990224459393	0.00471784092337735	-0.0170490247283676	0.0242418759503829	0.00253759016291508	-1.31999561612824e-16	-6.53395506394672e-16	3.07013288232117e-16	2.834146569939e-16
MX	2.61874057812154	-1.60695525868934	-4.28158317496462	-1.66782474387822	0.444548910064722	-0.53524635340753	1.73259184837709	2.58733967260758	1.21124829293981	0.250473375990656	-0.106477121988603	-0.700023116519315	0.301993589462401	-0.409892945153777	0.136233315478442	0.25522378543832	0.159367302337212	0.0506068591328231	-0.119587178755716	-0.0504788939850932	0.0299463146518307	-0.0300779587450166	-0.0402770395776819	0.023939620130543	-0.0686324209838853	-0.00403795393905503	0.0309650339802095	0.00428618587303989	-0.00298298927452523	4.70993628355084e-16	1.49941531209031e-16	3.71359901511545e-16	3.52294730860445e-16
MY1	1.36805404677965	-3.98875316103455	2.3933997964749	2.33108478144449	0.482486182155507	-1.00821456524123	-0.874092896740283	-0.104678357181213	0.178625965846296	-0.41423549567841	0.345203839815133	-0.274959592719125	0.0299027552554296	0.0664913603893477	-0.269221253748905	-0.132240775590246	0.077015002054097	-0.310643323659334	0.0177876144044985	-0.0521717922178125	0.00523950121863859	-0.0350118562848574	-0.169553498667129	0.160367935859683	0.0388949932965748	0.048722565519909	0.13155657733724	-0.0473165517432884	-0.00837500441064584	8.9817699564561e-16	-8.12192049024186e-16	2.43495026094163e-16	6.33716497943355e-16
SC37	2.5377599301631	0.12158794921109	0.495248291305457	-2.96767264862442	1.83366171251242	0.00261855779763004	0.511599007524015	-1.00450123206477	-0.645093889901253	-1.50994732086478	-0.60995199712019	-0.667378099742597	-0.0804258235883419	-0.138995263906821	-0.180543248649609	-0.197775016506773	0.332714196447967	0.025698117761105	-0.0645614873992345	-0.101378389372766	-0.0873645626620098	0.172453105262094	0.0726918745306442	0.0852675157934071	-0.0604530272668464	0.0103814131235132	-0.0190054426028666	0.0199467156946669	0.00168577197688686	3.56089928060913e-16	5.37541895353828e-17	1.8158393613836e-16	-7.70327079732977e-17
SM3	3.40728691430761	-5.00948755657565	-3.97915941089702	1.52829357157379	0.40012187866442	-0.595805329620806	-0.519497804667294	-1.04743927701892	-0.333882646690255	0.508035164952005	-0.415485322862017	-0.0412118077472202	0.196098619843472	-0.223741095690511	-0.297059444913281	0.0498255932937449	-0.048362209963969	0.0257086874079989	-0.0251708201169426	0.0093012992651457	-0.127021034673036	-0.126502024514342	0.0130654988491942	-0.0947784954202988	-0.0504704218187139	0.0131529447496578	-0.0315240741721098	0.0184043238043004	-0.0421154216016881	8.24877217454352e-16	-7.13950759827419e-16	-3.2830668391051e-17	1.77087659786788e-16
SM35	3.42827104195714	-5.01552124823982	-3.95444539641007	1.54449150151666	0.273220403661649	-0.710743262830943	-0.517609218174968	-0.923152417279525	-0.223077831702829	0.529975408937179	-0.511792988835334	0.0399046147716813	0.144625918630925	-0.317335419011602	-0.326415325055827	-0.0398674305153424	-0.00771502783014768	0.0863001733476118	-0.0479546592982894	-0.0326739410041158	-0.0300015737993835	0.00193046773591804	-0.0912434386856643	-0.129120258021962	-0.0642336829550188	-0.0383935105163233	0.03137935000069	-0.0201422459552916	0.039027341164302	1.45508009474387e-15	-8.70873889602738e-16	6.00406809111304e-16	3.76031538957066e-16
TB43	-2.95311886210334	5.09575125755916	-3.15917348588524	-1.86250448543677	-1.01606246304398	0.0573021570751759	1.11254615465933	0.322894928819379	-1.60035073083033	-0.17722493487585	0.974417167483185	0.371605624913841	0.429842313035844	0.247952589308496	-0.28237256912919	0.0821011994535768	-0.0990782442741187	-0.137523521111764	0.0351772396118092	-0.241002860456866	0.0703206029187039	-0.0874243658925732	-0.148229940370663	-0.00618377467968501	-0.0946913654854131	-0.00818033893542659	-0.00793557827433167	0.0100203108875965	4.39385155536863e-05	-9.81815666065556e-16	8.20809780081853e-16	-2.69822965687154e-16	-5.23647135742891e-16
WS14	5.9432625311883	3.07015563885848	-1.16729329801093	-0.47570558595741	-1.42323371225806	-0.244324856042502	-0.697610109607964	-0.264535368173061	0.754842273700757	0.350620429749444	0.580389144922182	0.861531406260472	-0.204851528502171	-0.28505488746946	-0.361706145501891	0.0184264966257694	0.52068156039345	0.231163164905053	0.33237584192369	-0.0507532640239104	0.0278605851686482	-0.047134386585413	0.113735956207453	0.119545687057028	-0.0192269366305657	0.0274205329880904	-0.0319943501903165	-0.00747213130488521	0.00265813983368287	-1.2184770246651e-15	1.26807160607683e-15	-3.20861547783412e-16	3.64811048411721e-16
WX48	2.64983519390726	-1.50669116480108	-5.69714185793344	1.14852830130824	-1.64939571568425	-0.99005288610495	0.559141341185084	0.412108667632852	0.0485590177165932	0.276556038599606	-0.000656564071871748	-0.121150384334925	0.188975570605628	0.332557118654899	0.13923464184424	-0.35303326205853	0.240396609713092	-0.404282058501009	-0.0295711620256678	-0.0960633356491205	-0.107799795222367	0.150136446580852	-0.0419433447253634	-0.0279175911281072	0.136437888085065	0.0377339591194069	-0.110781014339491	0.00787532729170113	0.00443674273207676	-6.40943853246068e-16	1.79236028295335e-16	-1.1985823045654e-16	9.34490650055315e-17
XS40	-4.5697174816294	7.6847742209296	-1.01235535218162	5.02513189307079	2.35216583610579	-1.78367650415647	2.63631536461653	-0.880361406355439	0.377500560224467	-0.227988239618763	-0.0940327231838195	0.680235740996434	-0.0723210507049292	-0.228594538576034	0.304126262557292	0.0170955689476289	-0.0171746855842776	0.0456917816062237	-0.0871588558079668	0.00133276210341994	-0.0944561460814918	-0.00987639412418182	0.00775586088374752	0.0302881597776705	-0.00676637490884307	0.0151127223837518	0.0109190699827494	0.00460604634689053	0.000840449446621705	-1.61542812807728e-15	1.1348820484638e-15	-1.35662819092434e-16	-7.54933109646859e-16
XY36	4.67276395039828	7.24979232285242	1.2493550620794	-1.17237527475122	1.0934222102562	0.45380482679811	-1.17509554446307	0.419484732558787	-0.148091976807082	0.957971516371931	0.227722198128634	-0.212405349935346	-0.365126514179434	-0.116447488272435	0.165216940958367	-0.680323238071302	-0.184203915069395	0.098095358969127	-0.256485038086467	-0.128420341025243	-0.211130508241106	-0.0639766531793764	-0.00307934752399758	0.0622785120827367	-0.0018566645778095	-0.0729174864936435	0.0193724897403998	0.0033253916504588	-0.00215320793476512	8.76084077190327e-16	5.41216165358739e-16	-4.05885569238771e-17	-2.60484185889731e-16
YJI38	8.49843403893159	1.1992824213809	-1.81169670049394	-1.52492945076473	0.205869133083472	1.81930859792934	-0.567369023268195	-0.448878708449639	1.13792838794765	-1.05888097355193	0.129398189973827	0.71478072757989	0.81048617597813	0.105047698166988	0.0640250361080689	0.136163176240331	-0.468027666828833	0.0274388323788652	-0.101660582310225	-0.0874511926677413	-0.114803697729295	-0.000286907014818715	0.0135901176313977	-0.0400794706799528	0.0590294272081763	0.0129345345008165	0.0172890489752535	0.000314319564080397	0.00156309804181074	-1.06255180031595e-15	1.373854607602e-15	-4.52779567867998e-16	5.07444969048874e-16
YL49	-4.38782209865551	-1.54244706152417	2.6584285425532	-1.09151342577179	1.32911592694162	0.131262474263581	0.597856435868287	0.0640354051620607	-0.440207116690686	0.664889177189959	-0.464993705841968	0.0124441915118643	1.00210016135515	-0.142749519417809	0.0458314298181369	-0.23686395105753	-0.113917016955661	-0.192550795284458	0.176571135886567	-0.119769363543087	0.190955191252721	-0.077735652047897	0.267745856647617	0.0402405599258337	0.0262179355994641	0.00500381395103422	0.0074380417006175	-0.0360121662198539	0.00223463032903923	-2.24720174002089e-16	-9.99112468320669e-16	1.14194117844165e-16	-3.39281414110395e-16
YL9	-2.06950101626448	-2.87042671166399	2.86988143429258	0.930305887280627	0.0303217200520923	0.0461838068541136	-0.088214701939119	0.106696007445986	0.126797773276383	0.443727543592045	0.174241266334456	0.415247734626187	0.432467852969179	0.0766816728432265	-0.063590987682616	0.0732734477634141	-0.0299565425734609	0.105181704603559	0.0937290228835668	0.0603860247770205	0.0340142604104645	0.432766765281278	-0.058256542429685	0.0571605620065044	-0.0188683615581241	-0.140386936882152	0.0107200539844727	0.0135423999299449	-0.0107684166527405	-4.18395329569261e-16	-9.34514357108515e-16	-1.01385363205238e-16	3.64567742063609e-16
YS26	-0.333027165020383	-2.93954392731943	3.9232521970218	1.61053790673026	-0.789998647288313	0.091744609390286	-0.332360656221362	0.2457202736785	-0.364798406239417	-0.640686588532519	0.0344598462818596	-0.288857822730907	0.105110152007324	-0.195228139738861	0.400576373957255	0.210538007057868	0.200450882769108	-0.0443094797999526	0.305827568477701	-0.123033787629946	-0.225130705713658	-0.248627807239782	-0.0107097413537817	-0.0108390872218456	0.0654593466316589	-0.128965675487482	-0.00149925303696897	0.0339406267002401	0.00512382497465631	6.16292705071622e-16	-4.32387986008395e-16	5.83782263718984e-17	5.34879256341864e-17
YSXC51	4.87975081965922	-0.421754410016963	5.94545267966563	-1.80835618804341	-2.04632289603129	-1.54756665665987	1.80228955509753	-1.23014656573056	0.391582950387829	0.802019460459495	-0.30839046742003	-0.420297696773204	-0.30958995796457	0.802318295481368	0.0246191925008595	0.3286927126112	-0.176149750396984	0.0575404438930841	0.015183142270723	-0.193141456726073	-0.0873826079421042	-0.0081664276952004	0.029758371236528	0.0252928276279899	-0.0151344273025457	0.0189932896856861	0.0244678077731148	0.00488978237581958	0.00252276205768361	-1.67066496940765e-15	4.45743572768121e-16	-7.22864890591868e-16	-3.16747605716621e-16
YY12	-0.449000069758546	6.99254413964041	-1.34081789564731	3.17602643129002	-2.18078874897467	-0.701933837944385	-0.823458992519636	0.304088338551467	-0.183388842163002	-0.449774687219979	-0.135763259517604	-1.13396146118428	0.464110877346372	0.182415635760393	-0.0917626253600268	-0.11085661205604	-0.187538439385209	0.532505829865489	0.154704538848139	0.0916570694239821	0.139138616683915	0.0259616479236576	-0.0020482412864885	-0.0114595831011819	0.0243086817906124	0.0246841566184566	-0.0152083517168352	-0.0135061070039708	-0.00119409368783547	-2.84675248487946e-16	1.35918972455823e-15	-7.74568014155896e-16	-3.87186908349505e-16
