variable	PC1	PC2	PC3	PC4	PC5	PC6	PC7	PC8	PC9	PC10	PC11	PC12	PC13	PC14	PC15	PC16	PC17	PC18	PC19	PC20	PC21	PC22	PC23	PC24	PC25	PC26	PC27	PC28	PC29	PC30	PC31	PC32	PC33
bio1	0.175600231167998	-0.0812337649792841	0.0782719101802588	0.189824205037705	-0.00170117711355922	-0.183352176187584	-0.241460011685307	-0.155873251544297	-0.075854369689369	0.0667152497182971	0.0270698666372351	-0.0353082428818032	-0.0161783759384034	0.0144692210977714	0.0275926215135481	-0.0148407764453229	-0.0599583360192203	0.00658821477595454	0.0387359772797082	0.13098405127683	0.0202370264006796	-0.0414538616126981	0.0441059760484946	0.0118743099145932	-0.0633810645102329	0.0429127706913565	-0.00668946991190369	-0.0149405321737264	0.243273401324005	-0.0811325556519436	-0.242244006848344	0.180795508011836	0.0107411450923157
bio2	-0.1908171327738	-0.0601956517059482	0.0642686244262947	0.140006911845154	0.0221324700170041	-0.0182680407298489	-0.179359555660591	0.155182272325577	0.475849594224305	-0.0493433396332815	-0.094448252232555	-0.291298830374017	-0.00792747416831503	0.0834637349435357	-0.110131247920395	-0.0886412519421934	-0.0417765919838238	-0.0732967460312703	0.0149709850554098	0.14907664563532	0.0256851026798821	-0.221728453149532	-0.0202992313832529	-0.00805786868605267	-0.136601356989431	-0.130191852464515	0.14768565635618	-0.0807418451157745	0.150939930460502	-0.253603847343118	0.0552955673809369	-0.135682253566948	-0.128094571506506
bio3	-0.127977431103848	-0.164562154987882	0.149531303635685	-0.00717977685483068	-0.0368213853921904	-0.0331724857447689	-0.113778912894485	0.0875900490619619	0.21299129935017	-0.009073708429751	-0.028262441541492	-0.150956197209705	0.0482581624026042	-0.0239768807697963	0.0320139576691612	-0.00636645460521313	-0.0848568120697962	0.0134996628655878	-0.0850571151050412	-0.0027631426691238	0.0228661773214412	-0.0478446048819924	0.0869558737735721	-0.0423931448938677	-0.324244412480039	0.309302252985003	0.0766148957038842	0.0964545871168844	-0.145615150161238	0.320096706104446	0.0152210607849432	0.139328363477378	0.273228900965319
bio4	0.05172153241012	0.212694733139307	-0.125049814070851	0.157946739296293	0.078948635094546	0.0470870011597292	0.0664190500510068	0.0123302317913915	-0.0108608596705933	-0.00528991682734462	-0.0319943030821045	0.0773880119362002	-0.0166769384880023	0.116443349120236	-0.0315017709196775	-0.0289673330471922	-0.0544708942772215	0.0903055028791991	0.0873264681099126	0.0363917587626875	0.0190121618458822	-0.067692224890025	-0.114271105866059	0.0227722724802851	0.019480602847626	0.0941928065332285	-0.0757463031171057	-0.139890060410104	-0.0578637297477615	-0.0341233405911404	-0.225688246311822	-0.206376664580873	0.042197496424457
bio5	0.166351823240208	0.0930562574949737	-0.063521878561348	0.273333517849289	0.036729878431011	-0.0842379004620259	-0.1633308154597	-0.106428371506068	0.014807505071657	0.0156033669014516	0.0375308123001123	0.0214881021128768	-0.0053202592826039	0.0739748623566199	-0.0465400099748111	-0.0298681458621658	-0.0269768436503812	-0.0343430835147084	0.203306236493674	0.0817356931770103	0.0813137415954038	-0.179082247057148	-0.0621682216926338	0.00125983658844954	0.159845276233924	-0.0306372375894112	0.0440434916965734	-0.113345475462986	-0.129734604045902	0.613215782084271	0.216105970544741	0.00439118644333389	0.162392700288108
bio6	0.15847668527716	-0.152816667175306	0.0934797061599002	-0.00397502818531918	-0.0624284437807938	-0.11367247095492	-0.14555918866711	-0.200077558141416	-0.17128800837244	0.0559580318430285	0.0580977868175928	0.0379126891330753	0.0208915868827637	-0.0858697700037448	0.124590616649625	0.0472318431663888	-0.000986936748038663	0.0765875615738918	0.0880905438831228	-0.0048135842616468	0.131946650886691	0.0709454982673547	0.0486131615557669	0.0164087891556059	-0.00263654207657931	0.0551425810251449	-0.170719590751675	-0.0219191405570873	-0.158428179238714	-0.248729500291838	0.191293713577728	-0.183547956151305	-0.102594106766762
bio7	-0.0120706843499532	0.204759685092542	-0.130281187530428	0.211738752220245	0.0826688189324231	0.0353885432906547	0.00305743947782884	0.0941672575585731	0.161320651229102	-0.0371276303783926	-0.02229508936316	-0.0168372653594397	-0.0223534311447673	0.131579597528509	-0.144593846053338	-0.0641294018962357	-0.0196895557491717	-0.0932528698059908	0.0777397033896521	0.0664920615265463	-0.0536236498205685	-0.198589652789129	-0.0899492643964705	-0.0134132818000192	0.124097943251412	-0.0716447425835514	0.183098080498051	-0.0671596696257273	0.0399273970574225	-0.168310499904122	-0.0277080964400859	0.12736668867634	0.142743710558075
bio8	0.171741338344	0.0750574120791895	-0.0054249982047516	0.279829975831483	0.09242316116354	-0.103151503648239	-0.173444484330508	-0.108806106012109	-0.137340602937471	0.143735855566838	-0.101743176225864	-0.033679155790695	-0.176905089362335	0.0424050144573124	0.0738605188902702	0.020480344406487	-0.0935512917573067	-0.0980812184022912	-0.191237222257747	0.0114472130733871	-0.0932825175931285	-0.0044990794986222	-0.147142729051952	0.160136426675689	-0.0666912216015284	-0.0460409532919344	0.104214588416587	0.251139831254403	-0.199066696201741	-0.179130730400715	0.256910435849863	0.26923023997025	-0.0309481280121583
bio9	0.088926043846274	-0.191395072396055	0.135777999932336	0.0407459040085681	-0.0649517702796249	-0.116007697065305	-0.225393832577352	-0.148438215326767	-0.0133996290094801	0.0800518101141281	0.0583856773734404	-0.0782501076932843	0.0167049239613998	-0.0717083190495751	0.023248799350249	0.0145533724675804	0.0733401134134489	-0.050429061273583	-0.143098398167919	0.0408934152955872	0.053484217432507	-0.094180713081382	0.0143370586577347	0.00127287018992702	0.100729879227229	-0.0795324944752604	0.0640777879067105	0.0567950068499276	0.00639506933059093	0.0158663719046981	0.0805575307896658	-0.363555477168233	-0.0707856117529997
bio10	0.179711762035151	0.0832935304288364	-0.0291905050034797	0.255337527400213	0.0433003834522942	-0.0996261538938631	-0.162946305296858	-0.105579256264371	-0.0752275450383429	0.0630464822717325	0.033778563269023	0.0390307724101571	-0.00794865490032452	0.100434453327993	-0.0238534859614433	-0.0623310131273133	-0.0485660169973355	0.0467936776596543	0.12362296297417	0.0963966416872271	0.0183217818261247	-0.100173647989457	0.00283868686962848	-0.0647796652843108	-0.0410709543273252	0.162216749184692	-0.136467899089082	-0.0953096219626138	0.108609176936349	-0.115210575160736	-0.276154162060906	0.0232803149194132	-0.102130720491995
bio11	0.0950164752652046	-0.187802529107039	0.134596891953602	0.0424432759058041	-0.0535838517897912	-0.144851814127737	-0.226482634583832	-0.114323771312602	-0.0418452750914764	0.0643433457692745	0.0507566841108651	-0.0521956318518068	0.0198477086099354	-0.058540366102367	0.0309231090255669	0.0114766206230411	0.00357870961421659	-0.060432606251697	-0.0204127054237944	0.0191173572202459	-0.002986000773983	-0.0177629885295459	0.10448961723145	-0.0407836206046438	-0.0265414978733493	-0.0334736537482256	0.0818317896123283	0.0447114687392625	0.0527747150106396	-0.00905654710101805	-0.178195104415191	-0.0704919562367017	0.153355481670208
bio12	0.156628453430468	-0.0284209457138528	0.141969840873783	-0.158902032485651	0.257282416105592	0.178654097907634	-0.00409443723411646	-0.0249496189637487	-0.00520046712124269	0.0147728512248445	0.304656896829688	0.0365080477589282	-0.0514909318532963	0.0388140120107058	-0.0405211421850622	-0.0427335968124344	-0.104694316144381	0.241640477777367	0.160044436336446	-0.186538661504317	0.0536663858133188	-0.116218263524158	-0.0385915223297216	0.190044252773794	-0.121165213784068	0.0601405834689241	0.148022386316341	-0.0208336372596636	0.0710301136414166	-0.158784937927091	-0.0668834903440006	-0.262121083175239	0.152981907881705
bio13	0.056384703613841	-0.0207107792306324	0.196429390667849	0.0713885554825797	0.44852696933761	-0.000684877579681642	0.191523943980474	-0.0619499142897465	0.0847995299114492	0.175282978034514	0.0216327337931679	-0.0229707318143176	0.160701086454728	0.0982729178976305	0.0594638468537057	0.0235894043788223	0.150306109488219	-0.0623376243090062	-0.0763058617406765	0.144655628834492	0.032363703093597	0.037294941934889	0.185678979159835	-0.23811929104509	-0.119573124782861	0.11759312522639	0.0850331878104156	-0.253571517558531	0.0479165771064786	-0.0128206017817952	0.313611790504852	-0.145515509788499	-0.0664933239660757
bio14	0.165374346894194	0.129147384680951	0.082806061256052	-0.0962972984773159	0.0692248393193899	0.233117538134568	-0.119246956217521	-0.0149321137157372	0.0881585274478038	-0.134144704120071	-0.133309474061791	0.193004310662232	-0.149210101382615	-0.0766865159650346	-0.0300230845869727	0.0150293477291956	-0.00158055762434545	-0.149971455531483	-0.0899759646821463	0.171755215997507	-0.0314008240082522	0.0546920492762515	-0.0724051045831868	0.00346009703519604	0.0233704579286172	0.405281803839941	-0.110637576337544	-0.171716724032	0.113671437791437	-0.180725875974397	-0.0146007664367827	0.110625229458144	0.0739696796844322
bio15	-0.158731295993103	-0.0671223121019642	0.0223703031577412	0.217781458596205	0.156009619627157	-0.268146456592216	0.275472790188589	-0.132192088467972	0.158900117164651	-0.0922265053241375	-0.197625539839277	0.152177153224699	0.0808336147837447	-0.0926157692206031	0.292198551135878	-0.0796556676316312	-0.0185731766742854	-0.336409013122724	-0.138986396125176	-0.0678178174332466	-0.172247437111576	-0.0187045864744568	-0.203632262904667	0.185769693323851	0.0357209459824021	0.0896938478079254	-0.249374633647548	-0.0200451270267996	-0.0849807138326337	-0.00693497536378638	-0.0719298346174286	-0.243688468787448	-0.0148969872117928
bio16	0.0582567276406444	-0.0943694357773814	0.200524723033927	-0.0146697196036694	0.375952631868385	0.0316450257008176	0.186614454873814	-0.0481144742138573	-0.0555867989862041	-0.0122132989831932	0.188694070074053	-0.0700059121693584	0.0924946542902091	0.127932172884702	-0.0569752027851173	-0.10514743458029	-0.101437988501958	-0.0913442899367775	0.046166101694571	-0.0648818339554896	0.130600031154698	-0.0757839995910141	-0.257517764130288	-0.244870538799265	-0.116910595510034	-0.152162242889931	-0.00278859552379825	0.158746141649099	-0.212873174052823	0.0985461207346018	-0.217938562038391	0.181371566241953	-0.278200350585298
bio17	0.157674450547032	0.134661345854152	0.0863551382271348	-0.0791591511387417	0.0660618618713631	0.267402645362323	-0.142224019023021	0.0499502687178367	0.0281280931606778	0.0751843257646457	-0.0970442890851409	0.152137235064177	-0.239543112289855	-0.0704824478791914	0.0533976506856848	-0.115636659906484	0.0121330137195954	-0.124845970255095	-0.0483636177978902	0.033027004981425	-0.15395077939841	0.0370892762069358	0.064392804613682	-0.0357961560058463	-0.194539134604671	-0.179694793409885	0.0435637781028085	0.0464070927973697	-0.175362241388114	-0.00991930647744249	0.152359204753577	-0.123361275855581	0.137587571319412
bio18	0.0439195571813835	-0.0966259260637555	0.210169517181402	-0.00112550274797888	0.373446391370812	0.0261248533920541	0.156732657185223	-0.0295012060867067	-0.0171586868519655	0.0615674993481359	0.0745200850127845	-0.111069988639192	-0.0940930643178958	0.0393908780763392	0.0050762790727959	-0.0618116134566663	0.101523712107509	-0.0304960246713621	-0.0289171964064426	-0.04845511340578	0.0247114785009768	0.123230117464533	0.159845135274164	0.372903103415484	0.323271552905782	0.0104215764407712	-0.00187094522446392	0.0443459981625254	0.181475023284001	0.0194837533043864	-0.0344846787679453	0.234815462150152	0.279006605742772
bio19	0.155662759495793	0.133371389914381	0.0871675719990382	-0.0788369440571766	0.0672810946660139	0.289227895139861	-0.136692812407292	0.0338248380105147	0.0274023567635317	0.093255748427658	-0.0760324736914311	0.139447633787717	-0.213412662462462	-0.0459900445434972	0.063610940485748	-0.10008172234934	0.108074404957039	-0.0615781021347693	-0.169281823695341	0.101789712546121	-0.149159876943735	-0.0293984766164922	0.0151184334844186	0.00768533149178019	-0.0658710945571358	-0.104099678840773	0.041225308510541	0.0491977674820507	0.0154560015233361	0.272076856735542	-0.166120649181694	-0.10684047913706	-0.362588064973914
wc2.1_2.5m_srad_01	-0.11628967399421	-0.0705014188124518	0.219097201338176	0.0929698547572264	-0.140485762259817	0.13217212956448	-0.0606834957519713	0.116563091415489	-0.167630181143072	0.0122378129793447	0.0743295941056372	0.0943047919858168	0.187068461146817	0.0481497721461399	0.0412409890562398	-0.150209370462526	0.0443478437095677	-0.04721488745442	-0.0298699512892123	-0.0205463612388922	-0.084937070219954	-0.0989601627630425	-0.141890678715663	-0.105636881499019	0.0394478353015717	-0.122552093653423	-0.0129004735942779	-0.133024505209533	-0.126688918753939	-0.0906763701451147	-0.0881155408421734	-0.104586495536057	0.316173910786755
wc2.1_2.5m_srad_02	-0.110761211483909	-0.0657318506373611	0.225158816782409	0.137149543245892	-0.117225175015318	0.0835867782530836	-0.0077985605755563	0.123212126200327	-0.168476493545768	-0.0365657666170234	0.0179086875712701	0.135483667615719	0.0643068926962377	0.0385290654414457	-0.0866020356163184	-0.173140557126063	-0.0466967627857106	0.129832259780539	-0.121441152748104	-0.0606886390682073	-0.0610774696017218	-0.210567095033348	0.0117054696485402	0.272633510692602	0.099354390166448	-0.0148684584319755	-0.0257902117532621	-0.200502464470659	0.13332277734743	0.129954389937681	0.0463315172941494	0.0824959716417344	-0.38451330647314
wc2.1_2.5m_srad_03	-0.101642271726308	-0.0414349688802952	0.236577728754209	0.159130058131394	-0.101510565859719	0.0761907257355587	0.0711385458685807	0.0509167970934152	-0.187525834141066	-0.143800889729891	-0.0258583104419483	0.0908591182619742	0.0362092823504588	-0.0375063659133607	-0.0311337484088599	-0.186011131454346	-0.0172973147439686	-0.000548554722475174	0.136591370759788	0.0366653321928043	-0.0304310954076154	0.0520640850714482	0.130796708195499	-0.0233007255915366	-0.26056504164775	0.178065991009705	0.064604409553385	0.133709842780386	0.0354813009121334	0.0186107658072506	0.0557557253984161	0.0503507844870067	-0.0453028743327431
wc2.1_2.5m_srad_04	-0.105233787792664	-0.00313630737598992	0.217192613273736	0.220260435702286	-0.0631173402623311	0.0929140048370942	0.17616203665018	-0.015394205401623	-0.188305353888123	-0.16078776250005	-0.128132031395067	-0.0195851428699946	-0.174901730249532	-0.0680814040396074	-0.231320006854519	-0.194064793079433	-0.100853390320236	-0.0594734206992563	0.11631145682877	0.174211580672875	0.144308423446746	0.0709995098920088	0.153812190128338	0.0164303693311122	-0.0392829834440091	-0.288295888051612	-0.230565770485438	0.0634233327980765	0.00634594178774469	-0.0806469838076805	0.0906580775229771	-0.107682593779249	0.149151535322985
wc2.1_2.5m_srad_05	-0.0926486353019407	0.153308999485886	0.0670625117549536	0.30513584317293	-0.0884846878190253	0.0810371557838997	0.239472045629274	-0.040975693878825	-0.169670400055324	0.106431955786697	-0.0630676953048156	-0.235293651276677	-0.227984202667342	-0.0316683542067068	-0.0936488173593177	0.119129763433877	-0.0172380257502993	-0.00464699693108106	-0.0729248351094974	0.0399216246621012	0.0722477292769326	0.179518156145587	0.115393657638015	-0.0905049351262935	-0.00302851498066935	0.2030513509788	0.192013335177955	0.0642194766696688	-0.118584035194526	0.0531281150344919	-0.257450415271856	-0.126104787117861	-0.0117864670204925
wc2.1_2.5m_srad_06	-0.0109706737216904	0.224998463824568	-0.0636634524395202	0.185910448052254	-0.141987656795336	-0.0262575374054057	0.147825726242191	-0.00212411488145157	-0.140028885195097	0.0820809362991029	0.192874653647315	-0.134368287122521	0.0935709916026852	0.121925467276267	-0.0428961379273468	-0.0720530835199351	0.0706214970755188	0.161839094310418	-0.157663637328265	-0.0817567687799837	-0.125519778094786	0.0288526036995062	0.0782003706412599	0.0777808588403522	-0.0372622292115226	0.21215235098408	0.196044350244291	-0.1230370954638	-0.0912288306339735	-0.120891427319799	0.265437600595527	-0.0319733740481018	-0.110043099276884
wc2.1_2.5m_srad_07	0.0773002790726414	0.220681531184327	-0.0870695721114516	0.0149670901151546	-0.129512264103121	-0.0254336784638841	0.0606130126068738	-0.166404607020592	0.0386639567072534	-0.081287196745766	0.302237054681331	-0.0372823964352161	0.203889852876104	0.0256426460616561	0.0114542298190442	-0.132647132633051	0.0901487787904037	-0.181835190377113	-0.287524629676154	-0.0384243572149977	-0.0677072209279816	0.0700285530058423	0.0011913317343578	0.0341722609096619	-0.0687716593317652	-0.129984184649584	0.193814236981564	0.251225029522101	0.18171283271147	0.022778145716594	-0.14077986640416	-0.141792136084022	0.0678634990258387
wc2.1_2.5m_srad_08	0.100107850549372	0.218508785894053	-0.0343815235950901	-0.0044930606845888	-0.126231406596004	0.0229558688808457	-0.0114073944321736	-0.21182779538299	0.0783173822775291	-0.142615645942462	0.258948069214734	0.0475266581244748	0.180121853208226	-0.0892680255537869	-0.122977191524342	-0.108897474265584	0.313227806940469	-0.328134775927785	0.106569553191137	0.0289244241855737	0.179966476612656	0.142500341964153	0.0544533768769257	0.104214219561261	-0.272328228017074	-0.0600259015461361	-0.132555493983946	-0.209458726200945	0.0368139798437884	0.0400402733312247	0.0399575320541885	0.126066058778661	0.044746776873638
wc2.1_2.5m_srad_09	0.019096356399809	0.165084846088328	0.159087622663397	0.0758577235226113	-0.112974901775163	0.18646169415268	0.100751192179741	-0.442302151515354	0.357017399111284	-0.222155840277246	-0.00160132909834213	0.111300750911096	0.110980849071705	-0.145136311169931	0.186022330035915	0.026372150984381	-0.191957482723701	0.251061659754427	0.165439262615281	-0.10724095374703	0.0381787826746442	-0.12003903710419	0.0431839690990908	0.00367296538081032	0.0833052040375588	0.0610241021697542	0.0660288910444757	0.19968457130273	-0.126258147063766	-0.0439770295905554	0.0207514662617603	0.10263425823427	-0.106961929315489
wc2.1_2.5m_srad_10	-0.0838822934017177	0.105421241403689	0.187024559896124	0.135834192401411	-0.12530926162903	0.313720073773242	-0.0250771287446983	-0.178414299932673	0.166864838907366	0.198640039046608	-0.0526112548889179	-0.148517765162914	-0.0781647627151739	0.117779577441696	0.00211973399280096	0.340674725039661	0.0784183987552032	-0.0575394039929605	0.0462562237202176	-0.140945035994742	0.183882086808031	0.0549133170397378	-0.0359189766626914	-0.0413108521238413	0.233534162736732	-0.073421602887838	-0.143358810812903	0.0517243572720926	0.163630219090706	0.057431612242653	0.0687490451265095	-0.150146862189722	0.0160659755222456
wc2.1_2.5m_srad_11	-0.11777280876705	-0.0662619068535673	0.223506236766728	0.0460604893690127	-0.11531154898486	0.188673667983521	-0.0866377365653544	-0.044580987181565	0.0247522189664722	0.0990336739915957	-0.0264984452768146	-0.0398178539474402	0.0984536560337202	-0.0062528615613671	0.22282244109664	0.0419866352972049	0.158332337196881	0.047725912184397	-0.0697239799910348	0.0656623117132399	-0.108949543365451	0.0467785169528042	-0.195979271383145	0.0662641496950653	-0.0464751564314905	0.13415526593307	0.0820115002575908	-0.154070200476015	-0.166636878130711	-0.0640573344920869	-0.128720460781074	0.129558214467113	0.126114989841999
wc2.1_2.5m_srad_12	-0.119438546513209	-0.070746036437707	0.220766782990679	0.0546592425005692	-0.133381468110068	0.16568852232094	-0.0816167383388025	0.0392741241206178	-0.0464443638455761	0.0574276891698452	0.078939276296837	0.0141735327134336	0.186549211314277	0.0445663947852952	0.115769323545933	-0.0135690311556136	0.0732086664845278	-0.0622494497814493	-0.0220414843850684	0.0136978382727892	0.0266248312194732	-0.0299628569779945	-0.150927600798917	-0.00378854900869664	0.103101693929304	-0.0782374457948258	-0.013317843482685	-0.0317928061852529	0.12417191997302	0.00983567891065644	0.00298390482651121	0.166299998387618	-0.038262070064345
wc2.1_2.5m_wind_01	-0.116938665803592	0.135162179079482	0.157476573834274	-0.0436328818678148	0.0125681105451724	-0.209206257562444	0.0177508590007276	-0.00683202182198983	0.114679715031414	0.436456065512334	-0.123232489996907	0.417394994790215	0.189942194543456	-0.207571152752576	-0.454131688463584	0.158934038620219	0.119993208747398	0.104045082798071	-0.0748684045892637	0.0599444997208875	0.184154673405421	0.0139212533934917	-0.0893698647405996	0.0846998618847788	-0.0106648522798652	-0.0438604447391416	0.107759569955132	0.021954523902594	-0.149895180799422	-0.0472671640246922	-0.106614144169043	0.0339132046898059	0.0098892582620431
wc2.1_2.5m_wind_02	-0.122519546772927	0.110921758753988	0.177893843663053	-0.0829529466745084	-0.039710398962126	-0.220647184654008	-0.0738414830876077	0.0623271116940527	0.140756034303669	-0.0970153511649703	0.0681925682495835	0.341790835891875	-0.00406294388732756	0.553777043520882	0.086768207987477	-0.0453546907477587	0.0223758446644526	0.10225081052563	0.0751817737802941	0.315624249839563	-0.050454707605502	0.148293414656318	0.246272922925595	0.0297393793342959	0.106175410524558	0.0421783122785043	-0.0199833663274584	0.279153411699018	-0.0483855864419108	0.0148307570736288	0.00676845519421887	-0.0804449255885237	0.00759030613340011
wc2.1_2.5m_wind_03	-0.118818638269418	0.102300072639319	0.202230695827185	-0.0533399232049183	-0.0375454737717036	-0.140529318958901	-0.102542704177139	0.0311810965067126	0.171349694239287	0.0338907916061358	0.387181008875473	-0.118867100086002	-0.176474711618987	-0.0486645675544808	-0.140647273397685	0.204624932039179	-0.43901753698062	-0.167150614724278	-0.0280323291459252	-0.0273428184659606	-0.225723870391918	0.257269572160004	0.091735047536816	0.135823278944711	-0.0323874450830735	-0.0801243360336773	-0.167312856493158	-0.258208797706043	-0.173073973093843	0.0219944248184974	-0.0617445407630314	0.0582810327551837	-0.127967070638157
wc2.1_2.5m_wind_04	-0.0985600053508185	0.151184401097484	0.174246352668104	0.0614558199717539	0.0865452707167903	-0.159069177601185	-0.127612467358425	0.0682834533844214	-0.0180343711465016	-0.253219414105345	0.248373688566942	0.0815902354006341	-0.237634725137731	-0.0889521437563953	-0.197966484164123	0.0674516125884342	0.221848611248555	0.0781457548142972	-0.274067704219701	-0.286565627139088	-0.0971727574096934	-0.272517213347746	-0.0614973434787876	-0.350881169324075	0.124543196036581	0.156039375624823	-0.232512678505333	0.137289688192499	0.0165437346041333	-0.0379478926841462	0.101209231702669	-0.0017203893491662	0.106283339900615
wc2.1_2.5m_wind_05	-0.107664399978843	0.159986525246715	0.139043165740519	0.0105424771254369	0.127984690106769	-0.231565573998064	-0.0812852840582561	-0.0752221027715334	-0.0748879539718322	-0.349458372971679	-0.207163665584801	-0.0220145457992545	-0.160632599702645	-0.0290541520358874	0.231553242265231	0.210040831221249	0.296252807287054	0.213294775511418	-0.0354100316232344	-0.100130420599087	0.100526711639967	0.0593843264881863	0.143842675991819	-0.0180507609807517	-0.1242231611703	-0.304188929594497	0.201548498804742	-0.306667013488202	-0.0255563977016145	0.0178576070335003	-0.158738157801466	0.101012204187805	-0.048500125810157
wc2.1_2.5m_wind_06	-0.0947238910668069	0.194145654393571	0.135287602468321	-0.0520606418711297	0.0897192355893242	-0.114726972797635	-0.035658783135198	-0.095385588386364	-0.121808691144207	-0.00413968795893759	-0.037764564973924	-0.11694652674249	0.0465228333531511	-0.043891723456694	-0.0373403602368847	0.0910957201155813	0.0216675860945195	0.218680771842729	0.266520220064075	0.142200704285213	-0.415514539663189	0.237417489127025	-0.495891580167796	0.00397091497613691	-0.13473587515565	-0.0873556198901059	0.0151195254809236	0.0735984647392353	0.269332430209193	0.0880787536224027	0.164073168234874	-0.0741372802135645	0.0766326161840506
wc2.1_2.5m_wind_07	0.0040700011949269	0.209540771715261	0.105507180313776	-0.150443992195585	0.118719292808871	0.00746575750336633	-0.173076771033626	-0.138036155360507	-0.201626747168523	-0.150282108479827	-0.354136715136551	-0.0158540160846919	0.373052054190023	0.0346799118205906	-0.149463792524543	0.0010057036307541	-0.465309650158547	-0.121185909470002	-0.203830283097911	-0.16508097535123	0.0507229742973816	0.0552082429224662	0.114711466507253	-0.154530399925843	0.0620053070067402	0.019278981883499	0.108250259456987	-0.0682666473864822	0.145284616560039	0.0264643093025177	0.0588908671476303	-0.0297299369239756	0.0631737537910996
wc2.1_2.5m_wind_08	-0.0504243794987674	0.215826096861366	0.0637177469027816	-0.197526369636282	0.021281471994989	0.0102616496147676	-0.20388811832229	0.106053844359605	-0.14916689961036	-0.120531832817617	-0.0626706300692669	-0.211703380965716	0.0447167912376285	0.352001220808896	0.049554713276773	0.0227831807839072	0.0700791815215255	-0.13930668007663	-0.0576883240810165	-0.0573659296888138	0.339393843610594	0.0186671353587886	-0.229034772737519	0.275020693010835	0.0277133593705703	0.122391439649978	-0.0549718456389269	0.0438453588912478	-0.228280665572192	-0.0209070136045311	-0.0226508783367404	-0.101073758120264	-0.0505801153237761
wc2.1_2.5m_wind_09	-0.0431170111662336	0.217232421947604	0.0713518169672947	-0.203620774722194	0.0983832389346163	0.00909363424546594	-6.9248795071634e-05	-0.0104368233476931	-0.153334206800702	-0.0142670881964794	-0.0221690862403958	-0.328920293064958	0.222985369600327	-0.265581132783666	-0.0381269796325731	0.115517770824479	0.148308225659187	-0.0629797007146469	0.142429865361677	0.351749735210058	-0.235698921315384	-0.405636369434328	0.254410255446189	0.133636117469978	0.122348398693828	0.0541105127330302	-0.134368049759085	0.167266611568897	-0.180113923596216	-0.0360055453451736	-0.0793323069910075	-0.00895300359302922	-0.0562584175001925
wc2.1_2.5m_wind_10	-0.0935953803965946	0.187915258192	0.105541057771333	-0.152321124028982	-0.0170440494821559	-0.195587654871448	-0.0588228142360106	0.032575739472141	0.106135813717266	0.0936346665940058	0.0150756042177698	-0.167706165195455	-0.173202868831427	-0.328262844672624	0.111730323091274	-0.555924751763341	-0.0183551444736957	0.0864854712744395	-0.0085324788896778	0.105334640154862	0.294218807908574	0.186543773624343	-0.154528547215368	-0.0908168385428247	0.239774829376754	0.118943897323002	0.102700130485419	0.0325305321236122	0.0607470411478838	0.0113330754630475	0.0229240184275154	-0.00729733901680181	-0.0596265814846414
wc2.1_2.5m_wind_11	-0.0666031034344005	0.207978635194938	0.0789509431627168	-0.118134085787599	-0.12039204337654	-0.102830326273797	0.224970563214844	0.119850251966293	-0.175051020395617	0.14289967523323	0.20197464728691	0.164646539976923	-0.151918591193196	-0.0655629426531973	0.407167447204397	0.234060580824914	-0.266519895656463	-0.170347158868606	-0.0107347099072315	0.220113412394666	0.233653352109527	-0.329820861203343	-0.058227153757526	-0.09120804275347	-0.0793329539918747	-0.0405240639943099	0.132891346847724	-0.0714104584190476	0.192178052967822	-0.0159769776010208	0.0808459388787703	0.0425392527413386	0.100263177359497
wc2.1_2.5m_wind_12	-0.0688028532697967	0.199225023579721	0.0954723691303217	-0.158561566782835	-0.10961586199175	-0.155953483449029	0.0189715866754758	-0.0870976695730281	0.00406304205061065	0.407505441372535	-0.192983530513487	-0.0667462253155291	-0.11173479123357	0.184604966269427	0.0890218017170599	-0.248536956194892	0.0737435966476045	-0.12716344230859	0.28529605621593	-0.474720596923537	-0.155875989069307	-0.1840750448744	0.181100165467863	-0.040316507459485	-0.14942869656881	0.016552541773869	-0.142797804674126	-0.0310436520444346	0.0644254820101828	-0.0051072771498049	-0.0360983087676365	0.0555172864999709	0.0125060434483792
wc2.1_2.5m_vapr_01	0.176370697068073	-0.07053290208563	0.138243090381799	-0.0980745515694199	-0.137642833902985	-0.0928142074130934	0.178206148209419	-0.0454347844932391	0.0396173143731104	-0.0742650871789458	-0.107026608793005	-0.0265536799482682	-0.107451775574682	0.0689201463977331	-0.15089140954552	0.0692601300839089	0.014809509086407	-0.0632547154153096	-0.110586520952237	-0.000148127675722819	0.0426601754697979	-0.152864399839373	-0.101733246387125	0.180779832805975	-0.0744759243053764	-0.0497761340591037	0.0217980541999597	0.0935408388575955	0.150543163205614	0.010728422932383	0.169778616401346	0.0428407775115904	-0.0226120398772543
wc2.1_2.5m_vapr_02	0.18579518175348	-0.060769525056507	0.118328724908121	-0.109699629629202	-0.152940528885977	-0.0650086933576815	0.182667862800099	-0.0661836593727075	0.0396014091566666	0.0215754310501488	-0.108175364746142	-0.0851604363109116	-0.0411560500727633	0.131054775737512	-0.0784006028326225	0.070674004187636	0.0523774124827341	0.0240533029412388	-0.18726168526457	0.0633282228851466	-0.121944267196381	0.00234462502688141	-0.0257165972513593	-0.033263170274111	-0.0461274379292565	0.152375226715379	-0.0220788907763365	0.0217243594020337	0.250817804089765	0.126453542683524	-0.153892447428914	-0.0346259530105522	-0.0207911283858382
wc2.1_2.5m_vapr_03	0.203096541906596	-0.0180607243317516	0.0905743641592145	-0.104784990539056	-0.147682644945082	-0.0345565912227397	0.175442705838992	-0.0817801707423723	0.0636969577684992	0.0403266964733123	-0.0529054885003419	-0.150816637813477	-0.00383307214920069	0.166902828360685	-0.027287339074164	-0.0214180588567234	0.0407235545139595	0.0718302402041371	-0.135351842135287	0.131513958170586	-0.000225376049869729	0.0038877897466852	-0.0465847334424345	-0.158137175964687	-0.0269535039478725	-0.184513804863668	-0.0645247135010765	0.0194865480334815	-0.127968801086397	-0.106264653593284	-0.0236889396039469	0.120577931302963	0.0366565799308936
wc2.1_2.5m_vapr_04	0.215340039055398	0.0343890534162043	0.0533130946568898	-0.087226486247745	-0.12407994411327	-0.0234667339171228	0.116894174541632	-0.0400152265464687	0.0818235575418447	0.0345618017951893	-0.0466417182294959	-0.122303964019812	0.0429996905907933	0.116928512109379	0.0091327744522415	-0.126370557578953	-0.0239104593428727	0.196730911250644	-0.131362367650966	0.101420627976376	-0.0517459627581748	-0.0073134503498911	-0.0457079170946502	-0.130937162061945	0.0892623030284398	-0.0612760194307757	-0.14798050295531	-0.2269032176903	-0.229392400368553	-0.0669886064847841	0.0444117761646483	0.104982472760315	0.0929217674280747
wc2.1_2.5m_vapr_05	0.215719771022893	0.0533812155338629	0.0674533529293426	-0.0278157985238291	-0.0784354339338904	-0.0606373739989872	0.0969432728083507	0.0632747872542356	0.0566649308511235	-0.0147021869165079	-0.0101486610874839	-0.0603538757564531	0.048867263456171	-0.00645278559400242	0.0232919001583708	-0.088909085098869	-0.101855901799503	0.198781232664736	-0.101546458860838	0.0794863672745808	-0.00327105860048765	-0.0364858321127081	-0.0169909911097894	-0.0267234836702549	0.0483311579720568	-0.0532792936718663	-0.239573950666788	-0.183495593614082	0.0541939496318312	0.133042637156878	0.00302999570371089	-0.0668491386255617	0.0504501710477451
wc2.1_2.5m_vapr_06	0.20306302015387	0.0816601514479399	0.0877112911848494	0.068090895670642	-0.0247238230538519	-0.0339325050859046	0.026209701541313	0.168690338548352	0.0748921458591686	0.0109820471124468	-0.0046959355317017	0.070428594510232	0.0980412010489537	-0.0948745696370337	0.114178916500934	-0.072037267402368	-0.0525659254299104	-0.00924309903593877	-0.0592612048079487	-0.141799477161222	-0.196261532635045	0.0244177344073708	0.147939998124693	0.0745980649349752	0.225396878398909	-0.195601224368811	0.215723826558704	-0.0191231462890428	-0.0797328922405501	-0.0600834667079593	-0.0875881308116101	0.0242292373972265	0.123884188348277
wc2.1_2.5m_vapr_07	0.169534051333537	0.137708395070516	0.0466569717137867	0.151819281939521	0.036573247254858	-0.0488528525327439	-0.0138282934629863	0.312058134971049	0.109265802725626	0.0223701922516213	-0.00752230356827004	-0.0559715416720671	0.152799114818897	-0.139270713947144	0.130607284032771	0.0566185731340903	-0.00076161103055083	0.190201596467304	-0.0708381180797288	-0.0892654526594411	0.107246168108456	0.0354683440889263	0.0669607528366852	0.235088948157371	-0.163198120371903	0.0255816586349868	-0.121052611375841	0.0473577113483015	0.076353231377268	0.106912802566022	0.0828087443813855	-0.0723506834071191	-0.0504407913232696
wc2.1_2.5m_vapr_08	0.172575526769957	0.135119516040062	0.0451040909338288	0.159086797816994	0.0327282093029281	-0.00635260951256742	0.00414532949914694	0.300927745769473	0.0544340241340459	0.0247632371245196	-0.0653686226579892	-0.0525909142472828	0.123560068447179	-0.0617231763607485	0.0809889724533548	0.073344727091242	-0.0603889888286625	0.129350738589169	-0.0260109704687699	-0.0754947464706107	0.125518522107953	0.0419686387844255	-0.0281896410378457	0.0174246192117319	-0.226925222379636	-0.0845726622536603	-0.231341273235226	0.197987808252162	0.00678652807051853	-0.042053384085984	-0.140984240913141	-0.0935740449301402	0.123303929604603
wc2.1_2.5m_vapr_09	0.193721590253857	0.0538483369944123	0.113831770774661	0.101431513580543	-0.0338699685661117	-0.00767247967798939	-0.0200614804850381	0.316585200720158	0.0517580864048853	-0.00293424812011084	-0.0105288206918978	-0.0070020780839166	0.159514036251611	-0.0521171546964344	0.0777735362393409	0.131301092565141	0.103725473648536	-0.157307433132167	0.18078499341278	-0.0802113083223027	0.0301809802865576	0.17478683816979	0.0210007622055442	-0.197749509973648	0.127322347290919	0.0246730666889654	-0.0783291061768851	0.145456091366554	0.103070272155987	-0.104510607003606	0.11760926834183	0.230425566770778	-0.167523516748464
wc2.1_2.5m_vapr_10	0.194451049528803	-0.0347506284823476	0.139019678533391	0.00979657573407856	-0.0896538215993076	-0.0815245658891077	0.0140091898720082	0.191809698643466	-0.0204746349254765	-0.0844622516494996	0.00447458414253139	-0.00098693131945098	0.0483025470032879	-0.0168843255710354	0.0104816928089648	0.0579024925472165	0.035089213754521	-0.199512921526769	0.26836004937766	-0.0625314484280527	-0.127405056697584	0.142061050123802	-0.0158408797799455	-0.173741291903085	0.216089797754919	0.102134089479027	0.22985384118269	-0.056336169056797	-0.0867737630457275	0.00843854358927352	-0.0510026853259332	-0.202508499586387	-0.102691784453196
wc2.1_2.5m_vapr_11	0.193527504724566	-0.0538612634788398	0.127089399653619	-0.0494567246469694	-0.105984272098536	-0.0998961522067571	0.106565653236889	0.0987708017353315	0.0235530955998875	-0.14284771687229	-0.0693614862230861	-0.0116236464662261	-0.0818065471122845	-0.0533910369957194	-0.124907758082189	0.0720858725787038	0.0399189586191863	-0.109331545634067	0.113869870950941	-0.0336064957286685	0.0308939857320817	-0.062536215445525	-0.107272787143344	0.0808580838296908	0.0418927321356605	0.0926840608593575	0.115745466564179	-0.0510393254569512	-0.106842872756253	0.0914862604097962	-0.0732055069068088	-0.052308801921795	0.0620676961592196
wc2.1_2.5m_vapr_12	0.179364877530144	-0.0778699494520024	0.140489877034429	-0.0640170607523054	-0.113558512667496	-0.108071666732204	0.120207052306717	-0.00396984263312832	0.0349362405669301	-0.157198801398431	-0.0753682180316911	0.0294532048148841	-0.0972009329963595	-0.00397512704191811	-0.145775916077284	0.0169096277952292	0.0102882701737116	-0.0837694954208333	0.172010068833822	-0.0891858990270388	0.0303062264405457	-0.115886604338437	-0.102307783456066	0.141342438491256	-0.0880854097483429	0.0671043550996107	0.215031301021348	-0.0297764136367278	-0.0567958363640078	-0.0961354617517729	0.0788312680743323	-0.0313629228452712	-0.0458151423636385
