id	PC1	PC2	PC3	PC4	PC5	PC6	PC7	PC8
2014-128-1A	-1.13828965652985	-1.24258643720533	-1.63105413470827	-0.148307007227916	-0.593870839670765	0.852382814079159	-0.0258005424671698	0.00812259460544665
2014-128-2A	-1.00677128685509	-1.16052993583914	-1.43106060761385	0.11673962508715	-0.94690501891546	0.605272400946013	0.306112099873123	0.0384275538791318
2014-128-3A	-1.90006112460038	-0.53816834055916	-0.0183759171537553	-0.0979471749571472	0.0709151701711758	-0.446041241558329	-0.401365124117008	-0.0538370536717901
2014-128-4A	-0.298482965614741	-0.491037872353002	0.23928166275525	1.05731050772047	0.0236707734835963	-0.0778606663334638	-0.00741104289056299	0.121857393657335
2014-128-5A	-0.696386841460343	-0.275482097537461	-0.766711058246816	0.0894448441299282	-1.04200302073034	0.194484262702745	-0.210466660332331	-0.0645730682029274
2014-132-2A	-0.728569111530012	-1.00170348511606	0.177939313474161	1.01398968166252	0.35082886295996	-0.314679216194333	0.224849701941074	0.0249146435504712
2014-132-3A	-1.50715844673909	-0.406710200978559	0.429255808470873	0.155970258509498	0.882243847936551	-0.369749328700149	-0.836765528283866	-0.0142364245264367
2014-132-4A	-0.158069605668977	-0.884359481170331	0.413031255224369	1.56251742377042	0.152525582355254	-0.277489302759434	0.533032598399862	0.0233406264743395
2014-132-5A	0.394403930796788	0.0738984922077894	-0.0826729132881692	1.06942205148333	-1.3001189617421	-0.0198308463380648	0.184280646289155	0.11720674534492
2014-132-6A	-0.0279502034597637	-0.479807094182115	-0.457991317772728	0.731726575454328	-0.248964297788557	0.531901286830843	-0.255627120860201	0.118616130019133
2014-132-7A	-0.684450752650939	-0.033115530965966	0.395671007830431	0.765106475417919	-0.598334061542537	-0.458241317499531	-0.00759587472968431	0.0409361382756904
2014-132-8A	-1.34373823608536	-1.00044854864362	-0.316956542438796	0.433336891072668	-0.0164690505802	-0.0662175100391367	0.1241699927501	0.0314985608006487
2014-132-9A	-0.608876016594779	-0.719714570078072	-0.749552054520565	0.586989282457963	-1.04554947153632	0.251263112078133	0.394308927700345	0.0650472681373774
2014-3-10A	-0.431243533405155	0.10650620598553	0.288796861178323	0.874710666695263	-0.901707224669497	-0.230827609346543	0.0741987745621698	0.0392757484864504
2014-3-3A	-1.50741579515983	-0.541592157015799	-0.258054926149792	-0.082074971675574	0.056574834614822	-0.173331636581482	-0.519359775822871	-0.051988119580587
2014-3-4A	-0.934268789000322	0.037551164930646	0.481125101626284	0.603607109725144	-0.479692986406185	-0.548825340949313	-0.151614341069631	-0.0109068549057101
2014-3-5A	-1.46635733708726	-0.592509066857074	0.599664448544444	0.821692257468807	-0.22042361846749	-0.865553183953818	0.409602810063615	0.0781888165465274
2014-3-6A	-0.77780597996001	-0.259521479431205	-0.665372201202601	0.15915941727264	-0.866640697837981	0.328216669042163	-0.241133316793348	-0.0590114708613544
2014-3-7A	-0.593738980773656	-0.209198056869425	0.400799548727974	0.837837309886037	-0.468674796435888	-0.583837037119934	0.0538799501853721	0.0816743163489443
2014-3-8A	-1.04071254012019	0.0625507572248405	0.283236765947446	0.458796220122011	-0.905803824516406	-0.615760272675133	-0.0105117977712911	-0.0560977129961355
2014-3-9A	-0.948258289533072	-0.143696162967613	-0.118930948010849	0.321411666858987	-0.656028194629023	-0.130615517548083	-0.205158170720545	-0.043720566797575
2014-66-1A	-1.18056714138502	-1.49406266162001	-1.49096452224611	-0.00943916141190489	-0.169830197830494	0.740731169901205	0.0208448595492472	-0.013276615866004
2014-66-2A	-1.08193333503872	-1.0835570123314	-0.809477686084449	0.0230408015334757	0.425944584941297	0.388481824683265	-0.512006362628647	0.0198833685471349
2014-66-3A	-1.31218582414852	-1.20916241167414	-1.08619654356891	-0.120600459052263	0.395869646928834	0.693432203890035	-0.48849363279843	-0.00497584558919293
2014-66-4A	-0.866068664279018	-1.08126748792582	-0.616995502268518	0.55986159370823	-0.45245908015621	-0.022094905286523	0.354121953926418	0.0368153163749666
2014-66-5A	-1.68190104050319	-0.989563170484765	-0.668465119305401	-0.0485768423774625	0.0492248774131914	0.205853957013208	-0.218016398746032	0.001533580623955
2014-66-6A	-1.19893524520752	-0.616625492747828	-1.14389917455605	-0.189647328895844	-1.1644616686442	0.255803340517319	-0.0332769797857747	-0.0430260468767267
2014-66-7A	-1.42559541514869	-0.625533913749628	-0.971322374556481	-0.40789219790856	-0.118971831132226	0.514565374044616	-0.705764018709295	-0.119845911827974
2014-66-8A	-1.32779079232731	-0.670469321277685	-0.62770315041705	0.0260704548731885	-0.205532753979691	0.299400067392033	-0.310139576862517	-0.0197532662541105
DP1709141A	1.68990370123986	3.4828013423894	0.00775209394563508	0.19473203592081	-1.03946745914259	-0.0657541155748922	0.191612416592924	-0.417809874720739
DP1709144A	0.702591189148334	3.15819048546795	-0.244621760702578	-0.271509796670341	-0.746965982428644	0.0523120182868027	0.160530914977855	-0.630616092591719
DP1709148A	0.689736822015809	2.93520101961283	0.211324452339805	0.0322496436061852	-0.637101513887586	-0.646257301988973	0.485432432522653	-0.341356733182891
Gln2014-15-10A	-0.688196634422262	-0.651786860895001	1.88818916634661	-1.26215501753208	-0.170225820424417	0.14545534595022	0.0959348074442658	-0.197588036041832
Gln2014-15-1A	-0.97082765025391	-1.09217951213978	1.93025655526728	-1.11107836454192	-0.222696498688135	-0.23688890367675	0.588326874463279	-0.0760307596997828
Gln2014-15-3A	-1.09643189561258	-1.09862703070171	2.12486159362299	-0.973314963955285	-0.25588924868202	-0.380782112541519	0.767542953412235	-0.0528780551620606
Gln2014-15-4A	-0.504579355162316	-0.809780978625397	1.93769542464267	-1.12525882878835	0.0786970590447312	0.112597667433193	0.0947370027188921	-0.112002314167003
Gln2014-15-5A	-0.686138983756497	-1.30444686630919	1.803661248077	-1.27090243319481	0.912258062302934	0.194916054313759	-0.154401991502874	-0.0634891827500753
Gln2014-15-6A	-0.564181051578754	-1.22286947404999	1.34017471693173	-1.32030315031414	-0.060095681092243	0.364647106023403	0.238741990996464	-0.0943911776117535
Gln2014-15-7A	-0.37254041407415	-1.25872597486863	1.38031149194166	-1.18687366110962	0.0740606670523583	0.432496708192546	0.227061304109976	-0.0656527257426555
Gln2014-15-8A	-0.467524258892245	-0.881151661243973	1.80526362982146	-0.925040568824481	-0.563989974950545	0.0725240277784782	0.629819991291858	-0.0765572713914007
Gln2014-8-1A	0.0666118426708449	0.537112744695184	0.669499384919067	1.26542319985085	-1.28330847116093	-0.37330683406319	0.211447268577263	0.0596396381652395
Gln2014-8-2A	-0.0718520901357638	0.347042426790189	0.774318573971428	1.2888198593329	-0.93574661609747	-0.479346163980574	0.19316519048563	0.101359657110344
Gln2014-8-4A	-0.497228692878872	-0.0507056340348176	0.544309227434062	0.819622702338182	-0.280387737028254	-0.584108342544617	-0.179174579632293	0.0756723199731616
Gln2014-8-5A	-0.282313886726982	0.39722213744917	0.866170257394359	1.11126464424933	-0.774256290773533	-0.638583744697471	0.0159204177064105	0.0547385786673592
Gln2014-8-6A	-0.1958937097022	-0.123965712265675	-0.0247801098593395	0.780450402535776	-0.555371149740066	0.0725229663818618	-0.160261024658697	0.0812292606982962
Gln2014-8-7A	-0.967488412295214	-0.227600646520554	0.245361856297289	0.539812094544841	-0.412795906462823	-0.478308946839894	-0.0918794341305668	0.0249667594885904
Gln2014-8-8A	-1.55877518414484	-0.589576435786965	-0.217782008901935	-0.0204733049460312	0.0557039760469822	-0.195450680302798	-0.427274281469097	-0.0323504688673299
JLS-CY022-10A	-2.14964400084338	-0.865212942621524	0.0529959344488791	0.0558829366518767	0.332910289495571	-0.460453226237462	-0.167003295230167	0.0182021303184906
JLS-CY022-11A	-1.38283974402436	-0.460673191532428	0.0825835484539987	0.40951765154273	-0.354489875792331	-0.374437458120235	0.0219403293420974	0.0257378467587282
JLS-CY022-4A	-2.04390013568617	-0.590764470986761	-0.0262133487069557	0.0124427877361772	-0.159627936908725	-0.403758746353378	-0.12149935256097	-0.0123043118712863
JLS-CY022-5A	-1.86712176187096	-0.545104669231341	0.154510353995757	0.106002204458845	0.353869526396207	-0.262155151462277	-0.409509663992615	-0.0287577097797717
JLS-CY022-6A	-1.05129291735731	-0.11388306101884	0.141733357808494	0.2697164189028	-0.215102206590303	-0.313771156226346	-0.455745456026198	-0.0537242129173819
JLS-CY022-7A	-1.03960482016702	-0.644223713671445	-0.446039357866202	0.433612460705023	-0.774265619736031	-0.0404436138655698	0.236961351005445	0.0505640489339857
Sha-WS-1A	0.751265815429977	1.14607268810182	-1.47118066044149	-0.617356567155616	0.851921486685274	0.470303832745147	-0.0273247068886918	0.281594146000603
Sha-WS-2A	-0.255874490015882	0.773223222485263	-1.07821504439815	-0.29288893203746	0.477150754535605	-0.0817305938501126	0.994826956097119	0.279008277406014
Sha-WS-3A	-0.275538121734209	1.69027895527099	-0.182216386404916	-0.1784565979122	0.423425771502899	-0.465462494367826	0.665209597092076	0.0914230607818812
Sha-WS-4A	-0.14244571674479	1.44045561308262	-0.457181146150111	-0.299560813267474	0.700516793136885	-0.307038016743292	0.49423921642987	0.1658177367153
Sha-WS-5A	-0.846707162884306	1.07324606812544	-0.418286865225168	-0.326065624424517	0.887978440399262	-0.376772328781461	0.794497406254811	0.198234792763864
Sha-WS-6A	-1.12429402866165	1.17506471631745	-0.493432355357385	-0.763208240037436	0.852056258933294	-0.682462106414571	0.528259132410047	0.0409279486347653
Sha-WS-7A	-0.232627586063741	0.733870544961826	-1.75010164194684	-0.747640336805775	0.562927726639301	0.625941623909809	0.556819711427337	0.197577314187592
Sha-WS-8A	-0.398879430612778	1.28704520901775	-0.70717169894697	-0.548066440619519	0.806768231883527	-0.166623645900641	0.39614653401715	0.118633937417377
THP-SET_1917-1A	-0.554188782739512	-1.88164376555475	-1.01477635236001	0.640495540603125	0.471128677540537	0.175244877664344	0.281524231431112	-0.18274676393822
THP-SET_1917-2A	-0.607416700352185	-1.18196829459173	-0.281139141673048	0.603452223092474	0.714969137770039	-0.0597973394994719	-0.262339428643723	0.0420963494732825
THP-SET_1917-3A	0.401917105677926	-1.12294043951692	-0.179446065516106	1.27774824614253	0.435530334378854	0.0202988680623365	0.0813191257930871	0.0658627195463843
THP-SET_1917-4A	-1.39547707738861	-1.45318678982742	-0.57183635344498	0.347420867385508	0.277775928352943	-0.130301594152696	0.17360555562056	-0.0281686711675934
THP-SET_1917-5A	0.163177058433475	-0.819944096191824	-0.313410314898894	0.932823488133672	0.132822168019485	0.168425802696636	-0.147063117698814	0.131242022762865
THP-SET_1917-6A	-0.946273506602629	-0.414546252661878	0.54294112044088	0.692500097910771	0.0881283618266677	-0.775833537399714	-0.127473328794079	0.0746701470583089
THP-SET_1917-7A	0.598155775381584	-0.947955467736636	-0.801442214205753	0.759694212451204	0.454476187149786	0.747303429498106	-0.571926343808775	0.194269679454564
THP-SET_1917-8A	-1.53226619405885	-1.2574896027561	-1.73422741242548	-0.491287737146815	-0.902427188096359	0.484178182413445	0.0132850811998376	0.0346090198395819
XB2014-144-2A	-0.784361009617612	0.19144324351725	0.605054831415544	0.516328843935173	-0.0356703141573906	-0.456956883243973	-0.596005820945435	-0.038823082242224
XB2014-144-4A	-0.81295716173943	-0.185519741937586	0.373528759477184	0.374260005939641	0.412035724625864	-0.387881363219394	-0.748261055234568	0.0260553364725392
XB2014-144-5A	-0.857243181875779	-0.20119213985214	0.732474837441413	0.635140129846468	0.617814999795555	-0.550370769277865	-0.619943721271551	0.0758190004069215
XB2014-144-6A	-0.731798378050482	0.111536786640055	0.856769640196202	0.694122772019145	0.123644480111352	-0.735985865435543	-0.500021046427262	0.0327695971668497
XB2014-144-7A	-0.66716940745192	-0.131589437262957	0.817525799725202	0.61581379175961	0.689680969679568	-0.735443472146494	-0.761739940608963	0.090827353040639
XB2014-144-8A	-0.468962814200805	0.252009471284811	0.630815944877873	0.54690253030477	0.185977663022505	-0.385146281795722	-0.831968740200069	0.00128225719529558
XB2014-144-9A	-0.347051068751101	0.505020610186815	0.95590969663737	0.816083786207215	-0.297039804020672	-0.74089837378515	-0.505613561310651	-0.0111896595354923
XB2014-38-2A	1.96460362203305	-0.825010590455829	1.93794319281277	0.493932092715124	-0.450144225684835	0.772993514932668	0.85259356912254	0.20568880520927
XB2014-38-3A	0.995393844429818	-0.465090278574006	1.61086367168456	-0.648391540017599	-0.401577788041576	0.821608688327506	0.0181865816265689	0.0381025260188107
XB2014-38-4A	1.35956622329429	-1.06139281844983	1.38491619608278	-0.054256974017666	-0.81975817774288	0.753993930411384	0.941637869650585	0.080841546784392
XB2014-38-5A	0.399384619579472	-1.63332993874687	0.627801153449624	-1.07768038001663	0.283114878566481	1.35164253267773	0.101889680888431	-0.00734484715818976
XB2014-39-1A	-0.251687430415928	-0.136565930515511	-1.70319870610294	-0.278104568256174	-1.68731209710848	0.996096415325845	-0.410094231748196	-0.223319427118956
XB2014-39-2A	-1.15634673100241	-0.524290080268195	-0.204859406792146	0.161743763899639	-0.383137191272749	-0.45976821026557	-0.191955489164311	0.00917219592144917
XB2014-39-3A	-0.759378523410701	-0.166337335032342	-0.538302181937415	0.158026126865966	-1.1775063046474	-0.0983044090499141	-0.102192112616685	-0.0717471723254576
XB2014-39-4A	-1.75490097275034	-0.349763821143988	-0.237785035219691	-0.179686083260897	-0.515171564912115	-0.402003668077858	-0.296936558000894	-0.113430700849848
XB2014-39-5A	-0.777075455176297	-0.266262801628053	0.290241622979204	0.572133430143878	-0.182239230253127	-0.522375109811976	-0.227898222396464	0.049402331463591
XB2014-39-6A	-1.83622842829864	-0.386606420962447	0.209220578975649	0.188961713705827	-0.294685804127186	-0.55753216595328	-0.0717575064026927	-0.0183391278222405
XB2014-39-7A	-1.31767605220275	0.138609442628117	0.190115328444593	-0.129791511421251	-0.142722238269697	-0.506317652368458	-0.838283107762696	-0.255509048062581
XB2014-39-8A	-0.636922360552786	0.121190792370837	0.30588304782652	0.462553186707389	-0.503825422673733	-0.504005637328621	-0.39107638038262	-0.0435657410586277
XB2014-4-2A	0.304909945457064	-0.691981588462463	2.54949674152868	-0.474887893734155	0.866904059042711	0.215777235241229	-0.150725668894442	0.0956132189968905
XB2014-4-3A	0.610562767695214	-0.698937883775617	2.22336828953094	-0.5790185055724	0.409995896459413	0.140285642771022	-0.0744199367090592	0.0846124160549644
XB2014-4-4A	1.94393665299027	-0.220341363148398	1.68108723518522	-0.576014595609135	-0.160434723573236	0.762849230505286	-0.498466669075461	0.188535958304605
XB2014-4-5A	0.23891268995354	-1.32277216165399	2.33801918335343	-0.163557373535964	0.614531313230932	-0.0260375171593925	0.634737392876791	0.00366970553739643
XB2014-4-6A	-0.385269810639081	-1.4965351116998	1.31861694428758	-1.20881305139082	0.458103852738447	0.477363257333127	0.133378082538293	-0.0549222524388299
XB2014-4-7A	1.19757785398497	-1.1675384753298	1.25347282157955	-0.549511971927746	0.15697283544916	0.985255479751375	0.100828581070109	0.1271237408352
XB2014-4-8A	0.282845529074757	-0.907889430437968	1.44506247303901	-1.04285404307483	-0.0547044967794296	0.553337260382626	0.00323193094391995	-0.0302703848644256
XB2014-4-9A	1.61398400053685	-0.296003901676862	1.65841812894028	-0.460105320873098	-0.341582549412732	0.964824888146888	-0.169984700462114	0.145984209534181
XB2014-48-1A	1.18057422187837	-0.587277461581879	1.56163118212629	-0.508604792675774	-0.572480133753911	0.699552336915478	0.236734585335875	0.0781826958117676
XB2014-48-2A	0.515268556302875	-0.668610866754273	1.9552480915682	-0.594531409202982	-0.135431322534845	0.359301959369317	0.212160953105369	0.0293372478745779
XB2014-48-3A	1.06486812535155	-0.0385115332751148	2.07531559355458	-0.510794507465488	-0.774599641700785	0.32587058162958	0.11464931621038	-0.0279565499989117
XB2014-48-4A	2.24928329471484	-0.701874482143989	1.56933794310007	-0.110014163082431	0.055278573921293	1.03212440600893	-0.100349554883448	0.331395229778231
XB2014-48-5A	1.34256665075047	-0.200038626484508	1.63597950458069	-0.717882739222308	-0.111199813072071	1.10185268649369	-0.47157844226921	0.0690441259222946
XB2014-48-6A	1.39283686727173	0.273179233384105	2.13093376958506	-0.38068466575586	-1.11145777850997	0.416747472955213	0.124994503574698	-0.0550442438841932
XB2014-48-7A	2.06989999801542	-0.718615743223383	1.01798728699088	-0.273619823485644	-0.809970548119702	1.3196597710007	0.294853661924401	0.20280927983421
XB2014-48-9A	2.43328853412613	0.392267379389741	2.99914825340976	0.407324607804718	-0.0973446335316364	0.276923582709842	-0.21674535426082	0.391838152888109
XB26-3B	-1.92697303616608	-0.685334887615924	-0.193115618726788	-0.0875527625222311	0.129515408294297	-0.197960763849078	-0.35384006782254	-0.0321253706726183
XB26-4B	-1.46301996412294	-0.501757471801422	-0.60139028670427	-0.373395952574192	0.0487813432198725	0.104614143042091	-0.796300803218601	-0.131704748114258
XB26-5B	-1.07074718533815	-0.440281893003977	-0.283416326800786	0.334945179240117	-0.507324468581734	0.00240110986584968	-0.0875737381814356	0.00866828268615165
XB26-7B	-1.17597089476907	-0.797368591409581	-0.717218894928369	-0.0481377412318635	0.0873505686675371	0.304434744203887	-0.507476629858726	-0.00640079839579647
XuBo982-1A	-0.699210831350431	1.35066694333589	-1.04384295076535	-0.76193627545925	0.341732039125586	0.106559647767427	0.532234673025268	-0.034490792460757
XuBo982-2A	-2.05966477934003	1.15389471044668	-0.692965329054214	-1.55176431506398	1.81547487033698	-0.222674695646311	-0.319373512734712	-0.27766604005541
XuBo982-3A	-1.22530614959886	1.03601570288815	-0.78122579034055	-1.0658674696543	1.12575930613432	-0.49477217072147	0.236344205780904	-0.00535279329716198
XuBo982-4A	-1.54603907916792	1.26198007621888	-1.11514457926163	-1.65107626653714	1.59319653493322	0.165533781736502	-0.517952784198931	-0.339869852081281
XuBo982-5A	-1.40550984941126	1.21233623134694	-0.881164504751299	-1.51043663197249	1.71017147407597	-0.175743879146078	-0.474773903311957	-0.225380135535639
XubBo-1037-1A	-1.69293939752694	0.339322698549299	-1.65637688443881	-1.30302238457968	0.848484294811212	0.0541301322108098	0.670962418511004	0.124049424444972
XubBo1030-10A	-1.37495729706477	0.500461076388953	-0.970566297961516	-0.747491610757691	1.05431034290504	-0.292938585940709	0.836041449209672	0.209949752079129
XubBo1030-1A	1.44746118405439	1.69688993972663	-0.638649536264152	0.12488006706746	0.653166428070288	0.171168498801187	0.163047724264784	0.433844397498006
XubBo1030-3A	-0.251154839527222	1.46711481776633	-1.13789479174157	-0.656091347178637	0.165497392039825	0.232131901342732	0.49825204597959	-0.0119485747325454
XubBo1030-5A	0.217864989020049	1.27036827637117	-1.3507700984373	-0.502682768353741	0.404525051918408	0.577733537309277	0.411682170653813	0.167426564077438
XubBo1030-6A	-1.22092259209435	0.459280535020844	-1.34145475841628	-0.772871187550463	0.557356708519397	-0.0996741423559037	1.04409796523077	0.217776625628251
XubBo1030-8A	-0.584529623921054	0.602979032543824	-1.06141434357932	-0.267764242256304	0.463129733147928	-0.134716372826735	1.2221063575325	0.283993458575324
XubBo1030-9A	0.0601098374047583	1.48447583122912	-1.16179056770348	-0.51641271516528	-0.0168016560164539	0.194156567253627	0.598307431418765	0.0494492248884993
XubBo1051-10A	2.08798821007694	2.83452364629699	-0.566410366084194	-0.130141941238	0.356674402791561	0.65870619545789	-0.701443597949465	0.0880702126712571
XubBo1051-1A	0.952945813431294	2.00869082425467	-1.26181914183025	-0.62858287637052	0.195044089763515	0.62121235403234	-0.192034804304044	-0.0369944428328141
XubBo1051-2A	2.66474030382765	2.69923263510793	-0.979236941065423	-0.0986739216133265	0.0307157853734423	0.764878414061717	-0.629270372464493	0.224092289287236
XubBo1051-3A	1.57073184603787	2.84440825784624	-0.460984668043985	-0.323478962485672	0.271374434514181	0.325825137116917	-0.607160064476943	-0.136192478761568
XubBo1051-4A	1.61440133193505	2.65551508033837	-0.359315390040263	-0.0640786479646994	0.141894210072667	0.138547003100697	-0.245539677520908	0.0412095103792753
XubBo1051-7A	2.73224017358515	2.48709684360068	-1.43760614516392	-0.124316366586522	-0.784714137171301	0.628885997730748	-0.0982684210821641	0.162941225400604
XubBo1051-8A	1.15671240123297	2.90744363111806	-0.142559038688491	-0.228784424129846	0.319191920623096	0.195082721192937	-0.444620632643482	-0.203941113595304
XubBo1051-9A	1.32722231217675	2.35345195641775	-0.70772199316455	-0.076311836959643	-0.396855358840075	0.137925716825288	0.293302818221796	0.022800086291529
Xubo01402-2A	1.68228930424246	-1.88494310322733	0.214731596024066	2.69729997971882	1.67325657189042	0.317804242016458	0.629574503179697	-0.397645129050986
Xubo01402-3A	1.21031266692352	-1.92936657545803	-1.17929426869428	1.47641189119751	1.02240487547295	1.14871479047753	0.0721282947346207	-0.142965126953738
Xubo01402-4A	1.36333589312562	-1.65483573744768	-0.525397475607402	1.95241030036343	0.94925424185331	0.785670849531151	0.320716456137857	-0.1220991483069
Xubo01402-5A	0.303190124457276	-0.819793454374053	0.0907644563870748	1.49530533019067	-0.115402003371845	-0.100434180081262	0.424156826503146	0.0831388403986715
Xubo01402-6A	1.75866523915366	-1.48876359922296	-0.735787300904304	1.79123902857607	0.813635880276546	0.917871683311221	0.0151534777478215	0.0693601650970284
Xubo01402-7A	3.20439117327464	-2.65117807350495	-0.707659876461373	3.2809779068807	2.1404982693346	1.33202797956692	0.782492361183886	-0.779253101848433
Xubo01402-8A	1.94486686712482	-0.847315161019778	0.416664191560819	2.03579921473792	1.64672513450866	0.502580426285308	-0.666100100281788	0.4424438958258
Xubo01402-9A	1.83303085070133	-1.14467801664467	-0.77293600290941	1.4820290262262	0.575659582755287	0.841736279008753	-0.340871081610663	0.265467143696122
YLZB4703-2A	-0.994799608857167	-1.23403912431907	2.12348351029966	-1.25599225910458	0.808444290774552	-0.264492300432102	0.0034041414017565	-0.0815151067224479
YLZB4703-3A	0.880011352938256	-0.636985984120774	0.171225629067221	-1.67491079048734	-1.07669114350152	1.4302928683603	-0.327784645875107	-0.239172890915833
YLZB4703-5A	-0.0663576839848399	-1.02332710162426	2.22321921628469	-0.94374534308919	1.06040770779022	-0.0112131284325352	-0.314107405701572	0.0264336987221093
YLZB4703-7A	-1.24701676848607	-0.926594872490122	2.09619091116111	-1.46647885253248	0.436098135307639	-0.21945109338205	-0.0488610734044273	-0.182172456638291
YLZB4715-10A	5.61431394966188	-3.59139470468874	-1.11913875706175	-0.566924867069294	-0.106861447786081	-1.38934032183524	0.404758417311247	-0.334780857336584
YLZB4715-1A	4.45973885369633	-3.24445523781692	-1.95216188885011	-1.37527886610428	-1.60494759615043	-0.718253534171276	0.65990651244455	-0.189124278248538
YLZB4715-2A	8.68362543868732	-3.46887702742164	-1.08414813693833	-0.466221204248775	0.800945628344025	-2.30017987615734	-1.07124945201764	0.504622846926936
YLZB4715-5A	5.62961079326544	-3.00474530878107	-1.40366647542754	-1.62910826777347	-0.747476260707111	-2.0203339695584	-0.468737788643692	0.203772587791059
YLZB4715-6A	1.65464661409696	-2.8200873402401	-0.242019578338576	-1.41498470309636	0.318180915381171	-0.231160787693553	0.19642836526194	-0.163767272969926
YLZB4715-7A	5.6897481428149	-2.91371937562936	-3.03302606028966	-2.39715298463509	-1.88271287766362	-0.48484759807805	-0.660621715438561	0.272131921148331
YLZB4715-8A	4.06202239704381	-2.97308532183966	0.202112765816093	-0.295391819304308	0.356854819534193	-1.30420278397247	0.500045373331718	-0.234434692218404
YLZB4715-9A	5.44574235762054	-4.34634830258154	-0.93330716773035	0.0754389192660987	1.82980756269569	-0.308987096577321	0.347170617170672	-0.851673340458404
YLZB4735-10A	-1.20209518695195	0.0763085535560399	0.213729373989884	0.437349387954654	-0.801967314985146	-0.267209485700581	-0.0606030882051528	-0.0841978566239446
YLZB4735-1A	-2.60266048601354	-0.655397120531619	0.142916083589415	-0.22867105737032	0.204604873614021	-0.607279126957327	-0.287957381832359	-0.033545154736061
YLZB4735-2A	-1.65702098423652	-0.539115410553863	-0.49216320499775	-0.226696498952088	-0.0138295260003321	0.149348961876266	-0.569289415613569	-0.0981682500816445
YLZB4735-3A	-1.21199984736093	-0.698504255904524	-0.423367130217755	0.435381747331132	-0.728716692649725	-0.0143066299344745	0.295654065537127	0.0521063830332674
YLZB4735-5A	-1.09789903786093	0.0604904934769123	0.595478675046787	0.748585962586438	-0.574601414552175	-0.473217951970048	0.0493229244135124	0.00081992125665328
YLZB4735-6A	-1.18766669044121	-0.371495380821597	-0.011833733692394	0.335438424219974	-0.0954500226978999	-0.0615129704263221	-0.304935152539725	-0.00263850503802656
YLZB4735-8A	-0.841304112410751	-0.126938499250126	-0.180078422580352	0.410168012390677	-0.77260296403265	0.0203549009490055	-0.124403830446425	-0.0299478481149842
YLZB4735-9A	-0.69254301069648	-0.544628136940389	0.00979949386701295	0.572809691762498	0.188846938023638	-0.0794607127038342	-0.332334781261503	0.0764717182666303
YLZB4816-11A	-1.40570382745857	-0.448576612342503	0.51516215350936	0.884678330136247	-0.33351281967858	-0.458115833068609	0.397910283297038	0.067447818022922
YLZB4816-3A	-2.32713691747329	-0.991640250667404	-0.380277663525817	-0.280379755145354	0.229712512723007	-0.239229217678605	-0.27229880373104	0.00150198542879106
YLZB4816-4A	-1.2014618468073	-0.316969572385651	-0.394506925234831	0.0441139668996141	-0.546896619478958	-0.0112456397997593	-0.318906306536856	-0.0746509181600356
YLZB4816-6A	-0.952937341871407	-0.370744428113121	-0.361460494760882	0.337352074737219	-0.740355250063776	0.0123019276084739	-0.0350216058499545	0.00184143219018402
YLZB4816-7A	-2.09719232716737	-0.85724099153851	-0.755306266586313	-0.515484708877751	0.0748448341962956	0.106650833035002	-0.538407248760592	-0.0814243198914785
YLZB4816-8A	-1.8191143371538	-0.902562337650005	-0.582800642225415	-0.0839981664557561	-0.14377196137214	0.0278638610424703	-0.136932236852089	0.00525561044980243
YLZB4816-9A	-1.64803681283723	-0.720064916263377	-0.573607606312822	-0.177482879375715	0.0256510849108713	0.15815903376285	-0.460184928448232	-0.0484134299948792
ZXL277-1A	1.16712760757067	3.13974901363205	0.339049222042158	-0.125164056594417	0.510721679430736	-0.184408765302828	-0.56605545608228	-0.235989402129534
ZXL277-2A	0.756481828625389	2.67974365146021	0.724075863743971	0.278393789428253	0.403648037020428	-0.84812569101655	0.211424408993632	0.0372093527836768
ZXL277-3A	0.355011731480994	1.99146146570891	-0.441371050476798	-0.224167469312748	0.268406084260614	-0.0534534856552023	0.328899799613752	0.0330282372978176
ZXL277-4A	0.769915570150791	1.98560999431625	-0.212465627473496	0.171302479189771	0.068816861299065	-0.317423207551487	0.62804049811775	0.204076933822591
ZXL277-5A	0.926193789265427	2.65308293616357	0.564154167043991	0.232462226127767	0.924497545866845	-0.241364332867343	-0.197673488791579	0.142559806557103
ZXL277-6A	0.0962595926643785	1.87120529688063	-0.0258902109899779	-0.144743723858935	1.01225104738683	-0.198307810452082	0.135472886489756	0.145042622271113
ZXL277-7A	2.67640778041715	3.89691155869334	0.576566128174656	0.397298882252357	0.641742903420941	0.587465465942562	-1.18837888907381	0.0648884103438734
ZXL277-8A	0.24211790174365	1.70520671264594	0.511783382674568	0.369963308129829	1.01999823210852	-0.847734639340978	0.613945498405058	0.345103533389206
ZXL79-1A	2.29432459475198	2.89130916431452	-0.320275019220912	0.239643013399339	-0.263378713155961	0.165761788675907	-0.136756951003236	0.142761996872871
ZXL79-2A	0.62591859918159	2.40311947406354	-0.24838255086287	-0.129664887601685	-0.0970638893585947	-0.187474202724274	0.315987169155693	-0.0976380249056917
ZXL79-3A	0.302587617532902	2.46913708591603	0.100582319119029	0.0609700345456	-0.32654366362067	-0.510629120164783	0.683540144037019	-0.124350123126354
ZXL79-4A	0.77468480946463	2.85886452434501	0.377363916537563	0.325390490228979	-0.344297245997611	-0.373620779394857	0.535927535357103	-0.11689655962605
ZXL79-5A	1.02967587016331	2.84013266467995	-0.308153714196903	-0.0990398391294596	-0.35560180250003	0.18140653991286	0.107618489247557	-0.248887078833204
ZXL79-6A	1.57054533309892	3.56442848656912	0.55578631714726	0.455340818209026	-0.796637954536417	-0.3942842544669	0.27397712450817	-0.31710527315002
ZXL79-7A	0.475239814978522	2.34815779592302	-0.0725719881899942	0.115382510226079	-0.270915658985326	-0.267936856805155	0.682006374084556	-0.0211575760235872
xubo266-2A	-1.65028666309807	0.269668463773046	-0.72004931746908	-0.915493956679794	2.51941143463004	-0.074448418646896	0.108079681582353	0.218813242084642
xubo266-3A	-0.431649806963877	1.17777862747371	-0.664512344780413	-0.494809575180239	0.993616013384398	-0.152788098262108	0.401819417182317	0.17197791800887
xubo266-4A	0.529233086745555	2.63692666589424	0.299853365699873	0.116255877077893	0.179386247724268	-0.293934632352406	0.272667850833658	-0.0776604955921515
xubo266-5A	0.810580241810108	2.42622841285998	-0.371784332689682	-0.0582481450646641	-0.229109559965627	0.0220569439993747	0.357046370526304	-0.0650512362825847
xubo266-6A	2.77753351471148	4.4623042210661	0.973462027943092	0.58624984486593	-0.512821830456828	-0.251291583433959	-0.646087184616357	-0.378413738611898
xubo266-8A	2.67496068671928	3.24996050087747	-0.675862625438245	0.122064133383876	-0.569643807942044	0.792134960100115	-0.405254475735077	-0.0179414653146363
xubo266-9A	1.20852597498839	3.23081976411878	0.562622614163499	0.140282126203399	0.0322825481229066	-0.522329575373088	-0.133505285588105	-0.23528433132567
zhuzm1009-10A	-1.89223815990696	-0.970453391452513	-0.806395953479348	-0.0937608726857116	-0.65052046694852	0.0360048144513651	0.181590786612351	0.0549248160705167
zhuzm1009-2A	-1.84032754129399	-1.04077340841712	-0.577240571699203	0.158742536969747	-0.523840577508049	-0.0869267302247161	0.347519137831591	0.0708500658173299
zhuzm1009-3A	-0.728876282132897	-0.67341633124712	-0.86446734232656	0.323534772374418	-0.911229561457286	0.325510435913231	0.117961435472366	0.0381265013507569
zhuzm1009-6A	-2.28653459144742	-1.34711852664695	-1.31453936649559	-0.532400625528954	-0.4522423147517	0.254771968612159	0.0321728395126901	0.0733336016450138
zhuzm1009-7A	-1.80371607931262	-0.70114128617532	-0.379601138012236	0.104393775677599	-0.685424007933001	-0.234730881778584	0.204438707707905	0.0440383785461901
zhuzm1009-8A	-1.16081599983992	-1.24003240615458	-1.35471514646079	0.0259645852203404	-0.48347693070789	0.644541357448236	0.0748240228784051	0.0158221227813526
