id	RDA1	RDA2
2014-128-1A	0.478065216202755	-0.608059309785646
2014-128-2A	0.464986028014872	-0.524778530199949
2014-128-3A	0.301529280117452	-0.842958727498369
2014-128-4A	0.231686780313391	-0.0461012664097807
2014-128-5A	0.182824299367236	-0.387613771316374
2014-132-2A	0.395965033768829	-0.199125069377652
2014-132-3A	0.225369779949366	-0.615844832481927
2014-132-4A	0.35226447111661	0.092597242550319
2014-132-5A	0.0552228709125994	0.187945780483848
2014-132-6A	0.206511482040235	-0.0102524164195317
2014-132-7A	0.126869588656932	-0.259693582672979
2014-132-8A	0.426347251024713	-0.562310263021356
2014-132-9A	0.330510354230343	-0.293831245152041
2014-3-10A	0.0840716660552563	-0.169347030154018
2014-3-3A	0.277266963368067	-0.685188414028485
2014-3-4A	0.112534690365618	-0.377290193077382
2014-3-5A	0.334543884984169	-0.544463181596772
2014-3-6A	0.184463894313372	-0.41981046606708
2014-3-7A	0.169650352014973	-0.192585456832215
2014-3-8A	0.116872654616853	-0.453622879673147
2014-3-9A	0.1610907101099	-0.442446800474811
2014-66-1A	0.547109740588489	-0.58107380312446
2014-66-2A	0.403052037670247	-0.492971766365662
2014-66-3A	0.453418605336362	-0.62932522258205
2014-66-4A	0.432596275385064	-0.356676227560129
2014-66-5A	0.425843494320957	-0.775201182339549
2014-66-6A	0.309265501854154	-0.639227227063093
2014-66-7A	0.29115271360526	-0.733366920171895
2014-66-8A	0.319080943068162	-0.636092489743507
DP1709141A	-1.21131917975667	0.480861400239712
DP1709144A	-1.07568549518008	0.00624989266277213
DP1709148A	-1.00364502927977	0.0914990306808606
Gln2014-15-10A	0.298595517000752	-0.14142431779287
Gln2014-15-1A	0.452289627753474	-0.21672738987571
Gln2014-15-3A	0.469904249241906	-0.251322426174693
Gln2014-15-4A	0.330525775031215	-0.0280623828904821
Gln2014-15-5A	0.457447594497905	-0.0780940317986091
Gln2014-15-6A	0.451056821497651	-0.0855966010341231
Gln2014-15-7A	0.450848111665611	0.0150126104972472
Gln2014-15-8A	0.375913369403611	-0.016535227558136
Gln2014-8-1A	-0.048704871262739	0.0717995276382678
Gln2014-8-2A	0.00705899322963323	0.0402269873213884
Gln2014-8-4A	0.110623673114204	-0.146835209607114
Gln2014-8-5A	-0.00704540388989766	-0.0538186648192788
Gln2014-8-6A	0.122204270428297	-0.071989933656245
Gln2014-8-7A	0.187423861241922	-0.392687851813193
Gln2014-8-8A	0.297929772739565	-0.699586743176207
JLS-CY022-10A	0.415166816396148	-0.9187885029297
JLS-CY022-11A	0.278797626286635	-0.589585026607756
JLS-CY022-4A	0.340208457490537	-0.908807023489758
JLS-CY022-5A	0.30552957799027	-0.809507526857442
JLS-CY022-6A	0.143284601864534	-0.461738296809821
JLS-CY022-7A	0.322652562455954	-0.470579360552038
Sha-WS-1A	-0.548419401918318	0.100072702140884
Sha-WS-2A	-0.345346505363791	-0.2896964802335
Sha-WS-3A	-0.606630673145297	-0.289375956483624
Sha-WS-4A	-0.555943629612209	-0.232333953672744
Sha-WS-5A	-0.404405852166413	-0.527426657953932
Sha-WS-6A	-0.43835720943777	-0.676243977006438
Sha-WS-7A	-0.353413750029589	-0.367094279769235
Sha-WS-8A	-0.506645408457477	-0.371814974793478
THP-SET_1917-1A	0.617549864005153	-0.163213389129751
THP-SET_1917-2A	0.411388145743857	-0.179369125052798
THP-SET_1917-3A	0.360658570624049	0.315940408306362
THP-SET_1917-4A	0.54667052634063	-0.564361855283741
THP-SET_1917-5A	0.28525708313063	0.145829145787919
THP-SET_1917-6A	0.230309710266611	-0.320371043323213
THP-SET_1917-7A	0.279040388665483	0.302379947474048
THP-SET_1917-8A	0.499798755532722	-0.803244516206403
XB2014-144-2A	0.0411141724968692	-0.309181340117099
XB2014-144-4A	0.133628884977023	-0.309416478595462
XB2014-144-5A	0.147250756862736	-0.283792030877095
XB2014-144-6A	0.0620404630201185	-0.239608042305228
XB2014-144-7A	0.108070849221044	-0.185668735457688
XB2014-144-8A	-0.00345923634047718	-0.161321345608865
XB2014-144-9A	-0.0628025585669641	-0.0849987958007111
XB2014-38-2A	0.254361090074951	1.16157457803124
XB2014-38-3A	0.165001559634281	0.60942789646523
XB2014-38-4A	0.349638725671712	0.829792689737204
XB2014-38-5A	0.511016281554648	0.326020475939782
XB2014-39-1A	0.116740682375242	-0.312532627720056
XB2014-39-2A	0.267542395115614	-0.504387148057757
XB2014-39-3A	0.159959546665987	-0.397815050068304
XB2014-39-4A	0.248631932482795	-0.820064208882335
XB2014-39-5A	0.179152903961341	-0.289656338285926
XB2014-39-6A	0.276555305243083	-0.800008597694968
XB2014-39-7A	0.0648282584837737	-0.609720060278178
XB2014-39-8A	0.0600406244613611	-0.263602546418073
XB2014-4-2A	0.249136261359106	0.421411248255324
XB2014-4-3A	0.234797247763449	0.534134535169881
XB2014-4-4A	0.0210424501335375	1.05152126782331
XB2014-4-5A	0.454169940769031	0.442132887319496
XB2014-4-6A	0.509024975140118	0.0275828628982751
XB2014-4-7A	0.343837761639302	0.74193827793301
XB2014-4-8A	0.313100246224224	0.29903776340045
XB2014-4-9A	0.0801857069643224	0.893334967160973
XB2014-48-1A	0.196885328611297	0.710035943410152
XB2014-48-2A	0.249563263696323	0.448853961738294
XB2014-48-3A	0.0480407567469726	0.659830934551687
XB2014-48-4A	0.157947490480361	1.23594488964311
XB2014-48-5A	0.0546566890771995	0.745125367233955
XB2014-48-6A	-0.0497018547726076	0.788980253846634
XB2014-48-7A	0.194211790095177	1.08081697749264
XB2014-48-9A	-0.148652554867058	1.38427861076239
XB26-3B	0.34775546170578	-0.864946487352315
XB26-4B	0.250675673378786	-0.713880852779611
XB26-5B	0.254125654779698	-0.49060591929022
XB26-7B	0.332543792171539	-0.558629050231624
XuBo982-1A	-0.498420746958631	-0.569399797709452
XuBo982-2A	-0.425641428682333	-1.16062893003908
XuBo982-3A	-0.411655898867136	-0.747242591799386
XuBo982-4A	-0.490287890096887	-0.980153153886963
XuBo982-5A	-0.485591564191135	-0.872369958288441
XubBo-1037-1A	-0.172663660709623	-1.01029541148778
XubBo1030-10A	-0.224318855547541	-0.786346349956054
XubBo1030-1A	-0.718886729759219	0.479787556904093
XubBo1030-3A	-0.553825235968896	-0.37825263984727
XubBo1030-5A	-0.525914123520576	-0.160642918916916
XubBo1030-6A	-0.209219539785991	-0.754167325118065
XubBo1030-8A	-0.270612414245568	-0.427155193496462
XubBo1030-9A	-0.570070233283093	-0.231043766018614
XubBo1051-10A	-1.09644175162193	0.662483919708228
XubBo1051-1A	-0.795394073257556	0.123649135971601
XubBo1051-2A	-1.08770186806022	0.907067648092819
XubBo1051-3A	-1.07355311932071	0.430014816196083
XubBo1051-4A	-1.00646647403046	0.487678647768709
XubBo1051-7A	-1.01248898652203	0.913452822825387
XubBo1051-8A	-1.05938379250653	0.261993288862325
XubBo1051-9A	-0.883827191803075	0.34165140597158
Xubo01402-2A	0.517601816968958	1.07023167923499
Xubo01402-3A	0.535790603450797	0.662313882782843
Xubo01402-4A	0.466945416101759	0.790046786227763
Xubo01402-5A	0.305775193173705	0.267811504748131
Xubo01402-6A	0.388742624981685	0.934710296872186
Xubo01402-7A	0.646786215626113	1.77218190169557
Xubo01402-8A	0.17825401208304	1.09376530221694
Xubo01402-9A	0.27674746128534	0.927324542796341
YLZB4703-2A	0.458679363522514	-0.189306115502557
YLZB4703-3A	0.195414640071776	0.392197130185218
YLZB4703-5A	0.340601270342264	0.244620219492323
YLZB4703-7A	0.388732201853902	-0.350658733542316
YLZB4715-10A	0.68393519272232	2.93850951977039
YLZB4715-1A	0.681889987273162	2.22440606812377
YLZB4715-2A	0.395933477878157	4.43476842354939
YLZB4715-5A	0.478002917228807	2.85390730112442
YLZB4715-6A	0.720949357958749	1.00203059541735
YLZB4715-7A	0.459062787077794	2.64940271081315
YLZB4715-8A	0.625249413576212	2.26605890682775
YLZB4715-9A	0.898311343260461	2.94621872057176
YLZB4735-10A	0.124735422708953	-0.5487382314614
YLZB4735-1A	0.37628127618298	-1.14952064093422
YLZB4735-2A	0.285802876230635	-0.792102256153573
YLZB4735-3A	0.350345874722592	-0.546142788837593
YLZB4735-5A	0.128983151378211	-0.44747922228348
YLZB4735-6A	0.23086167948528	-0.522130668276015
YLZB4735-8A	0.15768311479412	-0.402506432122589
YLZB4735-9A	0.247794219507903	-0.258929353756335
YLZB4816-11A	0.29932003826937	-0.54930310476424
YLZB4816-3A	0.453500658819018	-1.04635074924407
YLZB4816-4A	0.214287632793568	-0.580813843924624
YLZB4816-6A	0.231924347353721	-0.450490473870136
YLZB4816-7A	0.393365157497012	-1.0005225408048
YLZB4816-8A	0.412806728139637	-0.83824378298225
YLZB4816-9A	0.339080620915128	-0.777138578083957
ZXL277-1A	-1.13178314234469	0.305104894343609
ZXL277-2A	-0.950514536700978	0.215050478499562
ZXL277-3A	-0.734514924442148	-0.0553072955842919
ZXL277-4A	-0.740238726339757	0.178810701791535
ZXL277-5A	-0.964479005973955	0.268843640528953
ZXL277-6A	-0.697784340473426	-0.116522630158458
ZXL277-7A	-1.42914918361798	0.964179551104788
ZXL277-8A	-0.641182709884911	0.0488860075069507
ZXL79-1A	-1.09780800584582	0.795419165055873
ZXL79-2A	-0.861242215408159	0.055979188439725
ZXL79-3A	-0.844054748251162	-0.0609047913732692
ZXL79-4A	-0.976473378641485	0.154405691752268
ZXL79-5A	-1.00591956512761	0.189237752757018
ZXL79-6A	-1.22242865586146	0.484109829868155
ZXL79-7A	-0.81734669135854	0.0110396270757525
xubo266-2A	-0.183770598142769	-0.869493683989452
xubo266-3A	-0.474650890759496	-0.370892625042204
xubo266-4A	-0.917789359950692	0.0489753240404034
xubo266-5A	-0.871891070896048	0.124372033875638
xubo266-6A	-1.57178336652592	1.01572317152314
xubo266-8A	-1.22138222572061	0.886320402084307
xubo266-9A	-1.13848987022804	0.34832510747135
zhuzm1009-10A	0.452042025200687	-0.892748590532649
zhuzm1009-2A	0.4760393057236	-0.82992894889577
zhuzm1009-3A	0.31007520372031	-0.372631635306435
zhuzm1009-6A	0.565518355919944	-1.10642989145642
zhuzm1009-7A	0.375523469982759	-0.824462316951048
zhuzm1009-8A	0.482269139448982	-0.582533747304764
