contrast	top_percent	trait	high_n	background_n	mean_high	mean_background	median_high	median_background	relative_difference_percent	CI_low	CI_high	block_bp	bootstrap_replicates	observed_blocks
FST_species	10	gene_coverage	5273	47221	0.169049573297933	0.26957292094619	0	0.1684	-37.2898536304849	-40.7362875689533	-33.8207905629047	1000000	2000	870
FST_species	10	repeat_coverage	5273	47221	0.826545780390669	0.61988215200864	0.9662	0.6456	33.3391803123166	30.3935044961098	36.1464354464543	1000000	2000	870
FST_species	10	NBS_density	5273	47221	0.113787217902523	1.07791025179456	0	0	-89.4437205961179	-96.776881503901	-79.5976637441639	1000000	2000	870
FST_species	5	gene_coverage	2629	49865	0.165540661848612	0.264427853203651	0	0.1568	-37.3966623247062	-42.0508348220611	-32.6625504134951	1000000	2000	870
FST_species	5	repeat_coverage	2629	49865	0.837188322556105	0.630279011330593	0.9681	0.6661	32.8282090163057	29.6780104413687	35.9475841912671	1000000	2000	870
FST_species	5	NBS_density	2629	49865	0.114111829593001	1.02677228517003	0	0	-88.8863547213777	-100	-74.7434493715325	1000000	2000	870
FST_species	2.5	gene_coverage	1318	51176	0.171390971168437	0.261743942473034	0	0.15065	-34.519603567867	-41.0857855886412	-27.7153479178058	1000000	2000	870
FST_species	2.5	repeat_coverage	1318	51176	0.839247040971168	0.635526485071127	0.96325	0.67645	32.0553998433663	28.4738231004365	35.7092891311579	1000000	2000	870
FST_species	2.5	NBS_density	1318	51176	0.227617602427919	1.00046896982981	0	0	-77.2489093323265	-100	-48.0679710070371	1000000	2000	870
FST_species	1	gene_coverage	525	51969	0.18347980952381	0.260243114164214	0	0.1468	-29.4967668546906	-39.5652954190194	-19.6651521548172	1000000	2000	870
FST_species	1	repeat_coverage	525	51969	0.832469142857143	0.63870354826916	0.9455	0.683	30.3373286578841	26.2353808164903	34.501497607467	1000000	2000	870
FST_species	1	NBS_density	525	51969	0.380952380952382	0.987126941060837	0	0	-61.4079643553257	-100	-0.635812659345344	1000000	2000	870
fd_species	10	gene_coverage	4967	44700	0.318742681699215	0.235735606263983	0.2571	0.0927	35.2119379633633	29.6985717296304	40.7593979729979	1000000	2000	870
fd_species	10	repeat_coverage	4967	44700	0.574798826002794	0.678357668903804	0.5657	0.7619	-15.2661122072013	-17.1566601438207	-13.301122514071	1000000	2000	870
fd_species	10	NBS_density	4967	44700	3.84537950473123	0.709172259507728	0	0	442.234901771327	318.850596561731	595.276476775928	1000000	2000	870
fd_species	5	gene_coverage	2484	47183	0.342528140096618	0.238851633003413	0.30485	0.1001	43.4062374996294	36.6858270051496	49.9596434191689	1000000	2000	870
fd_species	5	repeat_coverage	2484	47183	0.54626001157644	0.674410353305216	0.53125	0.7528	-19.0018348770484	-21.3302404946292	-16.669632611286	1000000	2000	870
fd_species	5	NBS_density	2484	47183	4.58937198067633	0.835046520992638	0	0	449.594766914404	309.48425420056	620.964371996673	1000000	2000	870
fd_species	2.5	gene_coverage	1242	48425	0.360574879227053	0.241047857511618	0.3393	0.1043	49.5864277531173	41.0888188000304	58.718357982503	1000000	2000	870
fd_species	2.5	repeat_coverage	1242	48425	0.525176786437903	0.671664305627259	0.5101	0.7472	-21.8096328719676	-24.8954161162037	-18.9870717209561	1000000	2000	870
fd_species	2.5	NBS_density	1242	48425	4.75040257648955	0.927207021166876	0	0	412.334620860748	267.078339569178	596.539415575594	1000000	2000	870
fd_species	1	gene_coverage	497	49170	0.365722535211268	0.242806841570064	0.3445	0.1085	50.6228295901356	38.8280193542841	63.3482741167275	1000000	2000	870
fd_species	1	repeat_coverage	497	49170	0.509822937625755	0.669599991229528	0.4905	0.74235	-23.8615674576681	-28.0892003870513	-19.7855783427723	1000000	2000	870
fd_species	1	NBS_density	497	49170	3.01810865191148	1.00264388854976	0	0	201.015015039578	53.3879471530576	376.712804547522	1000000	2000	870
FST_sympatric	10	gene_coverage	5517	49620	0.323789106398405	0.244868335348648	0.2491	0.1161	32.2298801669835	27.3255195491492	37.4705233591862	1000000	2000	870
FST_sympatric	10	repeat_coverage	5517	49620	0.558743411274243	0.664467020732686	0.5435	0.7343	-15.9110393984437	-18.235229301034	-13.6526785070579	1000000	2000	870
FST_sympatric	10	NBS_density	5517	49620	0.308138481058544	1.02982668278939	0	0	-70.0786077688412	-86.3857136771904	-50.4379820214051	1000000	2000	870
FST_sympatric	5	gene_coverage	2759	52378	0.328613881841247	0.248769819389821	0.2508	0.12395	32.0955583146166	26.2035142845613	38.4199915582607	1000000	2000	870
FST_sympatric	5	repeat_coverage	2759	52378	0.568953896339253	0.658362235456792	0.5685	0.7218	-13.5804173299073	-16.3771394498764	-10.9808705263282	1000000	2000	870
FST_sympatric	5	NBS_density	2759	52378	0.362450163102574	0.988964832563486	0	0	-63.3505508822725	-86.7431534251894	-35.7006908084803	1000000	2000	870
FST_sympatric	2.5	gene_coverage	1379	53758	0.335071573604061	0.250653811525726	0.2661	0.1269	33.679025890125	26.2306312411478	42.1019803836531	1000000	2000	870
FST_sympatric	2.5	repeat_coverage	1379	53758	0.579869615663524	0.655787059949326	0.5831	0.7169	-11.5765389289121	-15.0919140997687	-8.42418009275397	1000000	2000	870
FST_sympatric	2.5	NBS_density	1379	53758	0.290065264684552	0.974738643550876	0	0	-70.2417395058974	-100	-31.1369840814148	1000000	2000	870
FST_sympatric	1	gene_coverage	552	54585	0.331135869565217	0.251972598699276	0.2553	0.1289	31.4174125577919	20.0545433869005	43.521364817165	1000000	2000	870
FST_sympatric	1	repeat_coverage	552	54585	0.60242463768116	0.654408767404156	0.62095	0.7141	-7.94367867796183	-12.5811932004974	-3.17388392936512	1000000	2000	870
FST_sympatric	1	NBS_density	552	54585	0.181159420289856	0.965466703306906	0	0	-81.2360778813655	-100	-37.7967689932932	1000000	2000	870
fd_sympatric	10	gene_coverage	5053	45473	0.326502691470414	0.233908099311678	0.2718	0.0921	39.5858854102161	33.0267687910562	46.2882359894284	1000000	2000	870
fd_sympatric	10	repeat_coverage	5053	45473	0.593147753809618	0.678030391660986	0.5967	0.76	-12.5190019349175	-15.4260367323629	-9.90018498099896	1000000	2000	870
fd_sympatric	10	NBS_density	5053	45473	4.23510785671873	0.657533041584982	0	0	544.090500229465	392.921160820339	725.413525731005	1000000	2000	870
fd_sympatric	5	gene_coverage	2527	47999	0.343617886822319	0.237879928748515	0.3103	0.0992	44.4501386182896	36.7623069033865	52.0357328640958	1000000	2000	870
fd_sympatric	5	repeat_coverage	2527	47999	0.565463078749505	0.675020862934644	0.5626	0.7536	-16.2302811958786	-19.2984013378847	-13.2264890671703	1000000	2000	870
fd_sympatric	5	NBS_density	2527	47999	4.98614958448755	0.806266797224943	0	0	518.424273658443	373.812511845012	702.007215687682	1000000	2000	870
fd_sympatric	2.5	gene_coverage	1264	49262	0.346331962025316	0.24052124355487	0.309	0.10445	43.9922548655489	34.6787775471387	53.5698725960943	1000000	2000	870
fd_sympatric	2.5	repeat_coverage	1264	49262	0.549564082278481	0.67261992204945	0.5414	0.7485	-18.2950037215701	-22.0099135187717	-14.6946465901193	1000000	2000	870
fd_sympatric	2.5	NBS_density	1264	49262	4.50949367088609	0.925662782672127	0	0	387.163765822847	219.013301659878	600.684600724434	1000000	2000	870
fd_sympatric	1	gene_coverage	506	50020	0.337781225296443	0.242211191523392	0.2949	0.108	39.4573153998218	26.7479027925435	52.084914608392	1000000	2000	870
fd_sympatric	1	repeat_coverage	506	50020	0.542260276679842	0.670829026389444	0.52325	0.7446	-19.16565095604	-23.8952605234469	-14.4431139847451	1000000	2000	870
fd_sympatric	1	NBS_density	506	50020	4.74308300395255	0.977608956417643	0	0	385.171803389889	173.112152525908	661.917298298229	1000000	2000	870
FST_species	10	gene_coverage	5273	47221	0.169049573297933	0.26957292094619	0	0.1684	-37.2898536304849	-41.8741205397755	-32.1499359599007	5000000	2000	178
FST_species	10	repeat_coverage	5273	47221	0.826545780390669	0.61988215200864	0.9662	0.6456	33.3391803123166	27.4942847342876	39.1313263397027	5000000	2000	178
FST_species	10	NBS_density	5273	47221	0.113787217902523	1.07791025179456	0	0	-89.4437205961179	-96.7096516821727	-79.710716648015	5000000	2000	178
FST_species	5	gene_coverage	2629	49865	0.165540661848612	0.264427853203651	0	0.1568	-37.3966623247062	-43.2219720811657	-30.5202935832206	5000000	2000	178
FST_species	5	repeat_coverage	2629	49865	0.837188322556105	0.630279011330593	0.9681	0.6661	32.8282090163057	26.6145490124189	39.0838145526512	5000000	2000	178
FST_species	5	NBS_density	2629	49865	0.114111829593001	1.02677228517003	0	0	-88.8863547213777	-100	-73.9306637316664	5000000	2000	178
FST_species	2.5	gene_coverage	1318	51176	0.171390971168437	0.261743942473034	0	0.15065	-34.519603567867	-42.2460198645159	-25.59466138097	5000000	2000	178
FST_species	2.5	repeat_coverage	1318	51176	0.839247040971168	0.635526485071127	0.96325	0.67645	32.0553998433663	25.6839063796438	38.4490913508254	5000000	2000	178
FST_species	2.5	NBS_density	1318	51176	0.227617602427919	1.00046896982981	0	0	-77.2489093323265	-100	-46.569192577456	5000000	2000	178
FST_species	1	gene_coverage	525	51969	0.18347980952381	0.260243114164214	0	0.1468	-29.4967668546906	-40.886094968125	-16.3333388366742	5000000	2000	178
FST_species	1	repeat_coverage	525	51969	0.832469142857143	0.63870354826916	0.9455	0.683	30.3373286578841	23.2474466148742	37.0806107176299	5000000	2000	178
FST_species	1	NBS_density	525	51969	0.380952380952382	0.987126941060837	0	0	-61.4079643553257	-100	1.96911006802532	5000000	2000	178
fd_species	10	gene_coverage	4967	44700	0.318742681699215	0.235735606263983	0.2571	0.0927	35.2119379633633	28.0664142180786	42.9101333644842	5000000	2000	178
fd_species	10	repeat_coverage	4967	44700	0.574798826002794	0.678357668903804	0.5657	0.7619	-15.2661122072013	-17.8121509151122	-12.6291315318421	5000000	2000	178
fd_species	10	NBS_density	4967	44700	3.84537950473123	0.709172259507728	0	0	442.234901771327	317.379245568218	607.91476346546	5000000	2000	178
fd_species	5	gene_coverage	2484	47183	0.342528140096618	0.238851633003413	0.30485	0.1001	43.4062374996294	35.6494149700118	52.0415622414672	5000000	2000	178
fd_species	5	repeat_coverage	2484	47183	0.54626001157644	0.674410353305216	0.53125	0.7528	-19.0018348770484	-21.7454767606346	-15.9748076271002	5000000	2000	178
fd_species	5	NBS_density	2484	47183	4.58937198067633	0.835046520992638	0	0	449.594766914404	314.527973417742	626.341183755438	5000000	2000	178
fd_species	2.5	gene_coverage	1242	48425	0.360574879227053	0.241047857511618	0.3393	0.1043	49.5864277531173	40.0338345861046	59.6328243907167	5000000	2000	178
fd_species	2.5	repeat_coverage	1242	48425	0.525176786437903	0.671664305627259	0.5101	0.7472	-21.8096328719676	-24.7235702941243	-18.528955094585	5000000	2000	178
fd_species	2.5	NBS_density	1242	48425	4.75040257648955	0.927207021166876	0	0	412.334620860748	257.610709433284	617.772620772154	5000000	2000	178
fd_species	1	gene_coverage	497	49170	0.365722535211268	0.242806841570064	0.3445	0.1085	50.6228295901356	37.8415169562147	64.3384972251697	5000000	2000	178
fd_species	1	repeat_coverage	497	49170	0.509822937625755	0.669599991229528	0.4905	0.74235	-23.8615674576681	-27.9546198193204	-19.6993701885911	5000000	2000	178
fd_species	1	NBS_density	497	49170	3.01810865191148	1.00264388854976	0	0	201.015015039578	56.2078628216894	396.133519631215	5000000	2000	178
FST_sympatric	10	gene_coverage	5517	49620	0.323789106398405	0.244868335348648	0.2491	0.1161	32.2298801669835	25.8252880842091	40.0306681229924	5000000	2000	178
FST_sympatric	10	repeat_coverage	5517	49620	0.558743411274243	0.664467020732686	0.5435	0.7343	-15.9110393984437	-19.3971992300164	-12.4810070117454	5000000	2000	178
FST_sympatric	10	NBS_density	5517	49620	0.308138481058544	1.02982668278939	0	0	-70.0786077688412	-87.5087825295426	-48.1212697800156	5000000	2000	178
FST_sympatric	5	gene_coverage	2759	52378	0.328613881841247	0.248769819389821	0.2508	0.12395	32.0955583146166	24.4031600089644	40.9910149689741	5000000	2000	178
FST_sympatric	5	repeat_coverage	2759	52378	0.568953896339253	0.658362235456792	0.5685	0.7218	-13.5804173299073	-17.2648753729791	-10.0132421270561	5000000	2000	178
FST_sympatric	5	NBS_density	2759	52378	0.362450163102574	0.988964832563486	0	0	-63.3505508822725	-88.4454506122075	-32.0027158749753	5000000	2000	178
FST_sympatric	2.5	gene_coverage	1379	53758	0.335071573604061	0.250653811525726	0.2661	0.1269	33.679025890125	25.0591756201595	44.0837244573795	5000000	2000	178
FST_sympatric	2.5	repeat_coverage	1379	53758	0.579869615663524	0.655787059949326	0.5831	0.7169	-11.5765389289121	-15.7177947211611	-7.40039994891975	5000000	2000	178
FST_sympatric	2.5	NBS_density	1379	53758	0.290065264684552	0.974738643550876	0	0	-70.2417395058974	-100	-29.5090730437719	5000000	2000	178
FST_sympatric	1	gene_coverage	552	54585	0.331135869565217	0.251972598699276	0.2553	0.1289	31.4174125577919	18.7481950979755	45.897757357668	5000000	2000	178
FST_sympatric	1	repeat_coverage	552	54585	0.60242463768116	0.654408767404156	0.62095	0.7141	-7.94367867796183	-13.664994954978	-2.22945695650233	5000000	2000	178
FST_sympatric	1	NBS_density	552	54585	0.181159420289856	0.965466703306906	0	0	-81.2360778813655	-100	-36.550424192065	5000000	2000	178
fd_sympatric	10	gene_coverage	5053	45473	0.326502691470414	0.233908099311678	0.2718	0.0921	39.5858854102161	31.2768370279111	48.9957361241387	5000000	2000	178
fd_sympatric	10	repeat_coverage	5053	45473	0.593147753809618	0.678030391660986	0.5967	0.76	-12.5190019349175	-16.6556061862065	-8.53837031792883	5000000	2000	178
fd_sympatric	10	NBS_density	5053	45473	4.23510785671873	0.657533041584982	0	0	544.090500229465	400.184518908537	727.506099647828	5000000	2000	178
fd_sympatric	5	gene_coverage	2527	47999	0.343617886822319	0.237879928748515	0.3103	0.0992	44.4501386182896	34.9346681214569	54.8898073944414	5000000	2000	178
fd_sympatric	5	repeat_coverage	2527	47999	0.565463078749505	0.675020862934644	0.5626	0.7536	-16.2302811958786	-20.3756237095875	-12.2295297272383	5000000	2000	178
fd_sympatric	5	NBS_density	2527	47999	4.98614958448755	0.806266797224943	0	0	518.424273658443	388.250568881422	685.373658235741	5000000	2000	178
fd_sympatric	2.5	gene_coverage	1264	49262	0.346331962025316	0.24052124355487	0.309	0.10445	43.9922548655489	33.2559161325755	55.3982648078992	5000000	2000	178
fd_sympatric	2.5	repeat_coverage	1264	49262	0.549564082278481	0.67261992204945	0.5414	0.7485	-18.2950037215701	-22.6250475170275	-13.7915733033796	5000000	2000	178
fd_sympatric	2.5	NBS_density	1264	49262	4.50949367088609	0.925662782672127	0	0	387.163765822847	222.82551661354	583.226715196423	5000000	2000	178
fd_sympatric	1	gene_coverage	506	50020	0.337781225296443	0.242211191523392	0.2949	0.108	39.4573153998218	27.3394189276261	51.9758441210338	5000000	2000	178
fd_sympatric	1	repeat_coverage	506	50020	0.542260276679842	0.670829026389444	0.52325	0.7446	-19.16565095604	-23.8976443819634	-14.4313882609147	5000000	2000	178
fd_sympatric	1	NBS_density	506	50020	4.74308300395255	0.977608956417643	0	0	385.171803389889	179.903444716776	627.437440798761	5000000	2000	178
