sample	population	reference_group	min_Q	status
YLZB4816-11A	ASCD52	CPO	0.9999399999999999	ORDER_VERIFIED_GENOMEWIDE_QC_PENDING
YLZB4816-3A	ASCD52	CPO	0.9999399999999999	ORDER_VERIFIED_GENOMEWIDE_QC_PENDING
YLZB4816-4A	ASCD52	CPO	0.9999319999999999	ORDER_VERIFIED_GENOMEWIDE_QC_PENDING
YLZB4816-6A	ASCD52	CPO	0.9999399999999999	ORDER_VERIFIED_GENOMEWIDE_QC_PENDING
JLS-CY022-10A	CY32	CPO	0.999938	ORDER_VERIFIED_GENOMEWIDE_QC_PENDING
JLS-CY022-11A	CY32	CPO	0.99994	ORDER_VERIFIED_GENOMEWIDE_QC_PENDING
JLS-CY022-4A	CY32	CPO	0.999936	ORDER_VERIFIED_GENOMEWIDE_QC_PENDING
JLS-CY022-5A	CY32	CPO	0.999927	ORDER_VERIFIED_GENOMEWIDE_QC_PENDING
zhuzm1009-10A	KM42	CPO	0.9999359999999999	ORDER_VERIFIED_GENOMEWIDE_QC_PENDING
zhuzm1009-2A	KM42	CPO	0.999934	ORDER_VERIFIED_GENOMEWIDE_QC_PENDING
zhuzm1009-3A	KM42	CPO	0.9999349999999999	ORDER_VERIFIED_GENOMEWIDE_QC_PENDING
zhuzm1009-6A	KM42	CPO	0.999937	ORDER_VERIFIED_GENOMEWIDE_QC_PENDING
XB26-3B	SC37	CPO	0.9999399999999999	ORDER_VERIFIED_GENOMEWIDE_QC_PENDING
XB26-4B	SC37	CPO	0.9999399999999999	ORDER_VERIFIED_GENOMEWIDE_QC_PENDING
XB26-5B	SC37	CPO	0.999925	ORDER_VERIFIED_GENOMEWIDE_QC_PENDING
XB26-7B	SC37	CPO	0.9999399999999999	ORDER_VERIFIED_GENOMEWIDE_QC_PENDING
YLZB4735-10A	YSXC51	CPO	0.9999399999999999	ORDER_VERIFIED_GENOMEWIDE_QC_PENDING
YLZB4735-1A	YSXC51	CPO	0.9999399999999999	ORDER_VERIFIED_GENOMEWIDE_QC_PENDING
YLZB4735-2A	YSXC51	CPO	0.999931	ORDER_VERIFIED_GENOMEWIDE_QC_PENDING
YLZB4735-3A	YSXC51	CPO	0.9999399999999999	ORDER_VERIFIED_GENOMEWIDE_QC_PENDING
Gln2014-15-10A	LD30	CYU	0.9999399999999999	ORDER_VERIFIED_GENOMEWIDE_QC_PENDING
Gln2014-15-1A	LD30	CYU	0.9999399999999999	ORDER_VERIFIED_GENOMEWIDE_QC_PENDING
Gln2014-15-3A	LD30	CYU	0.9999399999999999	ORDER_VERIFIED_GENOMEWIDE_QC_PENDING
Gln2014-15-4A	LD30	CYU	0.99994	ORDER_VERIFIED_GENOMEWIDE_QC_PENDING
XB2014-4-2A	MN4	CYU	0.9999399999999999	ORDER_VERIFIED_GENOMEWIDE_QC_PENDING
XB2014-4-3A	MN4	CYU	0.9999399999999999	ORDER_VERIFIED_GENOMEWIDE_QC_PENDING
XB2014-4-4A	MN4	CYU	0.9999399999999999	ORDER_VERIFIED_GENOMEWIDE_QC_PENDING
XB2014-4-5A	MN4	CYU	0.9999389999999999	ORDER_VERIFIED_GENOMEWIDE_QC_PENDING
YLZB4715-10A	MY1	CYU	0.999938	ORDER_VERIFIED_GENOMEWIDE_QC_PENDING
YLZB4715-1A	MY1	CYU	0.9999399999999999	ORDER_VERIFIED_GENOMEWIDE_QC_PENDING
YLZB4715-2A	MY1	CYU	0.9999389999999999	ORDER_VERIFIED_GENOMEWIDE_QC_PENDING
YLZB4715-5A	MY1	CYU	0.999938	ORDER_VERIFIED_GENOMEWIDE_QC_PENDING
YLZB4703-2A	SM3	CYU	0.9999399999999999	ORDER_VERIFIED_GENOMEWIDE_QC_PENDING
YLZB4703-3A	SM3	CYU	0.9999399999999999	ORDER_VERIFIED_GENOMEWIDE_QC_PENDING
YLZB4703-5A	SM3	CYU	0.9999399999999999	ORDER_VERIFIED_GENOMEWIDE_QC_PENDING
YLZB4703-7A	SM3	CYU	0.9999399999999999	ORDER_VERIFIED_GENOMEWIDE_QC_PENDING
XB2014-4-8A	YL9	CYU	0.9999399999999999	ORDER_VERIFIED_GENOMEWIDE_QC_PENDING
XB2014-4-9A	YL9	CYU	0.9999399999999999	ORDER_VERIFIED_GENOMEWIDE_QC_PENDING
XB2014-48-3A	YL9	CYU	0.9999399999999999	ORDER_VERIFIED_GENOMEWIDE_QC_PENDING
XB2014-48-4A	YL9	CYU	0.9999389999999999	ORDER_VERIFIED_GENOMEWIDE_QC_PENDING
