sample	population	morph_group	K3_CPO	K3_CYU	K3_CMA	K4_CPO	K4_CYU	K4_CMA	K5_CPO	K5_CYU	K5_CMA	K6_CPO	K6_CYU	K6_CMA	K7_CPO	K7_CYU	K7_CMA	K8_CPO	K8_CYU	K8_CMA
2014-128-1A	ML50	CPO	0.99998	1e-05	1e-05	0.99997	1e-05	2e-05	0.999953	2.7e-05	2e-05	0.99995	2e-05	3.0000000000000004e-05	0.999935	3.5000000000000004e-05	3.0000000000000004e-05	0.9999399999999999	2e-05	4e-05
2014-128-2A	ML50	CPO	0.99998	1e-05	1e-05	0.99997	1e-05	2e-05	0.99996	2e-05	2e-05	0.99995	2e-05	3.0000000000000004e-05	0.999936	3.4e-05	3.0000000000000004e-05	0.9999399999999999	2e-05	4e-05
2014-128-3A	ML50	CPO	0.99998	1e-05	1e-05	0.99997	1e-05	2e-05	0.999956	2.4e-05	2e-05	0.999942	2e-05	3.8e-05	0.99994	3.0000000000000004e-05	3.0000000000000004e-05	0.9999399999999999	2e-05	4e-05
2014-128-4A	ML50	CPO	0.7496	0.25039	1e-05	0.74653	0.25345	2e-05	0.741527	0.258453	2e-05	0.74594	0.25402800000000003	3.1e-05	0.685159	0.314811	3.0000000000000004e-05	0.7631129999999999	0.236847	4e-05
2014-128-5A	ML50	CPO	0.99998	1e-05	1e-05	0.99997	1e-05	2e-05	0.99996	2e-05	2e-05	0.99995	2e-05	3.0000000000000004e-05	0.99994	3.0000000000000004e-05	3.0000000000000004e-05	0.9999399999999999	2e-05	4e-05
2014-132-2A	ML5	N	0.509766	0.490224	1e-05	0.498815	0.501165	2e-05	0.485123	0.514857	2e-05	0.492401	0.5075689999999999	3.0000000000000004e-05	0.413729	0.586241	3.0000000000000004e-05	0.5042629999999999	0.495697	4e-05
2014-132-3A	ML5	N	0.99998	1e-05	1e-05	0.99997	1e-05	2e-05	0.99996	2e-05	2e-05	0.99995	2e-05	3.0000000000000004e-05	0.99994	3.0000000000000004e-05	3.0000000000000004e-05	0.9999399999999999	2e-05	4e-05
2014-132-4A	ML5	N	0.816042	0.183948	1e-05	0.808211	0.191769	2e-05	0.799324	0.200656	2e-05	0.801316	0.198653	3.1e-05	0.737828	0.26213400000000003	3.9e-05	0.8375319999999999	0.16242800000000002	4e-05
2014-132-5A	ML5	N	0.523477	0.476513	1e-05	0.50884	0.49114	2e-05	0.498574	0.5014059999999999	2e-05	0.50649	0.49348000000000003	3.0000000000000004e-05	0.416523	0.583443	3.4e-05	0.5137259999999999	0.486234	4e-05
2014-132-6A	ML5	N	0.521053	0.478937	1e-05	0.510249	0.489731	2e-05	0.493361	0.5066189999999999	2e-05	0.498085	0.5018849999999999	3.0000000000000004e-05	0.406272	0.5936980000000001	3.0000000000000004e-05	0.5165799999999999	0.48338000000000003	4e-05
2014-132-7A	ML5	N	0.510761	0.489229	1e-05	0.497862	0.502114	2.5e-05	0.486916	0.513064	2e-05	0.49296	0.5070089999999999	3.1e-05	0.408909	0.5910610000000001	3.0000000000000004e-05	0.500085	0.499875	4e-05
2014-132-8A	ML5	N	0.781597	0.218393	1e-05	0.771437	0.228543	2e-05	0.75946	0.24052	2e-05	0.763164	0.236797	3.9e-05	0.68995	0.31002	3.0000000000000004e-05	0.795435	0.20452	4.5e-05
2014-132-9A	ML5	N	0.508963	0.491027	1e-05	0.498149	0.501831	2e-05	0.482128	0.517852	2e-05	0.489906	0.510064	3.0000000000000004e-05	0.396218	0.6037520000000001	3.0000000000000004e-05	0.504158	0.4958	4.1e-05
2014-3-10A	MN34	CPO	0.99998	1e-05	1e-05	0.99997	1e-05	2e-05	0.99996	2e-05	2e-05	0.99995	2e-05	3.0000000000000004e-05	0.999935	3.5000000000000004e-05	3.0000000000000004e-05	0.9999399999999999	2e-05	4e-05
2014-3-3A	MN34	CPO	0.99998	1e-05	1e-05	0.99997	1e-05	2e-05	0.99996	2e-05	2e-05	0.999947	2.3e-05	3.0000000000000004e-05	0.99994	3.0000000000000004e-05	3.0000000000000004e-05	0.9999349999999999	2e-05	4.5e-05
2014-3-4A	MN34	CPO	0.99998	1e-05	1e-05	0.99997	1e-05	2e-05	0.99996	2e-05	2e-05	0.999947	2e-05	3.3e-05	0.99994	3.0000000000000004e-05	3.0000000000000004e-05	0.999938	2.2e-05	4e-05
2014-3-5A	MN34	CPO	0.99998	1e-05	1e-05	0.99997	1e-05	2e-05	0.99996	2e-05	2e-05	0.99995	2e-05	3.0000000000000004e-05	0.99994	3.0000000000000004e-05	3.0000000000000004e-05	0.9999399999999999	2e-05	4e-05
2014-3-6A	MN34	CPO	0.99998	1e-05	1e-05	0.99997	1e-05	2e-05	0.99996	2e-05	2e-05	0.999946	2e-05	3.4e-05	0.999937	3.3e-05	3.0000000000000004e-05	0.9999399999999999	2e-05	4e-05
2014-3-7A	MN34	CPO	0.99998	1e-05	1e-05	0.99997	1e-05	2e-05	0.99996	2e-05	2e-05	0.99995	2e-05	3.0000000000000004e-05	0.99994	3.0000000000000004e-05	3.0000000000000004e-05	0.99994	2e-05	4e-05
2014-3-8A	MN34	CPO	0.99998	1e-05	1e-05	0.99997	1e-05	2e-05	0.99996	2e-05	2e-05	0.999947	2e-05	3.3e-05	0.99994	3.0000000000000004e-05	3.0000000000000004e-05	0.9999399999999999	2e-05	4e-05
2014-3-9A	MN34	CPO	0.99998	1e-05	1e-05	0.99997	1e-05	2e-05	0.99996	2e-05	2e-05	0.99995	2e-05	3.0000000000000004e-05	0.99994	3.0000000000000004e-05	3.0000000000000004e-05	0.9999399999999999	2e-05	4e-05
2014-66-1A	YL49	CPO	0.99998	1e-05	1e-05	0.99997	1e-05	2e-05	0.99996	2e-05	2e-05	0.99995	2e-05	3.0000000000000004e-05	0.999934	3.0000000000000004e-05	3.6e-05	0.99994	2e-05	4e-05
2014-66-2A	YL49	CPO	0.99998	1e-05	1e-05	0.999964	1e-05	2.6000000000000002e-05	0.99996	2e-05	2e-05	0.99995	2e-05	3.0000000000000004e-05	0.99994	3.0000000000000004e-05	3.0000000000000004e-05	0.99994	2e-05	4e-05
2014-66-3A	YL49	CPO	0.999979	1.1e-05	1e-05	0.99997	1e-05	2e-05	0.99996	2e-05	2e-05	0.99994	2e-05	3.9999999999999996e-05	0.99994	3.0000000000000004e-05	3.0000000000000004e-05	0.9999399999999999	2e-05	4e-05
2014-66-4A	YL49	CPO	0.99998	1e-05	1e-05	0.99997	1e-05	2e-05	0.999954	2.6000000000000002e-05	2e-05	0.99995	2e-05	3.0000000000000004e-05	0.99994	3.0000000000000004e-05	3.0000000000000004e-05	0.9999399999999999	2e-05	4e-05
2014-66-5A	YL49	CPO	0.99998	1e-05	1e-05	0.99997	1e-05	2e-05	0.99996	2e-05	2e-05	0.99995	2e-05	3.0000000000000004e-05	0.99994	3.0000000000000004e-05	3.0000000000000004e-05	0.99994	2e-05	4e-05
2014-66-6A	YL49	CPO	0.99998	1e-05	1e-05	0.99997	1e-05	2e-05	0.99996	2e-05	2e-05	0.999942	2e-05	3.8e-05	0.99994	3.0000000000000004e-05	3.0000000000000004e-05	0.9999399999999999	2e-05	4e-05
2014-66-7A	YL49	CPO	0.99998	1e-05	1e-05	0.99996	1e-05	3.0000000000000004e-05	0.99996	2e-05	2e-05	0.99995	2e-05	3.0000000000000004e-05	0.999934	3.6e-05	3.0000000000000004e-05	0.99994	2e-05	4e-05
2014-66-8A	YL49	CPO	0.99998	1e-05	1e-05	0.99997	1e-05	2e-05	0.99996	2e-05	2e-05	0.99995	2e-05	3.0000000000000004e-05	0.99994	3.0000000000000004e-05	3.0000000000000004e-05	0.99994	2e-05	4e-05
DP1709141A	DQS11	CMA	1e-05	1e-05	0.99998	1e-05	1e-05	0.99998	1e-05	2e-05	0.9999699999999999	1.3e-05	2.2e-05	0.999965	1e-05	3.0000000000000004e-05	0.9999600000000001	2e-05	2e-05	0.99996
DP1709144A	DQS11	CMA	1e-05	1e-05	0.99998	1e-05	1e-05	0.99998	1e-05	2e-05	0.9999699999999999	1e-05	2.3e-05	0.999968	1.1e-05	3.6e-05	0.999952	2e-05	2e-05	0.99996
DP1709148A	DQS11	CMA	1e-05	1e-05	0.99998	1e-05	1e-05	0.99998	1e-05	2e-05	0.9999699999999999	1.2e-05	2.2e-05	0.999966	1e-05	3.0000000000000004e-05	0.9999600000000001	2.2e-05	2e-05	0.999958
Gln2014-15-10A	LD30	CYU	1e-05	0.99998	1e-05	1e-05	0.999962	2.8000000000000003e-05	1e-05	0.9999699999999999	2e-05	1e-05	0.99996	3.0000000000000004e-05	1.9e-05	0.99995	3.1e-05	2e-05	0.9999399999999999	4e-05
Gln2014-15-1A	LD30	CYU	1e-05	0.99998	1e-05	1e-05	0.99997	2e-05	1.4e-05	0.9999659999999999	2e-05	1e-05	0.99996	3.0000000000000004e-05	1e-05	0.9999600000000001	3.0000000000000004e-05	2e-05	0.9999399999999999	4e-05
Gln2014-15-3A	LD30	CYU	1e-05	0.99998	1e-05	1e-05	0.999966	2.4e-05	1e-05	0.9999699999999999	2e-05	1e-05	0.99996	3.0000000000000004e-05	1e-05	0.99996	3.0000000000000004e-05	2e-05	0.9999399999999999	4e-05
Gln2014-15-4A	LD30	CYU	1e-05	0.999971	1.9e-05	1e-05	0.999966	2.4e-05	1e-05	0.9999699999999999	2e-05	1e-05	0.99996	3.0000000000000004e-05	1e-05	0.99996	3.0000000000000004e-05	2e-05	0.99994	4e-05
Gln2014-15-5A	LD30	CYU	1e-05	0.99998	1e-05	1e-05	0.99997	2e-05	1e-05	0.9999699999999999	2e-05	1e-05	0.99996	3.0000000000000004e-05	1e-05	0.9999600000000001	3.0000000000000004e-05	2e-05	0.9999399999999999	4e-05
Gln2014-15-6A	LD30	CYU	1e-05	0.99998	1e-05	1e-05	0.99997	2e-05	1e-05	0.9999699999999999	2e-05	1e-05	0.99996	3.0000000000000004e-05	1e-05	0.99996	3.0000000000000004e-05	2e-05	0.9999399999999999	4e-05
Gln2014-15-7A	LD30	CYU	1e-05	0.99998	1e-05	1e-05	0.99997	2e-05	1e-05	0.9999699999999999	2e-05	1e-05	0.99996	3.0000000000000004e-05	1e-05	0.99996	3.0000000000000004e-05	2e-05	0.9999399999999999	4e-05
Gln2014-15-8A	LD30	CYU	1e-05	0.99998	1e-05	1e-05	0.999964	2.6000000000000002e-05	1e-05	0.9999699999999999	2e-05	1e-05	0.99996	3.0000000000000004e-05	1e-05	0.9999600000000001	3.0000000000000004e-05	2e-05	0.9999399999999999	4e-05
Gln2014-8-1A	LD06	CPO	0.99998	1e-05	1e-05	0.99997	1e-05	2e-05	0.99996	2e-05	2e-05	0.999946	2e-05	3.4e-05	0.999938	3.2000000000000005e-05	3.0000000000000004e-05	0.99994	2e-05	4e-05
Gln2014-8-2A	LD06	CPO	0.99998	1e-05	1e-05	0.99997	1e-05	2e-05	0.99996	2e-05	2e-05	0.99995	2e-05	3.0000000000000004e-05	0.99994	3.0000000000000004e-05	3.0000000000000004e-05	0.99994	2e-05	4e-05
Gln2014-8-4A	LD06	CPO	0.99998	1e-05	1e-05	0.99997	1e-05	2e-05	0.99996	2e-05	2e-05	0.99995	2e-05	3.0000000000000004e-05	0.99994	3.0000000000000004e-05	3.0000000000000004e-05	0.9999399999999999	2e-05	4.1e-05
Gln2014-8-5A	LD06	CPO	0.99998	1e-05	1e-05	0.99997	1e-05	2e-05	0.99996	2e-05	2e-05	0.999947	2e-05	3.3e-05	0.99994	3.0000000000000004e-05	3.0000000000000004e-05	0.9999399999999999	2e-05	4e-05
Gln2014-8-6A	LD06	CPO	0.99998	1e-05	1e-05	0.99997	1e-05	2e-05	0.999956	2e-05	2.4e-05	0.99995	2e-05	3.0000000000000004e-05	0.99994	3.0000000000000004e-05	3.0000000000000004e-05	0.99994	2e-05	4e-05
Gln2014-8-7A	LD06	CPO	0.99998	1e-05	1e-05	0.99997	1e-05	2e-05	0.99996	2e-05	2e-05	0.999946	2e-05	3.4e-05	0.99994	3.0000000000000004e-05	3.0000000000000004e-05	0.99994	2e-05	4e-05
Gln2014-8-8A	LD06	CPO	0.99998	1e-05	1e-05	0.99997	1e-05	2e-05	0.99996	2e-05	2e-05	0.99995	2e-05	3.0000000000000004e-05	0.99994	3.0000000000000004e-05	3.0000000000000004e-05	0.99994	2e-05	4e-05
JLS-BM001-1A	BM31	N	1e-05	0.99998	1e-05	0.851211	0.148769	2e-05	1e-05	0.9999669999999999	2.3e-05	1e-05	2e-05	0.99997	1e-05	3.0000000000000004e-05	0.9999600000000001	2e-05	2e-05	0.99996
JLS-BM001-2A	BM31	N	1e-05	0.999979	1.1e-05	0.863572	0.136408	2e-05	1e-05	0.9999699999999999	2e-05	1e-05	2e-05	0.99997	1e-05	3.4e-05	0.9999560000000001	2e-05	2e-05	0.99996
JLS-BM001-3A	BM31	N	1e-05	0.99998	1e-05	0.859253	0.140727	2e-05	1e-05	0.9999699999999999	2e-05	1e-05	2e-05	0.99997	1e-05	3.0000000000000004e-05	0.9999600000000001	2e-05	2e-05	0.99996
JLS-BM001-4A	BM31	N	1e-05	0.99998	1e-05	0.851883	0.148097	2e-05	1e-05	0.9999699999999999	2e-05	1e-05	2e-05	0.99997	1e-05	3.4e-05	0.9999560000000001	2e-05	2e-05	0.99996
JLS-BM001-5A	BM31	N	1e-05	0.99998	1e-05	0.863765	0.136215	2e-05	1e-05	0.9999699999999999	2e-05	1e-05	2e-05	0.99997	1e-05	3.0000000000000004e-05	0.9999600000000001	2e-05	2e-05	0.99996
JLS-BM001-6A	BM31	N	1e-05	0.99998	1e-05	0.847729	0.152251	2e-05	1e-05	0.9999699999999999	2e-05	1e-05	2e-05	0.99997	1e-05	3.0000000000000004e-05	0.9999600000000001	2e-05	2e-05	0.99996
JLS-BM001-7A	BM31	N	1e-05	0.99998	1e-05	0.866162	0.133818	2e-05	1e-05	0.9999699999999999	2e-05	1e-05	2e-05	0.99997	1e-05	3.0000000000000004e-05	0.9999600000000001	2e-05	2e-05	0.99996
JLS-BM001-8A	BM31	N	1e-05	0.99998	1e-05	0.855691	0.144289	2e-05	1e-05	0.9999699999999999	2e-05	1e-05	2e-05	0.99997	1e-05	3.3e-05	0.999957	2e-05	2e-05	0.99996
JLS-CY022-10A	CY32	CPO	0.99998	1e-05	1e-05	0.99997	1e-05	2e-05	0.99996	2e-05	2e-05	0.99995	2e-05	3.0000000000000004e-05	0.999938	3.0000000000000004e-05	3.2000000000000005e-05	0.99994	2e-05	4e-05
JLS-CY022-11A	CY32	CPO	0.99998	1e-05	1e-05	0.99997	1e-05	2e-05	0.99996	2e-05	2e-05	0.99995	2e-05	3.0000000000000004e-05	0.99994	3.0000000000000004e-05	3.0000000000000004e-05	0.99994	2e-05	4e-05
JLS-CY022-4A	CY32	CPO	0.99998	1e-05	1e-05	0.99997	1e-05	2e-05	0.99996	2e-05	2e-05	0.99995	2e-05	3.0000000000000004e-05	0.999936	3.0000000000000004e-05	3.4e-05	0.99994	2e-05	4e-05
JLS-CY022-5A	CY32	CPO	0.99998	1e-05	1e-05	0.99997	1e-05	2e-05	0.99996	2e-05	2e-05	0.999942	2.8000000000000003e-05	3.0000000000000004e-05	0.999927	3.3e-05	4e-05	0.99994	2e-05	4e-05
JLS-CY022-6A	CY32	CPO	0.99998	1e-05	1e-05	0.99997	1e-05	2e-05	0.99996	2e-05	2e-05	0.999947	2e-05	3.3e-05	0.99994	3.0000000000000004e-05	3.0000000000000004e-05	0.9999399999999999	2e-05	4e-05
JLS-CY022-7A	CY32	CPO	0.99998	1e-05	1e-05	0.99997	1e-05	2e-05	0.99996	2e-05	2e-05	0.99995	2e-05	3.0000000000000004e-05	0.99994	3.0000000000000004e-05	3.0000000000000004e-05	0.99994	2e-05	4e-05
Sha-WS-1A	WS14	CMA	1e-05	1e-05	0.99998	1e-05	1.2e-05	0.9999779999999999	1e-05	2.6000000000000002e-05	0.999964	1e-05	2e-05	0.99997	1e-05	3.3e-05	0.999956	2e-05	2e-05	0.99996
Sha-WS-2A	WS14	CMA	1e-05	1e-05	0.99998	1e-05	1e-05	0.99998	1e-05	2.7e-05	0.9999629999999999	1e-05	2e-05	0.99997	1e-05	3.0000000000000004e-05	0.99996	2e-05	2e-05	0.99996
Sha-WS-3A	WS14	CMA	1e-05	1.9e-05	0.999971	1e-05	1e-05	0.99998	1.1e-05	2e-05	0.999969	1e-05	2e-05	0.99997	1e-05	3.0000000000000004e-05	0.99996	2e-05	2e-05	0.99996
Sha-WS-4A	WS14	CMA	1e-05	1.8e-05	0.999972	1e-05	1e-05	0.99998	1e-05	2e-05	0.9999699999999999	1e-05	2e-05	0.99997	1e-05	3.0000000000000004e-05	0.99996	2e-05	2e-05	0.99996
Sha-WS-5A	WS14	CMA	1e-05	1.8e-05	0.999972	1e-05	1e-05	0.99998	1e-05	2.5e-05	0.999965	1e-05	2e-05	0.99997	1e-05	3.0000000000000004e-05	0.99996	2e-05	2e-05	0.9999600000000001
Sha-WS-6A	WS14	CMA	1e-05	1e-05	0.99998	1e-05	1.5e-05	0.999976	1e-05	2.7e-05	0.9999629999999999	1e-05	2e-05	0.99997	1e-05	3.0000000000000004e-05	0.99996	2e-05	2e-05	0.99996
Sha-WS-7A	WS14	CMA	1e-05	1e-05	0.99998	1e-05	1e-05	0.99998	1e-05	2.5e-05	0.999965	1e-05	2e-05	0.99997	1e-05	3.0000000000000004e-05	0.99996	2e-05	2e-05	0.99996
Sha-WS-8A	WS14	CMA	1e-05	1e-05	0.99998	1e-05	1e-05	0.99998	1e-05	2e-05	0.9999699999999999	1e-05	2e-05	0.99997	1e-05	3.0000000000000004e-05	0.99996	2e-05	2e-05	0.99996
THP-SET_1917-1A	MK27	CPO	0.99998	1e-05	1e-05	0.99997	1e-05	2e-05	0.999944	3.0000000000000004e-05	2.6000000000000002e-05	0.99995	2e-05	3.0000000000000004e-05	0.999939	3.1e-05	3.0000000000000004e-05	0.9999399999999999	2e-05	4e-05
THP-SET_1917-2A	MK27	CPO	0.962805	0.037185	1e-05	0.959075	0.040905	2e-05	0.952597	0.047383	2e-05	0.953797	0.046173000000000006	3.0000000000000004e-05	0.955848	0.044122	3.0000000000000004e-05	0.9999399999999999	2e-05	4e-05
THP-SET_1917-3A	MK27	CPO	0.99998	1e-05	1e-05	0.99997	1e-05	2e-05	0.99996	2e-05	2e-05	0.99995	2e-05	3.0000000000000004e-05	0.99994	3.0000000000000004e-05	3.0000000000000004e-05	0.9999399999999999	2e-05	4e-05
THP-SET_1917-4A	MK27	CPO	0.99998	1e-05	1e-05	0.99997	1e-05	2e-05	0.99996	2e-05	2e-05	0.99995	2e-05	3.0000000000000004e-05	0.99994	3.0000000000000004e-05	3.0000000000000004e-05	0.9999399999999999	2e-05	4e-05
THP-SET_1917-5A	MK27	CPO	0.99998	1e-05	1e-05	0.99997	1e-05	2e-05	0.99996	2e-05	2e-05	0.99995	2e-05	3.0000000000000004e-05	0.990433	0.009536999999999999	3.0000000000000004e-05	0.9999399999999999	2e-05	4e-05
THP-SET_1917-6A	MK27	CPO	0.99998	1e-05	1e-05	0.99997	1e-05	2e-05	0.99996	2e-05	2e-05	0.99995	2e-05	3.0000000000000004e-05	0.999937	3.3e-05	3.0000000000000004e-05	0.9999399999999999	2e-05	4e-05
THP-SET_1917-7A	MK27	CPO	0.99998	1e-05	1e-05	0.99997	1e-05	2e-05	0.99996	2e-05	2e-05	0.99995	2e-05	3.0000000000000004e-05	0.999939	3.0000000000000004e-05	3.1e-05	0.9999399999999999	2e-05	4e-05
THP-SET_1917-8A	MK27	CPO	0.99998	1e-05	1e-05	0.99997	1e-05	2e-05	0.99996	2e-05	2e-05	0.999943	2e-05	3.7000000000000005e-05	0.99994	3.0000000000000004e-05	3.0000000000000004e-05	0.9999399999999999	2e-05	4e-05
XB2014-144-2A	SM35	CYU	1e-05	0.99998	1e-05	1e-05	0.999965	2.5e-05	1e-05	0.9999699999999999	2e-05	1e-05	0.99996	3.0000000000000004e-05	1e-05	0.9999600000000001	3.0000000000000004e-05	2e-05	0.9999399999999999	4e-05
XB2014-144-3A	SM35	CYU	1e-05	0.99998	1e-05	1e-05	0.999966	2.4e-05	1e-05	0.9999699999999999	2e-05	1e-05	0.99996	3.0000000000000004e-05	1e-05	0.9999600000000001	3.0000000000000004e-05	2e-05	0.9999399999999999	4e-05
XB2014-144-4A	SM35	CYU	0.030343	0.969647	1e-05	0.028825	0.971155	2e-05	1.3e-05	0.9999669999999999	2e-05	1e-05	0.99996	3.0000000000000004e-05	1e-05	0.9999600000000001	3.0000000000000004e-05	2e-05	0.9999399999999999	4e-05
XB2014-144-5A	SM35	CYU	1e-05	0.999971	1.9e-05	1e-05	0.99997	2e-05	1e-05	0.9999699999999999	2e-05	1e-05	0.99996	3.0000000000000004e-05	1e-05	0.9999600000000001	3.0000000000000004e-05	2e-05	0.9999399999999999	4e-05
XB2014-144-6A	SM35	CYU	1e-05	0.99997	2e-05	1e-05	0.99997	2e-05	1e-05	0.9999699999999999	2e-05	1e-05	0.99996	3.0000000000000004e-05	1e-05	0.9999600000000001	3.0000000000000004e-05	2e-05	0.9999399999999999	4e-05
XB2014-144-7A	SM35	CYU	1e-05	0.99998	1e-05	1e-05	0.99997	2e-05	1e-05	0.99997	2e-05	1e-05	0.99996	3.0000000000000004e-05	1e-05	0.9999600000000001	3.0000000000000004e-05	2e-05	0.9999399999999999	4e-05
XB2014-144-8A	SM35	CYU	1e-05	0.999972	1.8e-05	1e-05	0.99997	2e-05	1e-05	0.9999699999999999	2e-05	1e-05	0.99996	3.0000000000000004e-05	1e-05	0.9999600000000001	3.0000000000000004e-05	2e-05	0.9999399999999999	4e-05
XB2014-144-9A	SM35	CYU	1e-05	0.999977	1.3e-05	1e-05	0.99997	2e-05	1e-05	0.9999699999999999	2e-05	1e-05	0.99996	3.0000000000000004e-05	1e-05	0.9999600000000001	3.0000000000000004e-05	2e-05	0.99994	4e-05
XB2014-38-2A	EY8	CYU	1e-05	0.999978	1.2e-05	1e-05	0.99996	3e-05	1e-05	0.9999619999999999	2.8000000000000003e-05	1e-05	0.99996	3.0000000000000004e-05	1e-05	0.9999600000000001	3.0000000000000004e-05	2.3e-05	0.9999309999999999	4.7000000000000004e-05
XB2014-38-3A	EY8	CYU	1e-05	0.99998	1e-05	1e-05	0.999961	2.9999999999999997e-05	1.2e-05	0.999964	2.4e-05	1e-05	0.999956	3.4e-05	1e-05	0.9999549999999999	3.5000000000000004e-05	2e-05	0.9999319999999999	4.7000000000000004e-05
XB2014-38-4A	EY8	CYU	1e-05	0.99998	1e-05	1e-05	0.99997	2e-05	1e-05	0.999965	2.5e-05	1e-05	0.99996	3.0000000000000004e-05	1e-05	0.9999600000000001	3.0000000000000004e-05	2.1000000000000002e-05	0.9999319999999999	4.6e-05
XB2014-38-5A	EY8	CYU	0.99998	1e-05	1e-05	0.99997	1e-05	2e-05	0.99996	2e-05	2e-05	0.999945	2e-05	3.5000000000000004e-05	0.99994	3.0000000000000004e-05	3.0000000000000004e-05	0.99994	2e-05	4e-05
XB2014-38-6A	EY9	CPO	1e-05	0.999976	1.4e-05	1e-05	0.99997	2e-05	1e-05	0.999964	2.6000000000000002e-05	1e-05	0.99996	3.0000000000000004e-05	1e-05	0.9999560000000001	3.4e-05	2e-05	0.9999399999999999	4e-05
XB2014-39-1A	EY9	CPO	0.99998	1e-05	1e-05	0.99997	1e-05	2e-05	0.99996	2e-05	2e-05	0.99995	2e-05	3.0000000000000004e-05	0.99994	3.0000000000000004e-05	3.0000000000000004e-05	0.9999399999999999	2e-05	4e-05
XB2014-39-2A	EY9	CPO	0.99998	1e-05	1e-05	0.999968	1e-05	2.2e-05	0.99996	2e-05	2e-05	0.999948	2e-05	3.2000000000000005e-05	0.99994	3.0000000000000004e-05	3.0000000000000004e-05	0.99994	2e-05	4e-05
XB2014-39-3A	EY9	CPO	0.99998	1e-05	1e-05	0.999968	1.2e-05	2e-05	0.99996	2e-05	2e-05	0.99995	2e-05	3.0000000000000004e-05	0.99994	3.0000000000000004e-05	3.0000000000000004e-05	0.9999399999999999	2e-05	4e-05
XB2014-39-4A	EY9	CPO	0.99998	1e-05	1e-05	0.99997	1e-05	2e-05	0.99996	2e-05	2e-05	0.99995	2e-05	3.0000000000000004e-05	0.99994	3.0000000000000004e-05	3.0000000000000004e-05	0.9999399999999999	2e-05	4e-05
XB2014-39-5A	EY9	CPO	0.99998	1e-05	1e-05	0.999964	1e-05	2.6000000000000002e-05	0.99996	2e-05	2e-05	0.99995	2e-05	3.0000000000000004e-05	0.99994	3.0000000000000004e-05	3.0000000000000004e-05	0.9999399999999999	2e-05	4e-05
XB2014-39-6A	EY9	CPO	0.999976	1.4e-05	1e-05	0.999966	1.4e-05	2e-05	0.99996	2e-05	2e-05	0.999948	2e-05	3.2000000000000005e-05	0.999932	3.8e-05	3.0000000000000004e-05	0.99994	2e-05	4e-05
XB2014-39-7A	EY9	CPO	0.99998	1e-05	1e-05	0.99997	1e-05	2e-05	0.99996	2e-05	2e-05	0.99995	2e-05	3.0000000000000004e-05	0.99994	3.0000000000000004e-05	3.0000000000000004e-05	0.99994	2e-05	4e-05
XB2014-39-8A	EY9	CPO	0.99998	1e-05	1e-05	0.99997	1e-05	2e-05	0.99996	2e-05	2e-05	0.99995	2e-05	3.0000000000000004e-05	0.99994	3.0000000000000004e-05	3.0000000000000004e-05	0.99994	2e-05	4e-05
XB2014-4-2A	MN4	CYU	1e-05	0.99998	1e-05	1e-05	0.99997	2e-05	1e-05	0.9999699999999999	2e-05	1e-05	0.99996	3.0000000000000004e-05	1e-05	0.9999600000000001	3.0000000000000004e-05	2e-05	0.9999399999999999	4e-05
XB2014-4-3A	MN4	CYU	1e-05	0.99998	1e-05	1e-05	0.99997	2e-05	1e-05	0.9999699999999999	2e-05	1.1e-05	0.9999549999999999	3.4e-05	1e-05	0.99996	3.0000000000000004e-05	2e-05	0.9999399999999999	4e-05
XB2014-4-4A	MN4	CYU	1e-05	0.99998	1e-05	1e-05	0.99997	2e-05	1e-05	0.9999699999999999	2e-05	1e-05	0.99996	3.0000000000000004e-05	1e-05	0.999961	3.0000000000000004e-05	2e-05	0.9999399999999999	4e-05
XB2014-4-5A	MN4	CYU	1e-05	0.99998	1e-05	1e-05	0.99997	2e-05	1e-05	0.9999699999999999	2e-05	1e-05	0.99996	3.0000000000000004e-05	1e-05	0.9999600000000001	3.0000000000000004e-05	2e-05	0.9999389999999999	4.1e-05
XB2014-4-6A	MN4	CYU	1e-05	0.99998	1e-05	1e-05	0.99997	2e-05	1e-05	0.9999699999999999	2e-05	1e-05	0.9999589999999999	3.1e-05	1e-05	0.9999600000000001	3.0000000000000004e-05	2e-05	0.9999389999999999	4.1e-05
XB2014-4-7A	MN4	CYU	1e-05	0.99998	1e-05	1e-05	0.99997	2e-05	1e-05	0.9999699999999999	2e-05	1e-05	0.99996	3.0000000000000004e-05	1e-05	0.9999600000000001	3.0000000000000004e-05	2e-05	0.9999399999999999	4e-05
XB2014-4-8A	YL9	CYU	1e-05	0.99998	1e-05	1e-05	0.99997	2e-05	1e-05	0.9999699999999999	2e-05	1e-05	0.99996	3.0000000000000004e-05	1e-05	0.99996	3.0000000000000004e-05	2e-05	0.9999399999999999	4e-05
XB2014-4-9A	YL9	CYU	1e-05	0.999976	1.4e-05	1e-05	0.999964	2.6000000000000002e-05	1e-05	0.9999699999999999	2e-05	1e-05	0.99996	3.0000000000000004e-05	1e-05	0.99996	3.0000000000000004e-05	2e-05	0.9999399999999999	4e-05
XB2014-48-1A	MN4	CYU	1e-05	0.99998	1e-05	1e-05	0.99997	2e-05	1e-05	0.999965	2.4e-05	1e-05	0.99996	3.0000000000000004e-05	1e-05	0.9999560000000001	3.5e-05	2e-05	0.9999399999999999	4e-05
XB2014-48-2A	MN4	CYU	1e-05	0.99998	1e-05	1e-05	0.999963	2.7e-05	1e-05	0.9999699999999999	2e-05	1e-05	0.99996	3.0000000000000004e-05	1e-05	0.9999600000000001	3.0000000000000004e-05	2e-05	0.999938	4.1e-05
XB2014-48-3A	YL9	CYU	1e-05	0.99998	1e-05	1e-05	0.99997	2e-05	1e-05	0.9999669999999999	2.3e-05	1e-05	0.999948	4.3e-05	1e-05	0.999959	3.0000000000000004e-05	2e-05	0.9999399999999999	4e-05
XB2014-48-4A	YL9	CYU	1e-05	0.999972	1.8e-05	1e-05	0.99997	2e-05	1e-05	0.9999699999999999	2e-05	1e-05	0.99996	3.0000000000000004e-05	1e-05	0.999957	3.4e-05	2e-05	0.9999389999999999	4.1e-05
XB2014-48-5A	YL9	CYU	1e-05	0.999978	1.2e-05	1e-05	0.99997	2e-05	1e-05	0.999964	2.6000000000000002e-05	1e-05	0.99995	4e-05	1e-05	0.999957	3.3e-05	2.5e-05	0.9999269999999999	4.8e-05
XB2014-48-6A	YL9	CYU	1e-05	0.999976	1.4e-05	1e-05	0.99997	2e-05	1e-05	0.9999659999999999	2.4e-05	1e-05	0.99996	3.0000000000000004e-05	1e-05	0.9999600000000001	3.0000000000000004e-05	2e-05	0.9999399999999999	4e-05
XB2014-48-7A	YL9	CYU	1e-05	0.999976	1.4e-05	1e-05	0.99997	2e-05	1e-05	0.999967	2.2e-05	1e-05	0.99996	3.0000000000000004e-05	1e-05	0.999955	3.6e-05	2e-05	0.9999399999999999	4e-05
XB2014-48-9A	YL9	CYU	1e-05	0.999976	1.4e-05	1e-05	0.99997	2e-05	1e-05	0.999968	2.2e-05	1e-05	0.99996	3.0000000000000004e-05	1.1e-05	0.999955	3.4e-05	2e-05	0.9999399999999999	4e-05
XB26-3B	SC37	CPO	0.99998	1e-05	1e-05	0.99997	1e-05	2e-05	0.99996	2e-05	2e-05	0.99995	2e-05	3.0000000000000004e-05	0.99994	3.0000000000000004e-05	3.0000000000000004e-05	0.9999399999999999	2e-05	4e-05
XB26-4B	SC37	CPO	0.99998	1e-05	1e-05	0.99997	1e-05	2e-05	0.99996	2e-05	2e-05	0.99995	2e-05	3.0000000000000004e-05	0.99994	3.0000000000000004e-05	3.0000000000000004e-05	0.9999399999999999	2e-05	4e-05
XB26-5B	SC37	CPO	0.99998	1e-05	1e-05	0.99997	1e-05	2e-05	0.99996	2e-05	2e-05	0.99995	2e-05	3.0000000000000004e-05	0.999925	4.5e-05	3.0000000000000004e-05	0.9999399999999999	2e-05	4e-05
XB26-7B	SC37	CPO	0.99998	1e-05	1e-05	0.99997	1e-05	2e-05	0.99996	2e-05	2e-05	0.99995	2e-05	3.0000000000000004e-05	0.99994	3.0000000000000004e-05	3.0000000000000004e-05	0.9999399999999999	2e-05	4e-05
XuBo982-1A	XS40	CMA	1e-05	1e-05	0.99998	1e-05	1e-05	0.99998	1e-05	2e-05	0.9999699999999999	1e-05	2e-05	0.99997	1e-05	3.0000000000000004e-05	0.9999600000000001	2e-05	2.7e-05	0.999953
XuBo982-2A	XS40	CMA	1e-05	1.2e-05	0.999978	1e-05	1e-05	0.99998	1e-05	2e-05	0.9999699999999999	1e-05	2e-05	0.99997	1e-05	3.0000000000000004e-05	0.9999600000000001	2e-05	2e-05	0.99996
XuBo982-3A	XS40	CMA	1e-05	1e-05	0.99998	1e-05	1e-05	0.99998	1e-05	3.4e-05	0.999956	1e-05	2e-05	0.99997	1e-05	3.0000000000000004e-05	0.9999600000000001	2e-05	2e-05	0.99996
XuBo982-4A	XS40	CMA	1e-05	1e-05	0.99998	1e-05	1.6e-05	0.9999739999999999	1e-05	2.9e-05	0.999961	1.5e-05	2e-05	0.999965	1.2e-05	3.0000000000000004e-05	0.999958	2e-05	2e-05	0.99996
XuBo982-5A	XS40	CMA	1e-05	1e-05	0.99998	1e-05	1e-05	0.99998	1e-05	2e-05	0.9999699999999999	1.5e-05	2e-05	0.999965	1e-05	3.0000000000000004e-05	0.9999600000000001	2e-05	2e-05	0.99996
XubBo-1037-1A	LN46	N	1e-05	0.999975	1.5e-05	0.11386	0.1618	0.72434	1.2e-05	2e-05	0.999968	1e-05	0.99996	3.0000000000000004e-05	1e-05	3.5e-05	0.9999560000000001	2e-05	0.9999399999999999	4e-05
XubBo-1037-2A	TB43	CMA	1e-05	0.972816	0.027174	0.107507	0.16106	0.731433	1e-05	2e-05	0.9999699999999999	1e-05	0.9999579999999999	3.2000000000000005e-05	1e-05	3.0000000000000004e-05	0.9999600000000001	2.5e-05	0.9999319999999999	4.3e-05
XubBo-1037-3A	TB43	CMA	1e-05	0.965856	0.034134	0.100646	0.134978	0.7643759999999999	1e-05	2e-05	0.9999699999999999	1e-05	0.99995	4e-05	1e-05	3.0000000000000004e-05	0.9999600000000001	2e-05	0.9999399999999999	4e-05
XubBo-1037-4A	TB43	CMA	1e-05	0.999978	1.2e-05	0.109849	0.156747	0.733404	1e-05	2e-05	0.9999699999999999	1e-05	0.99996	3.0000000000000004e-05	1e-05	3.0000000000000004e-05	0.9999600000000001	2e-05	0.9999399999999999	4e-05
XubBo-1037-5A	TB43	CMA	1e-05	0.972155	0.027835	0.097319	0.153439	0.749242	1.4e-05	2e-05	0.9999659999999999	1e-05	0.9999589999999999	3.1e-05	1e-05	3.0000000000000004e-05	0.9999600000000001	2.4e-05	0.9999349999999999	4.1e-05
XubBo-1037-6A	TB43	CMA	1e-05	0.999978	1.2e-05	0.097676	0.164428	0.7378969999999999	1.7e-05	2e-05	0.9999629999999999	1e-05	0.99996	3.0000000000000004e-05	1e-05	3.0000000000000004e-05	0.9999600000000001	2e-05	0.9999399999999999	4e-05
XubBo-1037-7A	TB43	CMA	1e-05	0.985916	0.014074	0.100413	0.129954	0.769632	1e-05	2.8000000000000003e-05	0.9999619999999999	1e-05	0.99996	3.0000000000000004e-05	1e-05	3.0000000000000004e-05	0.9999600000000001	2e-05	0.9999359999999999	4.4e-05
XubBo-1037-8A	TB43	CMA	1e-05	0.99998	1e-05	0.088506	0.14552	0.7659739999999999	1e-05	3.0000000000000004e-05	0.99996	1e-05	0.9999549999999999	3.5000000000000004e-05	1e-05	3.0000000000000004e-05	0.9999600000000001	2e-05	0.9999399999999999	4e-05
XubBo1030-10A	LN46	N	1e-05	1e-05	0.99998	1e-05	1e-05	0.99998	1e-05	2e-05	0.9999699999999999	1e-05	2e-05	0.99997	1e-05	3.0000000000000004e-05	0.9999600000000001	2e-05	2e-05	0.99996
XubBo1030-1A	LN46	N	1e-05	1e-05	0.99998	1e-05	1e-05	0.99998	1e-05	2e-05	0.9999699999999999	1e-05	2e-05	0.99997	1e-05	3.0000000000000004e-05	0.9999600000000001	2e-05	2e-05	0.99996
XubBo1030-3A	LN46	N	1e-05	1e-05	0.99998	1e-05	1.1e-05	0.999979	1e-05	2e-05	0.9999699999999999	1.6e-05	2e-05	0.9999640000000001	1e-05	3.0000000000000004e-05	0.9999600000000001	2e-05	2e-05	0.99996
XubBo1030-5A	LN46	N	1e-05	1e-05	0.99998	1e-05	1.4e-05	0.999976	1e-05	2e-05	0.9999699999999999	1e-05	2e-05	0.99997	1e-05	3.5000000000000004e-05	0.999955	2e-05	2e-05	0.99996
XubBo1030-6A	LN46	N	1e-05	1e-05	0.99998	1e-05	1e-05	0.99998	1e-05	2e-05	0.9999699999999999	1e-05	2e-05	0.9999699999999999	1e-05	3.0000000000000004e-05	0.9999600000000001	2e-05	2e-05	0.99996
XubBo1030-8A	LN46	N	1e-05	1.9e-05	0.999971	1e-05	1e-05	0.99998	1e-05	2e-05	0.9999699999999999	1e-05	2e-05	0.99997	1e-05	3.0000000000000004e-05	0.9999600000000001	2e-05	2e-05	0.99996
XubBo1030-9A	LN46	N	1e-05	1.1e-05	0.999979	1e-05	1e-05	0.99998	1e-05	2e-05	0.9999699999999999	1e-05	2e-05	0.99997	1e-05	3.0000000000000004e-05	0.9999600000000001	2e-05	2e-05	0.99996
XubBo1051-10A	WX48	CMA	1e-05	1e-05	0.99998	1e-05	1e-05	0.99998	1e-05	0.694893	0.305097	1e-05	2e-05	0.99997	1e-05	3.0000000000000004e-05	0.9999600000000001	2e-05	2e-05	0.99996
XubBo1051-1A	WX48	CMA	1e-05	1e-05	0.99998	1e-05	1e-05	0.99998	1e-05	0.6389699999999999	0.36102	1e-05	2e-05	0.99997	1e-05	3.0000000000000004e-05	0.9999600000000001	2e-05	2e-05	0.99996
XubBo1051-2A	WX48	CMA	1e-05	1e-05	0.99998	1e-05	1e-05	0.99998	1e-05	0.6322329999999999	0.367757	1e-05	2e-05	0.99997	1e-05	3.0000000000000004e-05	0.9999600000000001	2e-05	2e-05	0.99996
XubBo1051-3A	WX48	CMA	1e-05	1e-05	0.99998	1e-05	1e-05	0.99998	1e-05	0.644046	0.355944	1e-05	2e-05	0.99997	1e-05	3.0000000000000004e-05	0.9999600000000001	2e-05	2.1000000000000002e-05	0.999959
XubBo1051-4A	WX48	CMA	1e-05	1e-05	0.99998	1e-05	1e-05	0.99998	1e-05	0.59997	0.40002	1e-05	2e-05	0.99997	1e-05	3.0000000000000004e-05	0.9999600000000001	2e-05	2.2e-05	0.999959
XubBo1051-7A	WX48	CMA	1e-05	1e-05	0.99998	1e-05	1e-05	0.99998	1e-05	0.654878	0.34511200000000003	1e-05	2e-05	0.99997	1e-05	3.0000000000000004e-05	0.9999600000000001	2e-05	2.2e-05	0.999957
XubBo1051-8A	WX48	CMA	1e-05	1e-05	0.99998	1e-05	1e-05	0.99998	1e-05	0.641898	0.358092	1e-05	2e-05	0.99997	1e-05	3.0000000000000004e-05	0.9999600000000001	2e-05	2e-05	0.99996
XubBo1051-9A	WX48	CMA	1e-05	1e-05	0.99998	1e-05	1.5e-05	0.999975	1e-05	0.633756	0.366234	1e-05	2e-05	0.99997	1e-05	3.0000000000000004e-05	0.9999600000000001	2e-05	2e-05	0.99996
Xubo01402-2A	YS26	CYU	1e-05	0.99998	1e-05	1e-05	0.999967	2.3e-05	1e-05	0.9999699999999999	2e-05	1e-05	0.99996	3.0000000000000004e-05	1e-05	0.9999560000000001	3.4e-05	2.1000000000000002e-05	0.999938	4.1e-05
Xubo01402-3A	YS26	CYU	1e-05	0.999975	1.5e-05	1e-05	0.999967	2.3e-05	1.1e-05	0.999966	2.4e-05	1e-05	0.9999509999999999	3.9e-05	1.2e-05	0.999957	3.1e-05	2e-05	0.9999269999999999	5.3e-05
Xubo01402-4A	YS26	CYU	1e-05	0.99998	1e-05	1e-05	0.999966	2.4e-05	1e-05	0.999965	2.5e-05	1e-05	0.99996	3.0000000000000004e-05	1e-05	0.9999600000000001	3.0000000000000004e-05	2e-05	0.9999399999999999	4e-05
Xubo01402-5A	YS26	CYU	1e-05	0.999975	1.5e-05	1e-05	0.999969	2.1000000000000002e-05	1.6e-05	0.999961	2.3e-05	1e-05	0.99996	3.0000000000000004e-05	1e-05	0.9999560000000001	3.4e-05	2e-05	0.999934	4.6e-05
Xubo01402-6A	YS26	CYU	1e-05	0.999971	1.9e-05	1e-05	0.99997	2e-05	1e-05	0.9999699999999999	2e-05	1e-05	0.99996	3.0000000000000004e-05	1.3e-05	0.999953	3.4e-05	2e-05	0.9999399999999999	4e-05
Xubo01402-7A	YS26	CYU	1e-05	0.999978	1.2e-05	1e-05	0.999961	2.9e-05	1e-05	0.9999699999999999	2e-05	1e-05	0.99996	3.0000000000000004e-05	1e-05	0.9999579999999999	3.2000000000000005e-05	2e-05	0.999938	4.2000000000000004e-05
Xubo01402-8A	YS26	CYU	1e-05	0.99998	1e-05	1e-05	0.99997	2e-05	1e-05	0.9999699999999999	2e-05	1e-05	0.9999589999999999	3.1e-05	1e-05	0.9999600000000001	3.0000000000000004e-05	2e-05	0.9999399999999999	4e-05
Xubo01402-9A	YS26	CYU	1e-05	0.99998	1e-05	1e-05	0.99997	2e-05	1e-05	0.999969	2.1000000000000002e-05	1e-05	0.99996	3.0000000000000004e-05	1e-05	0.999957	3.3e-05	2e-05	0.9999399999999999	4e-05
YLZB4703-2A	SM3	CYU	1e-05	0.99998	1e-05	1e-05	0.999967	2.3e-05	1e-05	0.9999699999999999	2e-05	1e-05	0.99996	3.0000000000000004e-05	1e-05	0.99996	3.0000000000000004e-05	2e-05	0.9999399999999999	4e-05
YLZB4703-3A	SM3	CYU	1e-05	0.99998	1e-05	1e-05	0.999967	2.3e-05	1e-05	0.9999699999999999	2e-05	1e-05	0.99996	3.0000000000000004e-05	1e-05	0.99996	3.0000000000000004e-05	2e-05	0.9999399999999999	4e-05
YLZB4703-5A	SM3	CYU	1e-05	0.999971	1.9e-05	1e-05	0.999964	2.6000000000000002e-05	1e-05	0.9999699999999999	2e-05	1.2e-05	0.9999579999999999	3.0000000000000004e-05	1e-05	0.99996	3.0000000000000004e-05	2e-05	0.9999399999999999	4e-05
YLZB4703-7A	SM3	CYU	1e-05	0.99998	1e-05	1e-05	0.999964	2.6000000000000002e-05	1e-05	0.9999699999999999	2e-05	1e-05	0.999956	3.4e-05	1e-05	0.9999600000000001	3.0000000000000004e-05	2e-05	0.9999399999999999	4e-05
YLZB4703-9A	SM3	CYU	0.004616	0.995374	1e-05	0.009192	0.990781	2.7e-05	1e-05	0.9999699999999999	2e-05	1e-05	0.99996	3.0000000000000004e-05	1e-05	0.99996	3.0000000000000004e-05	2e-05	0.9999399999999999	4e-05
YLZB4715-10A	MY1	CYU	1e-05	0.99998	1e-05	1e-05	0.999968	2.2e-05	1.2e-05	0.999966	2.2e-05	1e-05	0.99996	3.0000000000000004e-05	1e-05	0.9999600000000001	3.0000000000000004e-05	2e-05	0.999938	4.2000000000000004e-05
YLZB4715-1A	MY1	CYU	1e-05	0.99998	1e-05	1e-05	0.999967	2.3e-05	1e-05	0.999969	2.1000000000000002e-05	1e-05	0.999957	3.3e-05	1e-05	0.9999560000000001	3.3e-05	2e-05	0.9999399999999999	4e-05
YLZB4715-2A	MY1	CYU	1e-05	0.999972	1.8e-05	1e-05	0.99997	2e-05	1e-05	0.9999669999999999	2.3e-05	1e-05	0.99996	3.0000000000000004e-05	1e-05	0.999958	3.2000000000000005e-05	2.1000000000000002e-05	0.9999389999999999	4e-05
YLZB4715-5A	MY1	CYU	1e-05	0.99998	1e-05	1e-05	0.999965	2.5e-05	1e-05	0.9999669999999999	2.3e-05	1e-05	0.9999509999999999	3.9e-05	1e-05	0.9999560000000001	3.4e-05	2e-05	0.999938	4.1e-05
YLZB4715-6A	MY1	CYU	1e-05	0.99998	1e-05	1e-05	0.999968	2.2e-05	1e-05	0.999961	2.9e-05	1e-05	0.99996	3.0000000000000004e-05	1e-05	0.9999600000000001	3.0000000000000004e-05	2.1000000000000002e-05	0.9999389999999999	4e-05
YLZB4715-7A	MY1	CYU	1e-05	0.99998	1e-05	1e-05	0.99997	2e-05	1e-05	0.999964	2.6000000000000002e-05	1e-05	0.999954	3.6e-05	1e-05	0.9999600000000001	3.0000000000000004e-05	2e-05	0.9999399999999999	4e-05
YLZB4715-8A	MY1	CYU	1e-05	0.99998	1e-05	1e-05	0.999967	2.3e-05	1e-05	0.9999659999999999	2.4e-05	1e-05	0.999953	3.7000000000000005e-05	1.1e-05	0.999959	3.0000000000000004e-05	2e-05	0.9999399999999999	4e-05
YLZB4715-9A	MY1	CYU	1e-05	0.99998	1e-05	1e-05	0.99997	2e-05	1e-05	0.9999659999999999	2.4e-05	1e-05	0.99996	3.0000000000000004e-05	1e-05	0.9999600000000001	3.0000000000000004e-05	2e-05	0.9999399999999999	4e-05
YLZB4735-10A	YSXC51	CPO	0.99998	1e-05	1e-05	0.99997	1e-05	2e-05	0.99996	2e-05	2e-05	0.99995	2e-05	3.0000000000000004e-05	0.99994	3.0000000000000004e-05	3.0000000000000004e-05	0.9999399999999999	2e-05	4e-05
YLZB4735-1A	YSXC51	CPO	0.99998	1e-05	1e-05	0.999962	1e-05	2.8000000000000003e-05	0.99996	2e-05	2e-05	0.99995	2e-05	3.0000000000000004e-05	0.99994	3.0000000000000004e-05	3.0000000000000004e-05	0.9999399999999999	2e-05	4e-05
YLZB4735-2A	YSXC51	CPO	0.99998	1e-05	1e-05	0.99997	1e-05	2e-05	0.99996	2e-05	2e-05	0.99995	2e-05	3.0000000000000004e-05	0.999931	3.0000000000000004e-05	3.9e-05	0.9999399999999999	2e-05	4e-05
YLZB4735-3A	YSXC51	CPO	0.99998	1e-05	1e-05	0.999967	1e-05	2.3e-05	0.999954	2.6000000000000002e-05	2e-05	0.99995	2e-05	3.0000000000000004e-05	0.99994	3.0000000000000004e-05	3.0000000000000004e-05	0.9999399999999999	2e-05	4e-05
YLZB4735-5A	YSXC51	CPO	0.99998	1e-05	1e-05	0.99997	1e-05	2e-05	0.99996	2e-05	2e-05	0.99995	2e-05	3.0000000000000004e-05	0.99994	3.0000000000000004e-05	3.0000000000000004e-05	0.9999399999999999	2e-05	4e-05
YLZB4735-6A	YSXC51	CPO	0.99998	1e-05	1e-05	0.99997	1e-05	2e-05	0.99996	2e-05	2e-05	0.99995	2e-05	3.0000000000000004e-05	0.99994	3.0000000000000004e-05	3.0000000000000004e-05	0.9999399999999999	2e-05	4e-05
YLZB4735-8A	YSXC51	CPO	0.99998	1e-05	1e-05	0.99997	1e-05	2e-05	0.99996	2e-05	2e-05	0.99995	2e-05	3.0000000000000004e-05	0.99994	3.0000000000000004e-05	3.0000000000000004e-05	0.9999399999999999	2e-05	4e-05
YLZB4735-9A	YSXC51	CPO	0.99998	1e-05	1e-05	0.999961	1e-05	2.9e-05	0.999952	2.8e-05	2e-05	0.99995	2e-05	3.0000000000000004e-05	0.99994	3.0000000000000004e-05	3.0000000000000004e-05	0.9999399999999999	2e-05	4e-05
YLZB4816-11A	ASCD52	CPO	0.99998	1e-05	1e-05	0.99997	1e-05	2e-05	0.99996	2e-05	2e-05	0.99995	2e-05	3.0000000000000004e-05	0.99994	3.0000000000000004e-05	3.0000000000000004e-05	0.9999399999999999	2e-05	4e-05
YLZB4816-3A	ASCD52	CPO	0.99998	1e-05	1e-05	0.99997	1e-05	2e-05	0.99996	2e-05	2e-05	0.99995	2e-05	3.0000000000000004e-05	0.99994	3.0000000000000004e-05	3.0000000000000004e-05	0.9999399999999999	2e-05	4e-05
YLZB4816-4A	ASCD52	CPO	0.99998	1e-05	1e-05	0.99997	1e-05	2e-05	0.999956	2.4e-05	2e-05	0.999948	2.1000000000000002e-05	3.0000000000000004e-05	0.99994	3.0000000000000004e-05	3.0000000000000004e-05	0.9999319999999999	2e-05	4.8e-05
YLZB4816-6A	ASCD52	CPO	0.999979	1.1e-05	1e-05	0.99997	1e-05	2e-05	0.999957	2.3e-05	2e-05	0.99995	2e-05	3.0000000000000004e-05	0.99994	3.0000000000000004e-05	3.0000000000000004e-05	0.9999399999999999	2e-05	4e-05
YLZB4816-7A	ASCD52	CPO	0.99998	1e-05	1e-05	0.99997	1e-05	2e-05	0.99996	2e-05	2e-05	0.999941	2e-05	3.9e-05	0.99994	3.0000000000000004e-05	3.0000000000000004e-05	0.999933	2e-05	4.7000000000000004e-05
YLZB4816-8A	ASCD52	CPO	0.99998	1e-05	1e-05	0.99997	1e-05	2e-05	0.99996	2e-05	2e-05	0.99995	2e-05	3.0000000000000004e-05	0.99994	3.0000000000000004e-05	3.0000000000000004e-05	0.9999399999999999	2e-05	4e-05
YLZB4816-9A	ASCD52	CPO	0.99998	1e-05	1e-05	0.99997	1e-05	2e-05	0.99996	2e-05	2e-05	0.99995	2e-05	3.0000000000000004e-05	0.99994	3.0000000000000004e-05	3.0000000000000004e-05	0.9999399999999999	2e-05	4e-05
ZXL277-1A	YY12	CMA	1e-05	1.9e-05	0.999971	1e-05	1.2e-05	0.9999779999999999	1e-05	2e-05	0.9999699999999999	1e-05	2e-05	0.99997	1e-05	3.0000000000000004e-05	0.9999600000000001	2e-05	2e-05	0.99996
ZXL277-2A	YY12	CMA	1e-05	1.7e-05	0.999973	1e-05	1e-05	0.99998	1e-05	2e-05	0.9999699999999999	1e-05	2e-05	0.99997	1e-05	3.0000000000000004e-05	0.9999600000000001	2e-05	2e-05	0.99996
ZXL277-3A	YY12	CMA	1e-05	1e-05	0.99998	1e-05	1e-05	0.99998	1e-05	2e-05	0.9999699999999999	1e-05	2e-05	0.99997	1e-05	3.0000000000000004e-05	0.9999600000000001	2e-05	2e-05	0.99996
ZXL277-4A	YY12	CMA	1e-05	1.8e-05	0.999972	1e-05	1e-05	0.99998	1e-05	2e-05	0.9999699999999999	1e-05	2e-05	0.99997	1e-05	3.0000000000000004e-05	0.9999600000000001	2e-05	2e-05	0.99996
ZXL277-5A	YY12	CMA	1e-05	1e-05	0.99998	1e-05	1e-05	0.99998	1e-05	2e-05	0.9999699999999999	1e-05	2e-05	0.99997	1e-05	3.3e-05	0.999958	2e-05	2e-05	0.99996
ZXL277-6A	YY12	CMA	1e-05	1e-05	0.99998	1e-05	1e-05	0.99998	1e-05	2e-05	0.9999699999999999	1e-05	2e-05	0.99997	1.4e-05	3.0000000000000004e-05	0.9999560000000001	2e-05	2e-05	0.99996
ZXL277-7A	YY12	CMA	1e-05	1e-05	0.99998	1e-05	1.3e-05	0.999977	1e-05	2e-05	0.9999699999999999	1e-05	2e-05	0.99997	1e-05	3.0000000000000004e-05	0.9999600000000001	2e-05	2.6000000000000002e-05	0.999954
ZXL277-8A	YY12	CMA	1e-05	1.1e-05	0.999979	1e-05	1e-05	0.99998	1e-05	2e-05	0.9999699999999999	1e-05	2e-05	0.99997	1e-05	3.0000000000000004e-05	0.9999600000000001	2e-05	2e-05	0.9999600000000001
ZXL79-1A	CZ25	CMA	1e-05	1e-05	0.99998	1e-05	1e-05	0.99998	1e-05	2.1000000000000002e-05	0.999969	1e-05	2e-05	0.99997	1e-05	3.0000000000000004e-05	0.9999600000000001	2e-05	2e-05	0.99996
ZXL79-2A	CZ25	CMA	1e-05	1e-05	0.99998	1e-05	1e-05	0.9999800000000001	1e-05	2e-05	0.9999699999999999	1e-05	2e-05	0.9999699999999999	1e-05	3.1e-05	0.999959	2e-05	2e-05	0.99996
ZXL79-3A	CZ25	CMA	1e-05	1e-05	0.99998	1e-05	1e-05	0.99998	1e-05	2e-05	0.9999699999999999	1e-05	2e-05	0.99997	1e-05	3.0000000000000004e-05	0.9999600000000001	2e-05	2e-05	0.99996
ZXL79-4A	CZ25	CMA	1e-05	1e-05	0.99998	1e-05	1e-05	0.99998	1e-05	2e-05	0.9999699999999999	1e-05	2e-05	0.99997	1e-05	3.0000000000000004e-05	0.9999600000000001	2e-05	2e-05	0.99996
ZXL79-5A	CZ25	CMA	1e-05	2e-05	0.99997	1e-05	1e-05	0.99998	1e-05	2e-05	0.9999699999999999	1e-05	2e-05	0.99997	1e-05	3.0000000000000004e-05	0.9999600000000001	2e-05	2e-05	0.99996
ZXL79-6A	CZ25	CMA	1e-05	1.9e-05	0.999971	1e-05	1e-05	0.99998	1e-05	2e-05	0.9999699999999999	1.4e-05	2e-05	0.999966	1e-05	3.0000000000000004e-05	0.9999600000000001	2e-05	2e-05	0.99996
ZXL79-7A	CZ25	CMA	1e-05	1e-05	0.99998	1e-05	1e-05	0.99998	1e-05	2e-05	0.9999699999999999	1e-05	2e-05	0.99997	1e-05	3.0000000000000004e-05	0.9999600000000001	2e-05	2e-05	0.99996
xubo266-2A	XY36	CMA	1e-05	1e-05	0.99998	1e-05	1e-05	0.99998	1e-05	2e-05	0.9999699999999999	1.3e-05	2e-05	0.999967	1e-05	3.0000000000000004e-05	0.9999600000000001	2e-05	2e-05	0.99996
xubo266-3A	XY36	CMA	1e-05	1e-05	0.99998	1e-05	1e-05	0.99998	1.4e-05	2e-05	0.999966	1.6e-05	2e-05	0.9999640000000001	1e-05	3.0000000000000004e-05	0.9999600000000001	2e-05	2e-05	0.99996
xubo266-4A	XY36	CMA	1e-05	1e-05	0.99998	1e-05	1e-05	0.99998	1e-05	2.1000000000000002e-05	0.99997	1e-05	2.3e-05	0.999967	1e-05	3.0000000000000004e-05	0.9999600000000001	2e-05	2e-05	0.99996
xubo266-5A	XY36	CMA	1e-05	1e-05	0.99998	1e-05	1e-05	0.99998	1e-05	2.3e-05	0.999967	1e-05	2.2e-05	0.999968	1e-05	3.0000000000000004e-05	0.9999600000000001	2e-05	2e-05	0.99996
xubo266-6A	XY36	CMA	1e-05	1e-05	0.99998	1e-05	1e-05	0.99998	1e-05	2e-05	0.9999699999999999	1e-05	2e-05	0.99997	1.1e-05	3.0000000000000004e-05	0.999959	2.3e-05	2e-05	0.999957
xubo266-8A	XY36	CMA	1e-05	1e-05	0.99998	1e-05	1e-05	0.99998	1e-05	2e-05	0.9999699999999999	1e-05	2.4e-05	0.999965	1e-05	4e-05	0.99995	2e-05	2e-05	0.99996
xubo266-9A	XY36	CMA	1e-05	1e-05	0.99998	1e-05	1.1e-05	0.999979	1e-05	2e-05	0.9999699999999999	1e-05	2e-05	0.99997	1e-05	3.0000000000000004e-05	0.99996	2e-05	2e-05	0.99996
zhuzm1009-10A	KM42	CPO	0.99998	1e-05	1e-05	0.99997	1e-05	2e-05	0.99996	2e-05	2e-05	0.99995	2e-05	3.0000000000000004e-05	0.99994	3.0000000000000004e-05	3.0000000000000004e-05	0.9999359999999999	2e-05	4.4e-05
zhuzm1009-2A	KM42	CPO	0.99998	1e-05	1e-05	0.99997	1e-05	2e-05	0.99996	2e-05	2e-05	0.999946	2e-05	3.4e-05	0.999934	3.7000000000000005e-05	3.0000000000000004e-05	0.999934	2e-05	4.6e-05
zhuzm1009-3A	KM42	CPO	0.99998	1e-05	1e-05	0.999966	1.2e-05	2.2e-05	0.99996	2e-05	2e-05	0.99995	2e-05	3.0000000000000004e-05	0.99994	3.0000000000000004e-05	3.0000000000000004e-05	0.9999349999999999	2e-05	4.5e-05
zhuzm1009-6A	KM42	CPO	0.99998	1e-05	1e-05	0.99997	1e-05	2e-05	0.99996	2e-05	2e-05	0.999949	2e-05	3.1e-05	0.99994	3.0000000000000004e-05	3.0000000000000004e-05	0.999937	2e-05	4.2000000000000004e-05
zhuzm1009-7A	KM42	CPO	0.99998	1e-05	1e-05	0.99997	1e-05	2e-05	0.99996	2e-05	2e-05	0.999948	2e-05	3.2000000000000005e-05	0.99994	3.0000000000000004e-05	3.0000000000000004e-05	0.9999319999999999	2.8000000000000003e-05	4e-05
zhuzm1009-8A	KM42	CPO	0.99998	1e-05	1e-05	0.99997	1e-05	2e-05	0.99996	2e-05	2e-05	0.99995	2e-05	3.0000000000000004e-05	0.999933	3.7000000000000005e-05	3.0000000000000004e-05	0.9999399999999999	2e-05	4e-05
