sample	code	group	Longitude	Latitude	sp1	sp2
2014-128-1A	ML50	CPO	100.852	28.234	C. polyantha	C. polyantha var. polyantha
2014-128-2A	ML50	CPO	100.852	28.234	C. polyantha	C. polyantha var. polyantha
2014-128-3A	ML50	CPO	100.852	28.234	C. polyantha	C. polyantha var. polyantha
2014-128-4A	ML50	CPO	100.852	28.234	C. polyantha	C. polyantha var. polyantha
2014-128-5A	ML50	CPO	100.852	28.234	C. polyantha	C. polyantha var. polyantha
2014-132-2A	ML5	N	100.869	28.173	C. polyantha	C. polyantha var. polyantha
2014-132-3A	ML5	N	100.869	28.173	C. polyantha	C. polyantha var. polyantha
2014-132-4A	ML5	N	100.869	28.173	C. polyantha	C. polyantha var. polyantha
2014-132-5A	ML5	N	100.869	28.173	C. polyantha	C. polyantha var. polyantha
2014-132-6A	ML5	N	100.869	28.173	C. polyantha	C. polyantha var. polyantha
2014-132-7A	ML5	N	100.869	28.173	C. polyantha	C. polyantha var. polyantha
2014-132-8A	ML5	N	100.869	28.173	C. polyantha	C. polyantha var. polyantha
2014-132-9A	ML5	N	100.869	28.173	C. polyantha	C. polyantha var. polyantha
2014-3-10A	MN34	CPO	101.876	28.303	C. polyantha	C. polyantha var. tomentosa
2014-3-3A	MN34	CPO	101.876	28.303	C. polyantha	C. polyantha var. tomentosa
2014-3-4A	MN34	CPO	101.876	28.303	C. polyantha	C. polyantha var. tomentosa
2014-3-5A	MN34	CPO	101.876	28.303	C. polyantha	C. polyantha var. tomentosa
2014-3-6A	MN34	CPO	101.876	28.303	C. polyantha	C. polyantha var. tomentosa
2014-3-7A	MN34	CPO	101.876	28.303	C. polyantha	C. polyantha var. tomentosa
2014-3-8A	MN34	CPO	101.876	28.303	C. polyantha	C. polyantha var. tomentosa
2014-3-9A	MN34	CPO	101.876	28.303	C. polyantha	C. polyantha var. tomentosa
2014-66-1A	YL49	CPO	100.416	27.116	C. polyantha	C. polyantha var. polyantha
2014-66-2A	YL49	CPO	100.416	27.116	C. polyantha	C. polyantha var. polyantha
2014-66-3A	YL49	CPO	100.416	27.116	C. polyantha	C. polyantha var. polyantha
2014-66-4A	YL49	CPO	100.416	27.116	C. polyantha	C. polyantha var. polyantha
2014-66-5A	YL49	CPO	100.416	27.116	C. polyantha	C. polyantha var. polyantha
2014-66-6A	YL49	CPO	100.416	27.116	C. polyantha	C. polyantha var. polyantha
2014-66-7A	YL49	CPO	100.416	27.116	C. polyantha	C. polyantha var. polyantha
2014-66-8A	YL49	CPO	100.416	27.116	C. polyantha	C. polyantha var. polyantha
DP1709141A	DQS11	CMA	128.511	35.81	C. macrocarpa	C. macrocarpa var. macrocarpa
DP1709144A	DQS11	CMA	128.511	35.81	C. macrocarpa	C. macrocarpa var. macrocarpa
DP1709148A	DQS11	CMA	128.511	35.81	C. macrocarpa	C. macrocarpa var. macrocarpa
Gln2014-15-10A	LD30	CYU	102.215	29.982	C. yunnanensis	C. yunnanensis subsp. filipes
Gln2014-15-1A	LD30	CYU	102.215	29.982	C. yunnanensis	C. yunnanensis subsp. filipes
Gln2014-15-3A	LD30	CYU	102.215	29.982	C. yunnanensis	C. yunnanensis subsp. filipes
Gln2014-15-4A	LD30	CYU	102.215	29.982	C. yunnanensis	C. yunnanensis subsp. filipes
Gln2014-15-5A	LD30	CYU	102.215	29.982	C. yunnanensis	C. yunnanensis subsp. filipes
Gln2014-15-6A	LD30	CYU	102.215	29.982	C. yunnanensis	C. yunnanensis subsp. filipes
Gln2014-15-7A	LD30	CYU	102.215	29.982	C. yunnanensis	C. yunnanensis subsp. filipes
Gln2014-15-8A	LD30	CYU	102.215	29.982	C. yunnanensis	C. yunnanensis subsp. filipes
Gln2014-8-1A	LD06	CPO	102.221	29.971	C. polyantha	C. polyantha var. polyantha
Gln2014-8-2A	LD06	CPO	102.221	29.971	C. polyantha	C. polyantha var. polyantha
Gln2014-8-4A	LD06	CPO	102.221	29.971	C. polyantha	C. polyantha var. polyantha
Gln2014-8-5A	LD06	CPO	102.221	29.971	C. polyantha	C. polyantha var. polyantha
Gln2014-8-6A	LD06	CPO	102.221	29.971	C. polyantha	C. polyantha var. polyantha
Gln2014-8-7A	LD06	CPO	102.221	29.971	C. polyantha	C. polyantha var. polyantha
Gln2014-8-8A	LD06	CPO	102.221	29.971	C. polyantha	C. polyantha var. polyantha
JLS-BM001-1A	BM31	N	95.217	30.048	C. polyantha	C. polyantha f. leiocarpa
JLS-BM001-2A	BM31	N	95.217	30.048	C. polyantha	C. polyantha f. leiocarpa
JLS-BM001-3A	BM31	N	95.217	30.048	C. polyantha	C. polyantha f. leiocarpa
JLS-BM001-4A	BM31	N	95.217	30.048	C. polyantha	C. polyantha f. leiocarpa
JLS-BM001-5A	BM31	N	95.217	30.048	C. polyantha	C. polyantha f. leiocarpa
JLS-BM001-6A	BM31	N	95.217	30.048	C. polyantha	C. polyantha f. leiocarpa
JLS-BM001-7A	BM31	N	95.217	30.048	C. polyantha	C. polyantha f. leiocarpa
JLS-BM001-8A	BM31	N	95.217	30.048	C. polyantha	C. polyantha f. leiocarpa
JLS-CY022-10A	CY32	CPO	98.394	28.505	C. polyantha	C. polyantha var. polyantha
JLS-CY022-11A	CY32	CPO	98.394	28.505	C. polyantha	C. polyantha var. polyantha
JLS-CY022-4A	CY32	CPO	98.394	28.505	C. polyantha	C. polyantha var. polyantha
JLS-CY022-5A	CY32	CPO	98.394	28.505	C. polyantha	C. polyantha var. polyantha
JLS-CY022-6A	CY32	CPO	98.394	28.505	C. polyantha	C. polyantha var. polyantha
JLS-CY022-7A	CY32	CPO	98.394	28.505	C. polyantha	C. polyantha var. polyantha
Sha-WS-1A	WS14	CMA	110.013	31.037	C. macrocarpa	C. macrocarpa var. macrocarpa
Sha-WS-2A	WS14	CMA	110.013	31.037	C. macrocarpa	C. macrocarpa var. macrocarpa
Sha-WS-3A	WS14	CMA	110.013	31.037	C. macrocarpa	C. macrocarpa var. macrocarpa
Sha-WS-4A	WS14	CMA	110.013	31.037	C. macrocarpa	C. macrocarpa var. macrocarpa
Sha-WS-5A	WS14	CMA	110.013	31.037	C. macrocarpa	C. macrocarpa var. macrocarpa
Sha-WS-6A	WS14	CMA	110.013	31.037	C. macrocarpa	C. macrocarpa var. macrocarpa
Sha-WS-7A	WS14	CMA	110.013	31.037	C. macrocarpa	C. macrocarpa var. macrocarpa
Sha-WS-8A	WS14	CMA	110.013	31.037	C. macrocarpa	C. macrocarpa var. macrocarpa
THP-SET_1917-1A	MK27	CPO	98.923	29.746	C. polyantha	C. polyantha f. souliei
THP-SET_1917-2A	MK27	CPO	98.923	29.746	C. polyantha	C. polyantha f. souliei
THP-SET_1917-3A	MK27	CPO	98.923	29.746	C. polyantha	C. polyantha f. souliei
THP-SET_1917-4A	MK27	CPO	98.923	29.746	C. polyantha	C. polyantha f. souliei
THP-SET_1917-5A	MK27	CPO	98.923	29.746	C. polyantha	C. polyantha f. souliei
THP-SET_1917-6A	MK27	CPO	98.923	29.746	C. polyantha	C. polyantha f. souliei
THP-SET_1917-7A	MK27	CPO	98.923	29.746	C. polyantha	C. polyantha f. souliei
THP-SET_1917-8A	MK27	CPO	98.923	29.746	C. polyantha	C. polyantha f. souliei
XB2014-144-2A	SM35	CYU	102.326	29.247	C. polyantha	C. polyantha var. tomentosa
XB2014-144-3A	SM35	CYU	102.326	29.247	C. polyantha	C. polyantha var. tomentosa
XB2014-144-4A	SM35	CYU	102.326	29.247	C. polyantha	C. polyantha var. tomentosa
XB2014-144-5A	SM35	CYU	102.326	29.247	C. polyantha	C. polyantha var. tomentosa
XB2014-144-6A	SM35	CYU	102.326	29.247	C. polyantha	C. polyantha var. tomentosa
XB2014-144-7A	SM35	CYU	102.326	29.247	C. polyantha	C. polyantha var. tomentosa
XB2014-144-8A	SM35	CYU	102.326	29.247	C. polyantha	C. polyantha var. tomentosa
XB2014-144-9A	SM35	CYU	102.326	29.247	C. polyantha	C. polyantha var. tomentosa
XB2014-38-2A	EY8	CYU	100.19	26.116	C. yunnanensis	C. yunnanensis subsp. yunanensis
XB2014-38-3A	EY8	CYU	100.19	26.116	C. yunnanensis	C. yunnanensis subsp. yunanensis
XB2014-38-4A	EY8	CYU	100.19	26.116	C. yunnanensis	C. yunnanensis subsp. yunanensis
XB2014-38-5A	EY8	CYU	100.19	26.116	C. yunnanensis	C. yunnanensis subsp. yunanensis
XB2014-38-6A	EY9	CPO	100.19	26.116	C. polyantha	C. polyantha var. polyantha
XB2014-39-1A	EY9	CPO	100.19	26.116	C. polyantha	C. polyantha var. polyantha
XB2014-39-2A	EY9	CPO	100.19	26.116	C. polyantha	C. polyantha var. polyantha
XB2014-39-3A	EY9	CPO	100.19	26.116	C. polyantha	C. polyantha var. polyantha
XB2014-39-4A	EY9	CPO	100.19	26.116	C. polyantha	C. polyantha var. polyantha
XB2014-39-5A	EY9	CPO	100.19	26.116	C. polyantha	C. polyantha var. polyantha
XB2014-39-6A	EY9	CPO	100.19	26.116	C. polyantha	C. polyantha var. polyantha
XB2014-39-7A	EY9	CPO	100.19	26.116	C. polyantha	C. polyantha var. polyantha
XB2014-39-8A	EY9	CPO	100.19	26.116	C. polyantha	C. polyantha var. polyantha
XB2014-4-2A	MN4	CYU	101.876	28.303	C. yunnanensis	C. yunnanensis subsp. filipes
XB2014-4-3A	MN4	CYU	101.876	28.303	C. yunnanensis	C. yunnanensis subsp. filipes
XB2014-4-4A	MN4	CYU	101.876	28.303	C. yunnanensis	C. yunnanensis subsp. filipes
XB2014-4-5A	MN4	CYU	101.876	28.303	C. yunnanensis	C. yunnanensis subsp. filipes
XB2014-4-6A	MN4	CYU	101.876	28.303	C. yunnanensis	C. yunnanensis subsp. filipes
XB2014-4-7A	MN4	CYU	101.876	28.303	C. yunnanensis	C. yunnanensis subsp. filipes
XB2014-48-1A	MN4	CYU	101.876	28.303	C. yunnanensis	C. yunnanensis subsp. filipes
XB2014-48-2A	MN4	CYU	101.876	28.303	C. yunnanensis	C. yunnanensis subsp. filipes
XB2014-48-3A	YL9	CYU	100.389	27.178	C. yunnanensis	C. yunnanensis subsp. yunanensis
XB2014-48-4A	YL9	CYU	100.389	27.178	C. yunnanensis	C. yunnanensis subsp. yunanensis
XB2014-48-5A	YL9	CYU	100.389	27.178	C. yunnanensis	C. yunnanensis subsp. yunanensis
XB2014-48-6A	YL9	CYU	100.389	27.178	C. yunnanensis	C. yunnanensis subsp. yunanensis
XB2014-48-7A	YL9	CYU	100.389	27.178	C. yunnanensis	C. yunnanensis subsp. yunanensis
XB2014-48-9A	YL9	CYU	100.389	27.178	C. yunnanensis	C. yunnanensis subsp. yunanensis
XB2014-4-8A	YL9	CYU	100.389	27.178	C. yunnanensis	C. yunnanensis subsp. yunanensis
XB2014-4-9A	YL9	CYU	100.389	27.178	C. yunnanensis	C. yunnanensis subsp. yunanensis
XB26-3B	SC37	CPO	104.998	26.532	C. polyantha	C. polyantha var. polyantha
XB26-4B	SC37	CPO	104.998	26.532	C. polyantha	C. polyantha var. polyantha
XB26-5B	SC37	CPO	104.998	26.532	C. polyantha	C. polyantha var. polyantha
XB26-7B	SC37	CPO	104.998	26.532	C. polyantha	C. polyantha var. polyantha
XubBo1030-10A	LN46	N	105.066	33.316	C. macrocarpa	C. macrocarpa f. microphylla
XubBo1030-1A	LN46	N	105.066	33.316	C. macrocarpa	C. macrocarpa f. microphylla
XubBo1030-3A	LN46	N	105.066	33.316	C. macrocarpa	C. macrocarpa f. microphylla
XubBo1030-5A	LN46	N	105.066	33.316	C. macrocarpa	C. macrocarpa f. microphylla
XubBo1030-6A	LN46	N	105.066	33.316	C. macrocarpa	C. macrocarpa f. microphylla
XubBo1030-8A	LN46	N	105.066	33.316	C. macrocarpa	C. macrocarpa f. microphylla
XubBo1030-9A	LN46	N	105.066	33.316	C. macrocarpa	C. macrocarpa f. microphylla
XubBo-1037-1A	LN46	N	105.066	33.316	C. macrocarpa	C. macrocarpa f. microphylla
XubBo-1037-2A	TB43	CMA	107.448	34.053	C. macrocarpa	C. macrocarpa var. hupehensis
XubBo-1037-3A	TB43	CMA	107.448	34.053	C. macrocarpa	C. macrocarpa var. hupehensis
XubBo-1037-4A	TB43	CMA	107.448	34.053	C. macrocarpa	C. macrocarpa var. hupehensis
XubBo-1037-5A	TB43	CMA	107.448	34.053	C. macrocarpa	C. macrocarpa var. hupehensis
XubBo-1037-6A	TB43	CMA	107.448	34.053	C. macrocarpa	C. macrocarpa var. hupehensis
XubBo-1037-7A	TB43	CMA	107.448	34.053	C. macrocarpa	C. macrocarpa var. hupehensis
XubBo-1037-8A	TB43	CMA	107.448	34.053	C. macrocarpa	C. macrocarpa var. hupehensis
XubBo1051-10A	WX48	CMA	105.113	32.818	C. macrocarpa	C. macrocarpa var. hupehensis
XubBo1051-1A	WX48	CMA	105.113	32.818	C. macrocarpa	C. macrocarpa var. hupehensis
XubBo1051-2A	WX48	CMA	105.113	32.818	C. macrocarpa	C. macrocarpa var. hupehensis
XubBo1051-3A	WX48	CMA	105.113	32.818	C. macrocarpa	C. macrocarpa var. hupehensis
XubBo1051-4A	WX48	CMA	105.113	32.818	C. macrocarpa	C. macrocarpa var. hupehensis
XubBo1051-7A	WX48	CMA	105.113	32.818	C. macrocarpa	C. macrocarpa var. hupehensis
XubBo1051-8A	WX48	CMA	105.113	32.818	C. macrocarpa	C. macrocarpa var. hupehensis
XubBo1051-9A	WX48	CMA	105.113	32.818	C. macrocarpa	C. macrocarpa var. hupehensis
Xubo01402-2A	YS26	CYU	100.748	26.581	C. polyantha	C. polyantha var. polyantha
Xubo01402-3A	YS26	CYU	100.748	26.581	C. polyantha	C. polyantha var. polyantha
Xubo01402-4A	YS26	CYU	100.748	26.581	C. polyantha	C. polyantha var. polyantha
Xubo01402-5A	YS26	CYU	100.748	26.581	C. polyantha	C. polyantha var. polyantha
Xubo01402-6A	YS26	CYU	100.748	26.581	C. polyantha	C. polyantha var. polyantha
Xubo01402-7A	YS26	CYU	100.748	26.581	C. polyantha	C. polyantha var. polyantha
Xubo01402-8A	YS26	CYU	100.748	26.581	C. polyantha	C. polyantha var. polyantha
Xubo01402-9A	YS26	CYU	100.748	26.581	C. polyantha	C. polyantha var. polyantha
xubo266-2A	XY36	CMA	114.08	31.81	C. macrocarpa	C. macrocarpa var. macrocarpa
xubo266-3A	XY36	CMA	114.08	31.81	C. macrocarpa	C. macrocarpa var. macrocarpa
xubo266-4A	XY36	CMA	114.08	31.81	C. macrocarpa	C. macrocarpa var. macrocarpa
xubo266-5A	XY36	CMA	114.08	31.81	C. macrocarpa	C. macrocarpa var. macrocarpa
xubo266-6A	XY36	CMA	114.08	31.81	C. macrocarpa	C. macrocarpa var. macrocarpa
xubo266-8A	XY36	CMA	114.08	31.81	C. macrocarpa	C. macrocarpa var. macrocarpa
xubo266-9A	XY36	CMA	114.08	31.81	C. macrocarpa	C. macrocarpa var. macrocarpa
XuBo982-1A	XS40	CMA	116.196	39.991	C. macrocarpa	C. macrocarpa var. macrocarpa
XuBo982-2A	XS40	CMA	116.196	39.991	C. macrocarpa	C. macrocarpa var. macrocarpa
XuBo982-3A	XS40	CMA	116.196	39.991	C. macrocarpa	C. macrocarpa var. macrocarpa
XuBo982-4A	XS40	CMA	116.196	39.991	C. macrocarpa	C. macrocarpa var. macrocarpa
XuBo982-5A	XS40	CMA	116.196	39.991	C. macrocarpa	C. macrocarpa var. macrocarpa
YLZB4703-2A	SM3	CYU	102.278	29.313	C. yunnanensis	C. yunnanensis subsp. filipes
YLZB4703-3A	SM3	CYU	102.278	29.313	C. yunnanensis	C. yunnanensis subsp. filipes
YLZB4703-5A	SM3	CYU	102.278	29.313	C. yunnanensis	C. yunnanensis subsp. filipes
YLZB4703-7A	SM3	CYU	102.278	29.313	C. yunnanensis	C. yunnanensis subsp. filipes
YLZB4703-9A	SM3	CYU	102.278	29.313	C. yunnanensis	C. yunnanensis subsp. filipes
YLZB4715-10A	MY1	CYU	101.91	27.122	C. yunnanensis	C. yunnanensis subsp. filipes
YLZB4715-1A	MY1	CYU	101.91	27.122	C. yunnanensis	C. yunnanensis subsp. filipes
YLZB4715-2A	MY1	CYU	101.91	27.122	C. yunnanensis	C. yunnanensis subsp. filipes
YLZB4715-5A	MY1	CYU	101.91	27.122	C. yunnanensis	C. yunnanensis subsp. filipes
YLZB4715-6A	MY1	CYU	101.91	27.122	C. yunnanensis	C. yunnanensis subsp. filipes
YLZB4715-7A	MY1	CYU	101.91	27.122	C. yunnanensis	C. yunnanensis subsp. filipes
YLZB4715-8A	MY1	CYU	101.91	27.122	C. yunnanensis	C. yunnanensis subsp. filipes
YLZB4715-9A	MY1	CYU	101.91	27.122	C. yunnanensis	C. yunnanensis subsp. filipes
YLZB4735-10A	YSXC51	CPO	104.416	23.506	C. polyantha	C. polyantha var. polyantha
YLZB4735-1A	YSXC51	CPO	104.416	23.506	C. polyantha	C. polyantha var. polyantha
YLZB4735-2A	YSXC51	CPO	104.416	23.506	C. polyantha	C. polyantha var. polyantha
YLZB4735-3A	YSXC51	CPO	104.416	23.506	C. polyantha	C. polyantha var. polyantha
YLZB4735-5A	YSXC51	CPO	104.416	23.506	C. polyantha	C. polyantha var. polyantha
YLZB4735-6A	YSXC51	CPO	104.416	23.506	C. polyantha	C. polyantha var. polyantha
YLZB4735-8A	YSXC51	CPO	104.416	23.506	C. polyantha	C. polyantha var. polyantha
YLZB4735-9A	YSXC51	CPO	104.416	23.506	C. polyantha	C. polyantha var. polyantha
YLZB4816-11A	ASCD52	CPO	106.023	26.453	C. polyantha	C. polyantha f. leiocarpa
YLZB4816-3A	ASCD52	CPO	106.023	26.453	C. polyantha	C. polyantha f. leiocarpa
YLZB4816-4A	ASCD52	CPO	106.023	26.453	C. polyantha	C. polyantha f. leiocarpa
YLZB4816-6A	ASCD52	CPO	106.023	26.453	C. polyantha	C. polyantha f. leiocarpa
YLZB4816-7A	ASCD52	CPO	106.023	26.453	C. polyantha	C. polyantha f. leiocarpa
YLZB4816-8A	ASCD52	CPO	106.023	26.453	C. polyantha	C. polyantha f. leiocarpa
YLZB4816-9A	ASCD52	CPO	106.023	26.453	C. polyantha	C. polyantha f. leiocarpa
zhuzm1009-10A	KM42	CPO	102.605	24.992	C. polyantha	C. polyantha var. polyantha
zhuzm1009-2A	KM42	CPO	102.605	24.992	C. polyantha	C. polyantha var. polyantha
zhuzm1009-3A	KM42	CPO	102.605	24.992	C. polyantha	C. polyantha var. polyantha
zhuzm1009-6A	KM42	CPO	102.605	24.992	C. polyantha	C. polyantha var. polyantha
zhuzm1009-7A	KM42	CPO	102.605	24.992	C. polyantha	C. polyantha var. polyantha
zhuzm1009-8A	KM42	CPO	102.605	24.992	C. polyantha	C. polyantha var. polyantha
ZXL277-1A	YY12	CMA	113.343	34.731	C. macrocarpa	C. macrocarpa var. macrocarpa
ZXL277-2A	YY12	CMA	113.343	34.731	C. macrocarpa	C. macrocarpa var. macrocarpa
ZXL277-3A	YY12	CMA	113.343	34.731	C. macrocarpa	C. macrocarpa var. macrocarpa
ZXL277-4A	YY12	CMA	113.343	34.731	C. macrocarpa	C. macrocarpa var. macrocarpa
ZXL277-5A	YY12	CMA	113.343	34.731	C. macrocarpa	C. macrocarpa var. macrocarpa
ZXL277-6A	YY12	CMA	113.343	34.731	C. macrocarpa	C. macrocarpa var. macrocarpa
ZXL277-7A	YY12	CMA	113.343	34.731	C. macrocarpa	C. macrocarpa var. macrocarpa
ZXL277-8A	YY12	CMA	113.343	34.731	C. macrocarpa	C. macrocarpa var. macrocarpa
ZXL79-1A	CZ25	CMA	118.279	32.275	C. macrocarpa	C. macrocarpa var. macrocarpa
ZXL79-2A	CZ25	CMA	118.279	32.275	C. macrocarpa	C. macrocarpa var. macrocarpa
ZXL79-3A	CZ25	CMA	118.279	32.275	C. macrocarpa	C. macrocarpa var. macrocarpa
ZXL79-4A	CZ25	CMA	118.279	32.275	C. macrocarpa	C. macrocarpa var. macrocarpa
ZXL79-5A	CZ25	CMA	118.279	32.275	C. macrocarpa	C. macrocarpa var. macrocarpa
ZXL79-6A	CZ25	CMA	118.279	32.275	C. macrocarpa	C. macrocarpa var. macrocarpa
ZXL79-7A	CZ25	CMA	118.279	32.275	C. macrocarpa	C. macrocarpa var. macrocarpa
