"test","variable","group","n_populations","n_pairs","r","p","permutations","seed","control","p_BH_52","significance"
"Mantel","Geographic distance","Total",33,528,0.635881696164572,1e-04,9999,20261001,"None",0.0013,"***"
"Mantel","Environmental distance","Total",33,528,0.369268533179854,5e-04,9999,20261001,"None",0.00433333333333333,"***"
"Partial Mantel","Environmental distance","Total",33,528,0.0526914084669368,0.312,9999,20261001,"Geographic distance",0.477176470588235,"ns"
"Mantel","Precipitation","Total",33,528,0.40295732971251,1e-04,9999,20261001,"None",0.0013,"***"
"Partial Mantel","Precipitation","Total",33,528,0.15275183002685,0.0905,9999,20261001,"Geographic distance",0.249052631578947,"ns"
"Mantel","Temperature","Total",33,528,0.37839442599683,1e-04,9999,20261001,"None",0.0013,"***"
"Partial Mantel","Temperature","Total",33,528,0.0084184247856072,0.461,9999,20261001,"Geographic distance",0.640421052631579,"ns"
"Mantel","Solar radiation","Total",33,528,0.285075242933266,5e-04,9999,20261001,"None",0.00433333333333333,"***"
"Partial Mantel","Solar radiation","Total",33,528,0.0349758932724108,0.342,9999,20261001,"Geographic distance",0.508114285714286,"ns"
"Mantel","Wind speed","Total",33,528,0.233740035440758,0.0268,9999,20261001,"None",0.152690909090909,"*"
"Partial Mantel","Wind speed","Total",33,528,0.133316622642222,0.1249,9999,20261001,"Geographic distance",0.292782608695652,"ns"
"Mantel","Water vapor pressure","Total",33,528,0.10820940853404,0.1669,9999,20261001,"None",0.3133,"ns"
"Partial Mantel","Water vapor pressure","Total",33,528,-0.106722653299908,0.8261,9999,20261001,"Geographic distance",0.913982978723404,"ns"
"Mantel","Geographic distance","Cma",9,36,0.693545856791723,0.0038,9999,20261002,"None",0.0247,"**"
"Mantel","Environmental distance","Cma",9,36,0.0458544921535628,0.4002,9999,20261002,"None",0.578066666666667,"ns"
"Partial Mantel","Environmental distance","Cma",9,36,-0.232905913005022,0.8837,9999,20261002,"Geographic distance",0.9347,"ns"
"Mantel","Precipitation","Cma",9,36,0.129811577139529,0.2144,9999,20261002,"None",0.359638709677419,"ns"
"Partial Mantel","Precipitation","Cma",9,36,-0.0233982661833985,0.5242,9999,20261002,"Geographic distance",0.68146,"ns"
"Mantel","Temperature","Cma",9,36,-0.121733257244365,0.6509,9999,20261002,"None",0.781654545454545,"ns"
"Partial Mantel","Temperature","Cma",9,36,-0.324646791441749,0.9347,9999,20261002,"Geographic distance",0.9347,"ns"
"Mantel","Solar radiation","Cma",9,36,0.156195265990511,0.233,9999,20261002,"None",0.367151515151515,"ns"
"Partial Mantel","Solar radiation","Cma",9,36,-0.22685709979308,0.8758,9999,20261002,"Geographic distance",0.9347,"ns"
"Mantel","Wind speed","Cma",9,36,-0.000401964803235532,0.468,9999,20261002,"None",0.640421052631579,"ns"
"Partial Mantel","Wind speed","Cma",9,36,-0.120729577184904,0.7363,9999,20261002,"Geographic distance",0.832339130434782,"ns"
"Mantel","Water vapor pressure","Cma",9,36,-0.0994567279127677,0.6614,9999,20261002,"None",0.781654545454545,"ns"
"Partial Mantel","Water vapor pressure","Cma",9,36,-0.264814905625261,0.9242,9999,20261002,"Geographic distance",0.9347,"ns"
"Mantel","Geographic distance","Cyu",9,36,0.332808985395776,0.0355,9999,20261003,"None",0.1528,"*"
"Mantel","Environmental distance","Cyu",9,36,0.538991439646418,0.0307,9999,20261003,"None",0.152690909090909,"*"
"Partial Mantel","Environmental distance","Cyu",9,36,0.471072116735631,0.0795,9999,20261003,"Geographic distance",0.249052631578947,"ns"
"Mantel","Precipitation","Cyu",9,36,0.233617049688188,0.1642,9999,20261003,"None",0.3133,"ns"
"Partial Mantel","Precipitation","Cyu",9,36,-0.0253485067783763,0.4882,9999,20261003,"Geographic distance",0.650933333333333,"ns"
"Mantel","Temperature","Cyu",9,36,0.331792375936396,0.1295,9999,20261003,"None",0.292782608695652,"ns"
"Partial Mantel","Temperature","Cyu",9,36,0.320917176281154,0.1489,9999,20261003,"Geographic distance",0.309712,"ns"
"Mantel","Solar radiation","Cyu",9,36,0.466623753659159,0.0033,9999,20261003,"None",0.0245142857142857,"**"
"Partial Mantel","Solar radiation","Cyu",9,36,0.569178549285622,1e-04,9999,20261003,"Geographic distance",0.0013,"***"
"Mantel","Wind speed","Cyu",9,36,0.536841339470301,0.0579,9999,20261003,"None",0.215057142857143,"ns"
"Partial Mantel","Wind speed","Cyu",9,36,0.550810586860704,0.0691,9999,20261003,"Geographic distance",0.239546666666667,"ns"
"Mantel","Water vapor pressure","Cyu",9,36,0.203124660281832,0.1687,9999,20261003,"None",0.3133,"ns"
"Partial Mantel","Water vapor pressure","Cyu",9,36,0.197184277415397,0.2047,9999,20261003,"Geographic distance",0.354813333333333,"ns"
"Mantel","Geographic distance","Cpo",11,55,0.329722742521924,0.0323,9999,20261004,"None",0.152690909090909,"*"
"Mantel","Environmental distance","Cpo",11,55,0.330002412929108,0.091,9999,20261004,"None",0.249052631578947,"ns"
"Partial Mantel","Environmental distance","Cpo",11,55,0.131587313791892,0.2323,9999,20261004,"Geographic distance",0.367151515151515,"ns"
"Mantel","Precipitation","Cpo",11,55,0.311456658570821,0.1024,9999,20261004,"None",0.2652,"ns"
"Partial Mantel","Precipitation","Cpo",11,55,0.211636591659706,0.1476,9999,20261004,"Geographic distance",0.309712,"ns"
"Mantel","Temperature","Cpo",11,55,0.397305689192285,0.0835,9999,20261004,"None",0.249052631578947,"ns"
"Partial Mantel","Temperature","Cpo",11,55,0.286539577422341,0.1071,9999,20261004,"Geographic distance",0.2652,"ns"
"Mantel","Solar radiation","Cpo",11,55,-0.0807990191985272,0.643,9999,20261004,"None",0.781654545454545,"ns"
"Partial Mantel","Solar radiation","Cpo",11,55,-0.229859665273802,0.9072,9999,20261004,"Geographic distance",0.9347,"ns"
"Mantel","Wind speed","Cpo",11,55,-0.0614811601717063,0.6589,9999,20261004,"None",0.781654545454545,"ns"
"Partial Mantel","Wind speed","Cpo",11,55,-0.0834454048759093,0.7003,9999,20261004,"Geographic distance",0.809235555555555,"ns"
"Mantel","Water vapor pressure","Cpo",11,55,0.378355495479748,0.0382,9999,20261004,"None",0.1528,"*"
"Partial Mantel","Water vapor pressure","Cpo",11,55,0.214607509751732,0.185,9999,20261004,"Geographic distance",0.331724137931035,"ns"
