"group","model","variable","term","beta","t","p","n_populations","n_pairs","permutations","seed","p_BH_all_coefficients","stars","p_BH_52"
"Total","Univariate","Geographic","Geographic",0.635881696164571,18.8960919689837,1e-04,33,528,9999,20261103,0.00095,"***",0.0026
"Total","Univariate","Environment","Environment",0.369268533179853,9.11315192258183,4e-04,33,528,9999,20261104,0.00276363636363636,"***",0.00416
"Total","Univariate","Precipitation","Precipitation",0.402957329712511,10.0978058271248,2e-04,33,528,9999,20261105,0.00152,"***",0.0026
"Total","Univariate","Temperature","Temperature",0.37839442599683,9.37547754969867,1e-04,33,528,9999,20261106,0.00095,"***",0.0026
"Total","Univariate","Solar","Solar",0.285075242933266,6.82115515943825,2e-04,33,528,9999,20261107,0.00152,"***",0.0026
"Total","Univariate","Wind","Wind",0.233740035440757,5.51348352295189,0.0406,33,528,9999,20261108,0.128637037037037,"*",0.198033333333333
"Total","Univariate","Vapor","Vapor",0.108209408534039,2.49640782808937,0.3284,33,528,9999,20261109,0.479969230769231,"ns",0.530552941176471
"Total","Geography-adjusted","Environment","Environment",0.0478275859977822,1.20899131779149,0.6448,33,528,9999,20261110,0.731414925373134,"ns",0.762036363636364
"Total","Geography-adjusted","Precipitation","Precipitation",0.133568015126519,3.54154564679247,0.1748,33,528,9999,20261111,0.324019512195122,"ns",0.4102
"Total","Geography-adjusted","Temperature","Temperature",0.00802390125671746,0.192897179482398,0.9365,33,528,9999,20261112,0.948986666666667,"ns",0.954862745098039
"Total","Geography-adjusted","Solar","Solar",0.0295898198490243,0.801889022869594,0.7057,33,528,9999,20261113,0.755397183098591,"ns",0.780774468085106
"Total","Geography-adjusted","Wind","Wind",0.10522388405695,3.08218066562842,0.2551,33,528,9999,20261114,0.412502127659574,"ns",0.491303703703704
"Total","Geography-adjusted","Vapor","Vapor",-0.0861750619930076,-2.45936906308747,0.3468,33,528,9999,20261115,0.48822962962963,"ns",0.530552941176471
"Cma","Univariate","Geographic","Geographic",0.693545856791723,5.6134959175111,0.0033,9,36,9999,20261203,0.01824,"**",0.0267428571428571
"Cma","Univariate","Environment","Environment",0.045854492153563,0.26765687826858,0.8332,9,36,9999,20261204,0.879488888888889,"ns",0.902633333333333
"Cma","Univariate","Precipitation","Precipitation",0.129811577139529,0.763384300348648,0.4582,9,36,9999,20261205,0.583933333333333,"ns",0.630842105263158
"Cma","Univariate","Temperature","Temperature",-0.121733257244364,-0.715139364683053,0.6209,9,36,9999,20261206,0.71739393939394,"ns",0.753395348837209
"Cma","Univariate","Solar","Solar",0.15619526599051,0.92208456715366,0.461,9,36,9999,20261207,0.583933333333333,"ns",0.630842105263158
"Cma","Univariate","Wind","Wind",-0.000401964803235388,-0.00234383762044012,0.9982,9,36,9999,20261208,0.9982,"ns",0.9982
"Cma","Univariate","Vapor","Vapor",-0.0994567279127673,-0.582817068261374,0.623,9,36,9999,20261209,0.71739393939394,"ns",0.753395348837209
"Cma","Geography-adjusted","Environment","Environment",-0.175723933709745,-1.37577748936521,0.301,9,36,9999,20261210,0.466857142857143,"ns",0.530552941176471
"Cma","Geography-adjusted","Precipitation","Precipitation",-0.0172443765506087,-0.134449615110688,0.8994,9,36,9999,20261211,0.928432432432432,"ns",0.94016
"Cma","Geography-adjusted","Temperature","Temperature",-0.236835224787213,-1.97175320418197,0.2016,9,36,9999,20261212,0.346391111111111,"ns",0.4102
"Cma","Geography-adjusted","Solar","Solar",-0.181713015515295,-1.33808120108272,0.3078,9,36,9999,20261213,0.467856,"ns",0.530552941176471
"Cma","Geography-adjusted","Wind","Wind",-0.0876500382239937,-0.698648933757779,0.5466,9,36,9999,20261214,0.671496774193548,"ns",0.72813
"Cma","Geography-adjusted","Vapor","Vapor",-0.192392475140167,-1.57756608950534,0.2051,9,36,9999,20261215,0.346391111111111,"ns",0.4102
"Cyu","Univariate","Geographic","Geographic",0.332808985395776,2.05790561092741,0.0457,9,36,9999,20261303,0.128637037037037,"*",0.198033333333333
"Cyu","Univariate","Environment","Environment",0.538991439646419,3.73120172272798,0.0291,9,36,9999,20261304,0.100527272727273,"*",0.168133333333333
"Cyu","Univariate","Precipitation","Precipitation",0.233617049688188,1.40097664279363,0.2871,9,36,9999,20261305,0.454575,"ns",0.530552941176471
"Cyu","Univariate","Temperature","Temperature",0.331792375936396,2.05084050085794,0.1488,9,36,9999,20261306,0.305643243243243,"ns",0.407242105263158
"Cyu","Univariate","Solar","Solar",0.466623753659159,3.07631008211973,0.0036,9,36,9999,20261307,0.01824,"**",0.0267428571428571
"Cyu","Univariate","Wind","Wind",0.536841339470302,3.71027412926227,0.0611,9,36,9999,20261308,0.150283870967742,"ns",0.212506666666667
"Cyu","Univariate","Vapor","Vapor",0.203124660281831,1.20962736339995,0.3469,9,36,9999,20261309,0.48822962962963,"ns",0.530552941176471
"Cyu","Geography-adjusted","Environment","Environment",0.482654545064574,3.06781492256012,0.111,9,36,9999,20261310,0.241028571428571,"ns",0.337133333333333
"Cyu","Geography-adjusted","Precipitation","Precipitation",-0.0361079240153932,-0.145662890316138,0.904,9,36,9999,20261311,0.928432432432432,"ns",0.94016
"Cyu","Geography-adjusted","Temperature","Temperature",0.303896669178303,1.94648367426002,0.1706,9,36,9999,20261312,0.324019512195122,"ns",0.4102
"Cyu","Geography-adjusted","Solar","Solar",1.96720876641226,3.97668007791203,0.0076,9,36,9999,20261313,0.02888,"**",0.0494
"Cyu","Geography-adjusted","Wind","Wind",0.520190325487757,3.79109890219579,0.0613,9,36,9999,20261314,0.150283870967742,"ns",0.212506666666667
"Cyu","Geography-adjusted","Vapor","Vapor",0.18619936514479,1.1554224888925,0.3722,9,36,9999,20261315,0.514312727272727,"ns",0.552982857142857
"Cpo","Univariate","Geographic","Geographic",0.329722742521924,2.54260588565862,0.0507,11,55,9999,20261403,0.132868965517241,"ns",0.2028
"Cpo","Univariate","Environment","Environment",0.330002412929108,2.54502595886408,0.1167,11,55,9999,20261404,0.246366666666667,"ns",0.337133333333333
"Cpo","Univariate","Precipitation","Precipitation",0.311456658570821,2.38612363310489,0.1638,11,55,9999,20261405,0.324019512195122,"ns",0.4102
"Cpo","Univariate","Temperature","Temperature",0.397305689192286,3.15187117991837,0.0867,11,55,9999,20261406,0.1938,"ns",0.281775
"Cpo","Univariate","Solar","Solar",-0.0807990191985272,-0.59015530213507,0.6759,11,55,9999,20261407,0.73796,"ns",0.764060869565217
"Cpo","Univariate","Wind","Wind",-0.0614811601717055,-0.448437937283313,0.6719,11,55,9999,20261408,0.73796,"ns",0.764060869565217
"Cpo","Univariate","Vapor","Vapor",0.378355495479747,2.9756805801185,0.045,11,55,9999,20261409,0.128637037037037,"*",0.198033333333333
"Cpo","Geography-adjusted","Environment","Environment",0.188749799231071,0.957212978922131,0.5931,11,55,9999,20261410,0.70430625,"ns",0.752224390243902
"Cpo","Geography-adjusted","Precipitation","Precipitation",0.216534213509298,1.5615036762566,0.3949,11,55,9999,20261411,0.526533333333333,"ns",0.570411111111111
"Cpo","Geography-adjusted","Temperature","Temperature",0.310241018661761,2.15670015288807,0.2015,11,55,9999,20261412,0.346391111111111,"ns",0.4102
"Cpo","Geography-adjusted","Solar","Solar",-0.233297002898198,-1.70314540745085,0.2039,11,55,9999,20261413,0.346391111111111,"ns",0.4102
"Cpo","Geography-adjusted","Wind","Wind",-0.07888624377587,-0.603839352067256,0.5601,11,55,9999,20261414,0.67567619047619,"ns",0.72813
"Cpo","Geography-adjusted","Vapor","Vapor",0.29325611784385,1.58447442563624,0.326,11,55,9999,20261415,0.479969230769231,"ns",0.530552941176471
