candidate_set	trait	block_bp	difference_ci_low	difference_ci_high	standardized_ci_low	standardized_ci_high
Z3.5_r0.5	pi_Cma	1e+06	-0.00255742718988091	-0.00121101703213028	-0.153321254345407	-0.0726021257357916
Z3.5_r0.5	pi_Cma	5e+06	-0.00253982249032555	-0.00124516629937174	-0.152265828553078	-0.0746494209663868
Z3.5_r0.5	pi_Cpo	1e+06	-0.00322386230669074	-0.00136406937171993	-0.141098776221659	-0.0597012219261611
Z3.5_r0.5	pi_Cpo	5e+06	-0.00328631689326832	-0.00125855979812879	-0.143832226008655	-0.0550833845940633
Z3.5_r0.5	pi_Cyu	1e+06	-0.00395496279500696	-0.00175719903328321	-0.1597950197683	-0.0709972934801867
Z3.5_r0.5	pi_Cyu	5e+06	-0.00419345841302725	-0.00166753955910463	-0.169431118505896	-0.067374721488645
Z3.5_r0.5	Fst_Cma_Cpo	1e+06	0.00276616436189391	0.00551637728490907	0.0675259427877828	0.134662488631571
Z3.5_r0.5	Fst_Cma_Cpo	5e+06	0.00244832473590874	0.00559999533279536	0.0597670327621797	0.136703722187819
Z3.5_r0.5	Fst_Cma_Cyu	1e+06	0.00109689905292326	0.00376452307928964	0.0271685079127329	0.0932414653789486
Z3.5_r0.5	Fst_Cma_Cyu	5e+06	0.000881586989468131	0.0041273224241661	0.0218355581904244	0.102227448953045
Z3.5_r0.5	Fst_Cpo_Cyu	1e+06	0.00022385407114335	0.00232635167687107	0.00812602715782207	0.08444785841216
Z3.5_r0.5	Fst_Cpo_Cyu	5e+06	0.00020563209199917	0.00221787281145745	0.00746455919059419	0.0805100153258202
Z3.5_r0.5	dxy_Cma_Cpo	1e+06	-0.00324162081098907	-0.00147483872973942	-0.156355080101261	-0.071136798894899
Z3.5_r0.5	dxy_Cma_Cpo	5e+06	-0.0033269097459464	-0.00148318038098161	-0.160468873488753	-0.0715391468634607
Z3.5_r0.5	dxy_Cma_Cyu	1e+06	-0.00388121646501637	-0.00194634447358481	-0.176539232235724	-0.088530532148883
Z3.5_r0.5	dxy_Cma_Cyu	5e+06	-0.00389216906304339	-0.00182712966631194	-0.177037417086815	-0.0831079820961401
Z3.5_r0.5	dxy_Cpo_Cyu	1e+06	-0.00407574169157089	-0.00194847148650091	-0.161005499254625	-0.0769711743794457
Z3.5_r0.5	dxy_Cpo_Cyu	5e+06	-0.00423275038759846	-0.00182147422069752	-0.167207870603014	-0.0719543554218226
Z3.5_r0.5	xpclr_CMA_CPOCYU	1e+06	9.30093068693999	16.0786876826283	0.118206445981824	0.204345628516938
Z3.5_r0.5	xpclr_CMA_CPOCYU	5e+06	9.25342611832165	15.5412596372442	0.117602705731168	0.197515402450958
Z3.5_r0.5	xpclr_CPO_CMACYU	1e+06	-0.790738792968537	3.23652610576508	-0.016438648049674	0.067284056415797
Z3.5_r0.5	xpclr_CPO_CMACYU	5e+06	-0.620876630098925	3.14262442114517	-0.0129073879961647	0.0653319367544569
Z3.5_r0.5	xpclr_CYU_CMACPO	1e+06	2.96823693088596	8.13822779470892	0.0488459160193895	0.13392434656096
Z3.5_r0.5	xpclr_CYU_CMACPO	5e+06	2.49336151418924	8.17276430043584	0.0410312687173908	0.134492686386123
Z3.5_r0.5	xpclr_CPO_CYU	1e+06	-0.145449588930308	2.57753958873375	-0.00450844200114118	0.0798949507311392
Z3.5_r0.5	xpclr_CPO_CYU	5e+06	-0.0611418570725147	2.53460756784359	-0.0018951893812885	0.0785642042670306
Z3.5_r0.5	xpclr_CYU_CPO	1e+06	2.79375498734315	7.08661582775316	0.0580529641711279	0.147256669467046
Z3.5_r0.5	xpclr_CYU_CPO	5e+06	2.92887123888241	7.09278974345138	0.0608606187239007	0.147384960640914
Z3.5_r0.5	species_trio_fd_recomputed	1e+06	-0.010031189901892	0.00364550707549051	-0.0795661938510661	0.0289157244046593
Z3.5_r0.5	species_trio_fd_recomputed	5e+06	-0.00980739830117095	0.00329782592003086	-0.0777911057449329	0.0261579592258297
Z3.5_r0.5	pi_Cpo_allo	1e+06	-0.00372615198907938	-0.00171131276180781	-0.146563387772092	-0.0673122826560107
Z3.5_r0.5	pi_Cpo_allo	5e+06	-0.00383273149155628	-0.00159695018581748	-0.150755555186588	-0.0628139780724593
Z3.5_r0.5	pi_Cpo_sym	1e+06	-0.0034938340296593	-0.00165248043773524	-0.149553238396058	-0.0707342703607303
Z3.5_r0.5	pi_Cpo_sym	5e+06	-0.00364323997688039	-0.00144613839514385	-0.155948545973025	-0.0619018185542519
Z3.5_r0.5	pi_Cyu_sym	1e+06	-0.00467646672130448	-0.00221340288702573	-0.177794211836783	-0.0841511861900358
Z3.5_r0.5	pi_Cyu_sym	5e+06	-0.00483205977044231	-0.00168730151046085	-0.183709691447216	-0.0641493803038803
Z3.5_r0.5	Mean_fst_sym	1e+06	0.00388111688467038	0.00723448186011557	0.0983899344123033	0.183400865491899
Z3.5_r0.5	Mean_fst_sym	5e+06	0.00379115997713602	0.00723132435507593	0.0961094428694699	0.183320819792944
Z3.5_r0.5	Mean_dxy_sym	1e+06	-0.00534715012360908	-0.0029632793111968	-0.200276735403312	-0.110989198510496
Z3.5_r0.5	Mean_dxy_sym	5e+06	-0.00547114690391786	-0.0027709616659161	-0.204921016896573	-0.103785968889691
Z3.5_r0.5	Mean_f_d_sym_2026	1e+06	-0.00301831306396504	0.00213479884384963	-0.0537114545327158	0.0379891510946498
Z3.5_r0.5	Mean_f_d_sym_2026	5e+06	-0.00336751663950633	0.00228173708313198	-0.0599255985174051	0.0406039449848382
Z3.5_r0.5	Rho	1e+06	-0.841404616668979	3.94886956850189	-0.0170556023070469	0.0800451383181141
Z3.5_r0.5	Rho	5e+06	-1.32826920216619	4.29245425430065	-0.0269245388247705	0.0870097349505578
