candidate_set	trait	n_candidate	n_background	mean_candidate	mean_background	median_candidate	median_background	mean_difference	relative_difference_percent	standardized_difference	p_spatial	null_median	q_BH_within_set	q_BH_all_sets
Z3.5_r0.5	pi_Cma	2649	52345	0.0525865987164968	0.054487851752794	0.0507	0.0523	-0.00190125303629717	-3.4893154623217	-0.113982717281843	0.0218	-0.000276865850354129	0.0728	0.0728
Z3.5_r0.5	pi_Cpo	2627	50499	0.0728815378759041	0.0751973801461415	0.0701	0.0725	-0.00231584227023744	-3.07968477856109	-0.101357464794553	0.0684	-0.000244358998238409	0.09405	0.09405
Z3.5_r0.5	pi_Cyu	2628	50471	0.0655176560121766	0.0684018763250183	0.0621	0.0654	-0.00288422031284177	-4.21658069602815	-0.116533091661074	0.0536	-0.000336474134533193	0.0907076923076923	0.0907076923076923
Z3.5_r0.5	Fst_Cma_Cpo	2626	50469	0.0634770373191165	0.0594929204065862	0.0582	0.057	0.0039841169125303	6.69679162714164	0.0972578688386984	0.0022	-6.14776507021075e-05	0.0161333333333333	0.0161333333333333
Z3.5_r0.5	Fst_Cma_Cyu	2627	50443	0.0618187285877427	0.0593962234601431	0.0569	0.0559	0.00242250512759954	4.07855076716304	0.0600017381293413	0.0362	-0.000192348988872236	0.0728	0.0728
Z3.5_r0.5	Fst_Cpo_Cyu	2622	49872	0.0517516781083143	0.0505168451235162	0.0489	0.048	0.00123483298479806	2.44439846110507	0.0448251234323893	0.3894	0.000354374395561762	0.475933333333333	0.475933333333333
Z3.5_r0.5	dxy_Cma_Cpo	2638	51589	0.0723414329037149	0.0747371842834713	0.0689	0.072	-0.00239575137975634	-3.20556815556427	-0.115555742243096	0.067	-0.000300469887114643	0.09405	0.09405
Z3.5_r0.5	dxy_Cma_Cyu	2637	51496	0.0675773227152067	0.0704877932266584	0.0637	0.0675	-0.00291047051145171	-4.12904189253435	-0.132384326967507	0.0358	-0.000347165959242904	0.0728	0.0728
Z3.5_r0.5	dxy_Cpo_Cyu	2627	50469	0.0774635706128664	0.0804939547048683	0.0731	0.0768	-0.00303038409200193	-3.76473500788085	-0.119710359632235	0.061	-0.00024165652505552	0.09405	0.09405
Z3.5_r0.5	xpclr_CMA_CPOCYU	2651	52488	81.6736460062003	69.1631240818254	58.07312727	43.911584085	12.5105219243749	18.0884280322184	0.158997457763507	2e-04	0.398438754372236	0.0022	0.0022
Z3.5_r0.5	xpclr_CPO_CMACYU	2651	52488	38.8748985886371	37.59314169	16.3541866	17.79006476	1.28175689863715	3.4095498301439	0.0266464105837491	0.564	0.507310548506858	0.6204	0.6204
Z3.5_r0.5	xpclr_CYU_CMACPO	2651	52488	54.9244000151701	49.4975320155443	29.30653351	26.03870099	5.42686799962587	10.963916338135	0.0893056533997494	0.0356	0.681772102182805	0.0728	0.0728
Z3.5_r0.5	xpclr_CPO_CYU	2651	52488	24.6030863782365	23.3754516200476	9.862231714	9.8137000515	1.22763475818887	5.25181193562911	0.0380524974087859	0.3334	0.395100112499293	0.431458823529412	0.431458823529412
Z3.5_r0.5	xpclr_CYU_CPO	2651	52488	42.4109972205916	37.4657296801578	21.76821595	18.00710808	4.94526754043375	13.1994427511519	0.102760421240254	0.0058	0.592334174066217	0.0319	0.0319
Z3.5_r0.5	species_trio_fd_recomputed	2417	47250	0.149843200200592	0.152185740931595	0.129608333333333	0.131727583333333	-0.00234254073100251	-1.53926426790237	-0.0225949003152691	0.6998	-0.00110322580875549	0.73312380952381	0.73312380952381
Z3.5_r0.5	pi_Cpo_allo	2625	50091	0.0638546666666667	0.0665709069493522	0.0616	0.0642	-0.00271624028268551	-4.0802212365111	-0.106839811956187	0.0352	-0.00039038319528914	0.0728	0.0728
Z3.5_r0.5	pi_Cpo_sym	2626	50532	0.0736758568164509	0.0762560516108605	0.0713	0.0736	-0.00258019479440957	-3.38359348524426	-0.110444996505524	0.0494	-0.000249457078226573	0.0905666666666666	0.0905666666666666
Z3.5_r0.5	pi_Cyu_sym	2625	50408	0.063083580952381	0.0664642953499445	0.0594	0.0635	-0.0033807143975635	-5.08651205848725	-0.128531108544359	0.0364	-0.000352428009547948	0.0728	0.0728
Z3.5_r0.5	Mean_fst_sym	2651	52486	0.129090778951339	0.123496445242541	0.12916	0.1225	0.00559433370879822	4.52995525321496	0.14182157946937	2e-04	0.000958600163994391	0.0022	0.0022
Z3.5_r0.5	Mean_dxy_sym	2651	52486	0.077538953225198	0.0816822200840796	0.07368	0.07836	-0.00414326685888154	-5.07242194766091	-0.155185461642033	0.0138	-0.000245790966065029	0.06072	0.06072
Z3.5_r0.5	Mean_f_d_sym_2026	2457	48069	0.0803745782871402	0.0809266880463213	0.067393625	0.068587	-0.000552109759181144	-0.682234467404775	-0.00982489808011185	0.9772	-0.00050348676374333	0.9772	0.9772
Z3.5_r0.5	Rho	2651	52488	1234.28963410034	1232.76889250876	1239.92	1237.19	1.52074159157564	0.123359828498011	0.0308260298123653	0.423	-0.0700837329873139	0.489789473684211	0.489789473684211
