sample,col,code,sp1,group,sp2,Longitude,Latitude,bio1,bio2,bio3,bio4,bio5,bio6,bio7,bio8,bio9,bio10,bio11,bio12,bio13,bio14,bio15,bio16,bio17,bio18,bio19,wc2.1_2.5m_srad_01,wc2.1_2.5m_srad_02,wc2.1_2.5m_srad_03,wc2.1_2.5m_srad_04,wc2.1_2.5m_srad_05,wc2.1_2.5m_srad_06,wc2.1_2.5m_srad_07,wc2.1_2.5m_srad_08,wc2.1_2.5m_srad_09,wc2.1_2.5m_srad_10,wc2.1_2.5m_srad_11,wc2.1_2.5m_srad_12,wc2.1_2.5m_wind_01,wc2.1_2.5m_wind_02,wc2.1_2.5m_wind_03,wc2.1_2.5m_wind_04,wc2.1_2.5m_wind_05,wc2.1_2.5m_wind_06,wc2.1_2.5m_wind_07,wc2.1_2.5m_wind_08,wc2.1_2.5m_wind_09,wc2.1_2.5m_wind_10,wc2.1_2.5m_wind_11,wc2.1_2.5m_wind_12,wc2.1_2.5m_vapr_01,wc2.1_2.5m_vapr_02,wc2.1_2.5m_vapr_03,wc2.1_2.5m_vapr_04,wc2.1_2.5m_vapr_05,wc2.1_2.5m_vapr_06,wc2.1_2.5m_vapr_07,wc2.1_2.5m_vapr_08,wc2.1_2.5m_vapr_09,wc2.1_2.5m_vapr_10,wc2.1_2.5m_vapr_11,wc2.1_2.5m_vapr_12
YLZB4816-11A,coral,ASCD52,C. polyantha,CPO,C. polyantha f. leiocarpa,106.023,26.453,0.798682257,-1.389383873,-0.815712228,0.085922777,0.606628104,1.061461426,-0.46758116,0.471278612,0.457406043,0.689430377,0.471291781,1.836149743,1.341922535,1.228335131,-0.698448843,1.531312923,1.039709303,1.168457691,1.0306258,-1.142827677,-1.237374106,-0.883863463,-0.750489076,-1.090733441,-0.654313815,0.484184968,0.823130365,0.558161138,-0.795863637,-0.900821048,-0.971565548,-0.8145053,-0.393113223,-0.577476076,-0.743685906,-0.449182799,-0.29467165,0.06566646,-0.107286594,0.264001849,0.135172923,0.11957591,-0.193693202,1.438054974,1.443967475,1.714497589,1.643917417,1.488761285,0.974555463,0.546891724,0.576761497,0.799352625,1.096253807,1.341277115,1.39679777
JLS-BM001-1A,coral,BM31,C. polyantha,N,C. polyantha f. leiocarpa,95.217,30.048,-2.061434012,1.310964661,0.636323232,-0.21967779,-1.491404465,-1.650564836,0.309478178,-1.809287544,-1.138596764,-1.795746483,-1.336535153,-1.112145164,-1.219191221,-0.78499563,0.378006654,-0.998281171,-0.709302767,-0.867997142,-0.684823722,0.573126322,0.419048666,0.541185115,1.023692444,1.51334313,0.591471311,0.276905969,0.218983609,1.254173095,1.862132594,1.024413516,0.887540853,0.374526758,-0.225438201,1.314090701,0.311291368,-0.110429196,0.501256077,-0.322979059,0.063524888,0.701593434,0.892881411,0.721925368,0.594542771,-1.241722885,-1.22607472,-1.175919412,-1.30611256,-1.567722505,-1.721874353,-1.695493533,-1.66143585,-1.860801152,-1.843119052,-1.573217577,-1.436945293
JLS-CY022-10A,orange,CY32,C. polyantha,CPO,C. polyantha var. polyantha,98.394,28.505,-0.613273876,0.354591222,0.636323232,-0.590480703,-0.937756981,-0.129802446,-0.600791332,-0.827377116,0.213947988,-0.87859788,-0.033836333,0.653369986,0.984557825,-0.248107427,-0.001918816,0.980891986,-0.151107426,1.012663332,0.135608658,1.156831985,0.951980547,0.745692087,0.663713585,0.408112259,-0.288095946,-0.614347355,-0.683542308,0.390705582,1.342589054,1.526194606,1.370274731,-0.410888788,-0.551963105,-0.511105173,-0.52017372,-0.798201218,-0.363882547,-0.688070602,-0.511024003,-0.147069369,-1.074716978,-0.691751827,-0.92460321,-0.459111394,-0.244441595,-0.263604917,-0.506780438,-0.808544209,-0.920070014,-1.024507975,-0.944161123,-0.838680291,-0.881878339,-0.848762556,-0.730809682
ZXL79-1A,green,CZ25,C. macrocarpa,CMA,C. macrocarpa var. macrocarpa,118.279,32.275,0.581458237,-1.164354829,-1.48588244,1.625265148,1.48080834,-0.155148486,1.264151078,1.8332834,-0.570527968,1.606578981,-0.538964447,0.612982384,0.56763233,2.704777688,-1.711583427,-0.401015899,2.751508351,-0.300460549,2.746075322,-0.134152141,-0.315816296,-0.004333481,0.11494882,1.309822355,1.654147502,2.033444779,2.557707882,2.038277785,1.85136857,0.141762443,-0.019301673,1.814456235,1.142435025,1.388757843,1.849054761,2.004213398,2.323814981,3.151277336,2.749929252,2.743688155,1.968339384,2.160188675,2.214010579,0.335614488,0.452518035,0.780867134,1.193994402,1.457128709,1.955075036,2.298555772,2.302351308,2.053173311,1.11480413,0.657584677,0.285841722
DP1709141A,green,DQS11,C. macrocarpa,CMA,C. macrocarpa var. macrocarpa,128.511,35.81,0.002194182,0.073304916,-1.039102298,1.688766565,1.335111634,-0.915529681,1.819193461,1.389839981,-1.030393183,1.192382837,-0.99092118,0.86107765,1.193020573,1.228335131,-0.571807019,0.770092478,1.449052554,0.812356299,1.44084199,-0.526972992,-0.319626354,-0.243841646,0.42079552,1.045528017,0.41373214,-0.215555545,-0.08337394,-0.160072409,0.767790193,-0.63151904,-0.624039409,-1.076310807,-1.152062339,-1.141627515,-0.278780527,-0.58263091,-0.583050962,-0.028550497,-0.029644927,-0.465318117,-1.44135027,-0.974487706,-1.053587379,-0.643255306,-0.666543863,-0.442657142,-0.184494836,0.050803781,0.576068408,1.145953713,1.43392354,0.899071669,-0.006643076,-0.270681047,-0.521498998
XB2014-38-2A,blue,EY8,C. yunnanensis,CYU,C. yunnanensis subsp. yunanensis,100.19,26.116,0.40043822,0.410848483,1.194798408,-1.069009234,-0.617224228,0.731962908,-1.111430325,-0.320584636,0.971373049,-0.405230859,0.976419895,0.503358895,0.418730367,0.154558725,0.061402096,0.758381394,0.295448848,0.801228131,0.284778181,1.831961428,1.810196141,1.869730404,1.567720644,0.412352275,-0.64035243,-1.115619386,-0.861433121,0.466893892,0.939296969,1.661944803,1.688752334,-0.149083606,0.198161134,0.301936657,0.186124586,-0.27467359,-0.352347512,-0.652738936,-0.697364097,-0.849868178,-0.329229442,-0.126281169,-0.422998344,0.730554803,0.648844697,0.380131082,0.112263236,0.183923306,0.369579537,0.03067863,0.100768965,0.706965773,0.946165558,0.787282473,0.858570738
XB2014-38-6A,orange,EY9,C. polyantha,CPO,C. polyantha var. polyantha,100.19,26.116,0.40043822,0.410848483,1.194798408,-1.069009234,-0.617224228,0.731962908,-1.111430325,-0.320584636,0.971373049,-0.405230859,0.976419895,0.503358895,0.418730367,0.154558725,0.061402096,0.758381394,0.295448848,0.801228131,0.284778181,1.831961428,1.810196141,1.869730404,1.567720644,0.412352275,-0.64035243,-1.115619386,-0.861433121,0.466893892,0.939296969,1.661944803,1.688752334,-0.149083606,0.198161134,0.301936657,0.186124586,-0.27467359,-0.352347512,-0.652738936,-0.697364097,-0.849868178,-0.329229442,-0.126281169,-0.422998344,0.730554803,0.648844697,0.380131082,0.112263236,0.183923306,0.369579537,0.03067863,0.100768965,0.706965773,0.946165558,0.787282473,0.858570738
zhuzm1009-1A,orange,KM42,C. polyantha,CPO,C. polyantha var. polyantha,102.605,24.992,0.581458237,-0.095466867,0.859713302,-1.087719473,-0.617224228,0.884039147,-1.244640497,-0.257235577,1.052525734,-0.346059981,1.056176965,0.422583692,0.508071545,0.423002826,0.124723008,0.875492232,0.221022802,0.912509816,0.21019342,1.398451972,1.746377668,1.680223944,1.735530338,0.232858259,-0.564101789,-0.756243045,-0.501673105,0.290708425,0.203755356,0.895808067,1.113591291,1.127217063,1.001235422,0.84119913,0.811958494,0.330976542,0.097524696,0.171660756,-0.24704178,-0.120548607,0.355152607,0.685046935,0.021280556,1.980794583,1.691830018,1.326550573,0.961055156,1.122352345,0.943159334,0.467684334,0.496020633,1.079446145,1.560010382,1.850804288,1.882122264
Gln2014-8-1A,orange,LD06,C. polyantha,CPO,C. polyantha var. polyantha,102.221,29.971,-0.540865869,-0.826811262,-0.480627122,-0.113086126,-0.500666863,0.022273793,-0.400976074,-0.447282756,-0.381171703,-0.523572614,-0.352864615,-0.165921358,-0.921387296,-0.382329478,-0.318523373,-0.62352649,-0.374385562,-0.51189575,-0.386484675,-0.943403281,-0.965907464,-1.109371151,-1.142270579,-0.929612829,-0.634982667,-0.547572912,-0.769361838,-1.354482893,-1.27593909,-0.846960647,-0.91822187,-0.879956758,-0.949087547,-1.083553098,-1.199650649,-0.65448768,-0.640726824,-0.487858997,-0.293627151,-0.292933362,-0.549209126,-0.175452291,-0.523319317,-0.449419629,-0.3916865,-0.436262624,-0.390310815,-0.513308074,-0.795693597,-0.856989027,-0.823989664,-0.947198229,-0.672766289,-0.481903179,-0.480096892
Gln2014-15-1A,royalblue,LD30,C. yunnanensis,CYU,C. yunnanensis subsp. filipes,102.215,29.982,-0.540865869,-0.826811262,-0.480627122,-0.113086126,-0.500666863,0.022273793,-0.400976074,-0.447282756,-0.381171703,-0.523572614,-0.352864615,-0.165921358,-0.921387296,-0.382329478,-0.318523373,-0.62352649,-0.374385562,-0.51189575,-0.386484675,-0.943403281,-0.965907464,-1.109371151,-1.142270579,-0.929612829,-0.634982667,-0.547572912,-0.769361838,-1.354482893,-1.27593909,-0.846960647,-0.91822187,-0.879956758,-0.949087547,-1.083553098,-1.199650649,-0.65448768,-0.640726824,-0.487858997,-0.293627151,-0.292933362,-0.549209126,-0.175452291,-0.523319317,-0.449419629,-0.3916865,-0.436262624,-0.390310815,-0.513308074,-0.795693597,-0.856989027,-0.823989664,-0.947198229,-0.672766289,-0.481903179,-0.480096892
XubBo-1037-1A,green4,LN46,C. macrocarpa,N,C. macrocarpa f. microphylla,105.066,33.316,-0.649477879,-0.376753173,-0.815712228,0.559915492,0.111259303,-0.687415323,0.686906999,-0.320584636,-0.868087813,-0.079791032,-0.831407039,-1.717959186,-2.261504959,-0.78499563,-0.445165196,-2.192811716,-0.74651579,-2.181121023,-0.759408484,-0.858007444,-0.932093198,-0.952865816,-0.92168203,-0.017302692,0.876605751,0.878803375,0.435521628,-1.105283629,-1.097256298,-1.140444877,-1.005367483,-1.021767763,-0.269563373,-0.884440884,-0.913555072,-0.7058139,-0.894501032,-0.911836182,-0.169400113,-0.478578301,-0.488103638,0.254797322,-0.294014175,-0.665061825,-0.50948246,-0.378710055,-0.272245691,-0.451361158,-0.623015609,-0.612083848,-0.588340331,-0.781488576,-0.693003028,-0.661627292,-0.737709976
THP-SET_1917-1A,orange3,MK27,C. polyantha,CPO,C. polyantha f. souliei,98.923,29.746,-2.170046023,1.986051794,0.971408338,-0.239521982,-1.578822488,-1.878679195,0.44268835,-1.935985664,-1.219749449,-1.914088239,-1.389706534,-2.479553957,-2.350846136,-1.053439731,0.884573946,-2.415322307,-1.081432995,-2.214505529,-1.057747531,0.647973261,0.457149248,0.228674462,0.196823711,0.336031985,0.078121923,-0.184950592,-0.264674801,0.515305214,1.153142238,1.045847758,0.876449593,1.007223211,1.265984875,0.40978925,0.248708243,0.875035332,0.443580215,0.301209379,1.072867485,0.118137856,1.112861823,0.476068656,1.325452779,-1.740849639,-1.788059702,-1.828181541,-1.810282111,-2.133152401,-2.195228698,-1.963159401,-1.95153777,-2.302204878,-2.374331006,-2.110537056,-1.894668354
2014-132-2A,orange,ML5,C. polyantha,N,C. polyantha var. polyantha,100.869,28.173,-0.540865869,1.479736444,1.194798408,-0.698773297,-0.937756981,-0.560685124,-0.223362511,-0.890726176,-0.002459172,-0.937768758,0.019335047,-0.431325597,0.120926442,-0.78499563,0.757932123,0.102560703,-0.783728813,0.178050696,-0.796700865,0.613312598,0.531445381,0.402680394,0.193440451,-0.299263764,-0.641426383,-0.873562031,-0.913720517,-0.560854664,0.061670244,0.695205551,0.707439921,1.039949103,1.115959869,1.106682247,0.499041807,0.433628982,0.789636077,0.28943204,0.467262297,0.555729441,0.770670435,0.094990166,0.422564021,-0.926740044,-0.992936741,-1.167392965,-1.240697997,-1.196041403,-1.126558525,-0.94894236,-1.022084996,-0.988258857,-0.886937586,-0.972902057,-0.882617346
2014-128-1A,orange,ML50,C. polyantha,CPO,C. polyantha var. polyantha,100.852,28.234,-0.251233842,1.479736444,1.194798408,-0.695938413,-0.704642251,-0.332570765,-0.245564206,-0.637329936,0.213947988,-0.701085247,0.232020569,-0.448634569,0.001804872,-0.78499563,0.821253035,0.032294201,-0.783728813,0.111281685,-0.796700865,0.669573385,0.588119996,0.421181024,0.204943535,-0.277357014,-0.596857346,-0.831828005,-0.87450497,-0.525935022,0.117643167,0.752913124,0.729094285,0.090904424,0.895335325,1.048608078,0.642089329,0.587608254,0.362833595,-0.24053909,0.187751926,-0.054246899,0.074067435,-0.175452291,-0.122035425,-0.839513971,-0.89477341,-1.060814275,-1.14496964,-1.082691895,-1.002182468,-0.819661509,-0.890647253,-0.834281062,-0.735162671,-0.852468271,-0.781412237
XubBo2014-131-1A,blue,ML53,C. yunnanensis,CYU,C. yunnanensis  ,101.110536,28.122325,-1.771801985,1.592250966,1.194798408,-0.693103528,-1.928494583,-1.498488597,-0.156757425,-1.935985664,-0.895138708,-1.914088239,-0.857992729,-0.160151701,0.6867539,-0.78499563,1.011215769,0.582715138,-0.820941836,0.634305604,-0.833993246,0.526409776,0.462388078,0.321177615,0.13524838,-0.377704063,-0.610281755,-0.898138736,-0.94668431,-0.55371201,0.007850126,0.567699293,0.581210821,2.261707053,2.510308777,2.044169644,2.179852722,2.188987423,2.046970704,1.184494362,1.678473136,1.590037182,2.151655848,1.029246625,1.640747509,-1.256260534,-1.3708655,-1.55320821,-1.588511248,-1.550588373,-1.494857549,-1.295815619,-1.428603228,-1.447260152,-1.316966346,-1.315674842,-1.21843416
2014-3-10A,tan1,MN34,C. polyantha,CPO,C. polyantha var. tomentosa,101.876,28.303,0.943498271,0.523363005,0.748018267,-0.716916559,0.198677327,0.833347067,-0.578589636,0.376255022,1.106627524,0.245648795,1.109348346,0.128331167,0.240048012,-0.650773579,0.441327565,0.442182133,-0.672089745,0.500767582,-0.684823722,0.109477159,0.18139629,0.016667235,-0.16044854,-0.583344845,-0.736471196,-0.674629838,-0.726736243,-0.784657825,-0.536091867,0.032942447,0.124356549,-0.378163221,-0.02246341,0.243862487,0.355993752,0.125671661,-0.606121376,-0.664516275,-0.511024003,-0.955950831,-0.317008125,-0.704044883,-0.809950852,-0.052056687,-0.197813963,-0.33394684,-0.450938877,-0.306379466,-0.249887076,-0.175078144,-0.27946155,-0.123049192,0.060812051,0.018359984,0.06733076
XB2014-4-2A,royalblue,MN4,C. yunnanensis,CYU,C. yunnanensis subsp. filipes,101.876,28.303,0.943498271,0.523363005,0.748018267,-0.716916559,0.198677327,0.833347067,-0.578589636,0.376255022,1.106627524,0.245648795,1.109348346,0.128331167,0.240048012,-0.650773579,0.441327565,0.442182133,-0.672089745,0.500767582,-0.684823722,0.109477159,0.18139629,0.016667235,-0.16044854,-0.583344845,-0.736471196,-0.674629838,-0.726736243,-0.784657825,-0.536091867,0.032942447,0.124356549,-0.378163221,-0.02246341,0.243862487,0.355993752,0.125671661,-0.606121376,-0.664516275,-0.511024003,-0.955950831,-0.317008125,-0.704044883,-0.809950852,-0.052056687,-0.197813963,-0.33394684,-0.450938877,-0.306379466,-0.249887076,-0.175078144,-0.27946155,-0.123049192,0.060812051,0.018359984,0.06733076
xubo01410-1A,green,MX,C. macrocarpa,N,C. macrocarpa var. macrocarpa,103.7715,31.5995,-0.8667019,-0.095466867,-0.257237051,0.079686031,-0.471527522,-0.636723243,0.198469701,-0.732353526,-0.732833338,-0.641914369,-0.698478588,-0.038988897,-0.206657875,-0.382329478,-0.255202462,-0.283905061,-0.374385562,-0.278204212,-0.386484675,-1.480894726,-1.512650806,-1.66789019,-1.775616842,-1.104866828,-0.30366826,-0.084788928,-0.491442963,-1.750503379,-1.77323698,-1.452065773,-1.422610113,-0.858139605,-1.35503713,-1.125034789,-1.414222198,-1.321729153,-1.286697377,-1.347590355,-0.635250578,-0.200110893,-0.451440418,-0.200038036,-0.795619467,0.35499802,0.464788292,0.531472987,0.618028525,0.663682148,0.497578446,0.943838172,0.805838691,0.689368423,0.416640021,0.583471769,0.258240204
YLZB4715-1A,royalblue,MY1,C. yunnanensis,CYU,C. yunnanensis subsp. filipes,101.91,27.122,1.558966329,0.860906572,0.971408338,-0.794592399,0.664906786,1.137499545,-0.489782855,0.819698442,1.62059453,0.659844938,1.61447646,0.341808489,0.776095078,-0.382329478,0.757932123,1.027736321,-0.523237654,1.057176006,-0.535654199,0.715285274,0.841012604,0.765692768,0.627174377,-0.237076861,-0.730564457,-0.777110059,-0.574420786,-0.374352031,-0.16365665,0.540769092,0.629801102,-0.432705941,-0.198963571,0.185787824,0.266588984,-0.130960051,-0.513840064,-0.770510571,-0.868176042,-1.154856348,-0.695862734,-1.343272774,-1.110913771,0.604561667,0.354354522,0.115815651,-0.101530244,0.046849464,0.285051969,0.116258992,0.035050094,0.517792841,0.878709929,0.774312749,0.872371325
XB26-11B,orange,SC37,C. polyantha,CPO,C. polyantha var. polyantha,104.998,26.532,-0.142621832,-1.108097568,-0.480627122,-0.274107575,-0.471527522,0.40246439,-0.711799809,-0.257235577,-0.029510067,-0.346059981,-0.007250643,1.18994812,0.6867539,0.959891029,-0.445165196,1.016025237,0.59315303,1.046047838,0.583117229,-0.912258917,-0.839699289,-0.460849043,-0.307282022,-0.906999409,-0.75795025,0.111824708,0.39119101,0.135950921,-0.914985498,-0.661746816,-0.846920915,-0.879956758,-0.410763239,-0.560883103,-0.010566223,0.823709111,0.45511525,1.243380004,0.746772206,1.086143495,0.196278411,-0.61799496,-0.122035425,0.858970927,0.813268107,0.782998746,0.693015852,0.512110058,0.073732869,-0.270673252,-0.25411311,-0.164109821,0.300279085,0.715022422,0.817168632
YLZB4703-2A,royalblue,SM3,C. yunnanensis,CYU,C. yunnanensis subsp. filipes,102.278,29.313,1.414150315,-0.545524956,-0.257237051,-0.196431735,1.014578881,1.289575784,-0.356572683,1.073094681,1.133678419,1.014870204,1.135934036,-0.240926904,-0.176877483,-0.650773579,0.188043919,-0.096527721,-0.672089745,-0.22256337,-0.684823722,-0.936370682,-0.907327821,-0.987867009,-0.969724321,-0.922546135,-0.718750977,-0.53366157,-0.646031785,-1.235438659,-1.388602537,-0.943139936,-1.012761656,-1.229030551,-2.016911288,-1.871705963,-1.682436769,-1.578360559,-1.586612068,-1.147379102,-1.939631695,-1.526146226,-1.881310366,-2.056258083,-1.497865852,0.209621532,0.302819006,0.239446919,0.184059563,0.044213383,-0.158114165,-0.359895117,-0.280400547,-0.252097445,0.064184883,0.177702943,0.258240204
XB2014-144-2A,tan1,SM35,C. polyantha,CYU,C. polyantha var. tomentosa,102.326,29.247,1.414150315,-0.489267695,-0.257237051,-0.214574997,0.98543954,1.264229744,-0.356572683,1.041420151,1.133678419,0.985284765,1.135934036,-0.298623478,-0.236438268,-0.650773579,0.188043919,-0.166794223,-0.672089745,-0.278204212,-0.684823722,-0.936370682,-0.895897646,-0.983866872,-0.953484673,-0.934559514,-0.749895605,-0.540617241,-0.636938325,-1.27512007,-1.410848186,-0.949185491,-1.005367483,-1.09812796,-2.034561304,-1.913187654,-1.691377139,-1.516768912,-1.55200662,-1.182710417,-1.986216603,-1.738311927,-1.697993538,-2.068550955,-1.497865852,0.248388595,0.329814009,0.254368202,0.200014328,0.085072045,-0.115850201,-0.294344248,-0.225947679,-0.191972765,0.106344526,0.225876402,0.306542775
XubBo1030-1A,lightgreen,TB43,C. macrocarpa,CMA,C. macrocarpa var. hupehensis,107.448,34.053,-1.771801985,-1.276869351,-1.374187404,1.084369155,-0.529806204,-1.422450478,0.842318866,-0.922400706,-1.97717451,-0.582743492,-1.921420338,-0.656342233,-1.427653968,-0.382329478,-0.635127931,-1.009992255,-0.33717254,-1.546815419,-0.349192294,-0.292385604,-0.431546811,-0.421847714,-0.416222993,0.617286388,1.72502838,1.612858533,1.261889816,-0.279116643,-0.35525627,-0.903569028,-0.521577294,0.538155566,0.427611081,0.301936657,0.507982177,0.21805898,0.893452767,0.925397818,1.492133506,1.324829562,0.636238143,2.024966897,1.096147636,-0.919471084,-0.88741122,-0.674999029,-0.476466407,-0.475085492,-0.621808232,-0.389028777,-0.304810269,-0.771223419,-0.96788404,-0.954373761,-1.0298247
Sha-WS-1A,green,WS14,C. macrocarpa,CMA,C. macrocarpa var. macrocarpa,110.013,31.037,0.798682257,-1.389383873,-1.374187404,0.895565836,1.422529658,0.630578749,0.531495131,0.883047502,0.051642618,1.36989547,0.072506428,0.6649093,-0.683144155,1.362557181,-1.711583427,-0.974859004,1.337413485,-0.867997142,1.328964847,-1.12223221,-1.066874005,-1.087870418,-1.216025646,-0.633518369,0.6371143,1.412535205,1.925144063,0.825613851,-0.224652784,-1.040418416,-1.0676898,0.352709931,-0.128363507,-0.34517841,-0.082089718,-0.521039569,-0.283136271,-0.193430436,-0.029644927,0.065096332,0.098509703,0.107283221,0.436895833,0.77416784,0.82063048,1.036656435,1.334396055,1.342461356,1.346476978,1.259757155,1.117533623,1.151302245,0.941106562,0.965153728,0.881571946
XubBo1051-1A,lightgreen,WX48,C. macrocarpa,CMA,C. macrocarpa var. hupehensis,105.113,32.818,0.328030213,-0.658039479,-0.927407263,0.555379677,0.868882175,0.123657952,0.553696826,0.534627672,-0.137713647,0.719015816,-0.113593404,-1.302543857,-1.368093183,-0.78499563,0.124723008,-1.349613684,-0.783728813,-1.368764724,-0.796700865,-1.098120445,-1.195939724,-1.263376401,-1.247151637,-0.385477426,0.616172223,0.760093255,0.375277454,-1.368768201,-1.405107373,-1.402602138,-1.24145287,-1.392658709,-1.213837264,-1.606222846,-1.557269987,-1.60915623,-1.528936206,-1.465361639,-0.992402617,-1.313980525,-1.001390174,-0.777802116,-0.551982513,0.006094088,0.21447199,0.337499479,0.455289867,0.309134982,0.200524401,0.169063648,0.189958843,0.209836814,0.197409475,0.112854045,-0.026974226
XuBo982-1A,green,XS40,C. macrocarpa,CMA,C. macrocarpa var. macrocarpa,116.196,39.991,-0.794293893,0.467105744,-1.262492369,2.597630587,1.247693611,-2.182831673,2.862673143,1.199792801,-2.274734355,1.014870204,-2.21386293,-1.602566039,1.312142143,-0.650773579,3.290768585,-0.073105553,-0.74651579,0.011128168,-0.759408484,-0.615885129,-0.06768626,0.490683394,1.396527691,3.137975975,2.691585805,1.536809862,1.044783455,1.801776573,0.798647061,-0.719454389,-0.830548103,1.781730344,1.071834961,0.666976128,1.920578789,2.342966695,1.827802289,0.572083614,-0.029644927,0.767894746,1.112861823,1.742231385,0.952832083,-1.648777773,-1.748794351,-1.559602887,-1.186451936,-0.656971922,0.023016544,0.933823968,0.849964271,-0.46766662,-1.455249935,-1.545425133,-1.609454009
xubo266-2A,green,XY36,C. macrocarpa,CMA,C. macrocarpa var. macrocarpa,114.08,31.81,0.328030213,-1.164354829,-1.48588244,1.442131599,1.160275587,-0.256532646,1.10873921,1.516538101,-0.651680653,1.310724592,-0.618721518,1.391886127,0.537851937,2.033667435,-1.838225251,0.09084962,2.528230214,0.166922527,2.522321036,-0.770602293,-0.759211811,-0.873863123,-0.784321676,0.172084695,1.177312506,1.61842307,1.550038833,0.781170671,0.318571608,-0.694722572,-0.799915099,0.603606699,0.277586075,0.675272367,0.874542152,0.495220936,1.204902149,1.891123472,1.756114803,1.709380414,1.736138384,1.164467671,1.741068055,0.078782422,0.256191374,0.697735857,1.267385992,1.400454347,1.699077218,1.828774905,1.762517619,1.19089661,0.534687122,0.253668708,-0.003973018
XuBo-97-11B,green,YJI38,C. macrocarpa,CMA,C. macrocarpa var. macrocarpa,108.525,28.003,0.653866243,-1.670670179,-1.374187404,0.788407196,1.218554269,0.731962908,0.287276482,0.693000322,0.024591723,1.133211959,0.045920738,1.709217281,-0.02797552,2.302111536,-1.901546162,0.114271787,1.858395804,-0.344973223,1.85105818,-1.410568743,-1.542178757,-1.546386048,-1.835838869,-1.824256231,-0.382066807,1.306809004,1.508549921,1.316869725,-0.671000963,-1.240471337,-1.247262577,-1.436293014,-0.957912424,-1.174812966,-1.181769642,-1.290933482,-1.055993584,0.948951794,-0.091758446,-0.200110893,-1.221370222,-0.876144728,-1.168240163,1.031000086,1.17156442,1.454445382,1.817824339,1.72732247,1.672511318,1.249742409,1.267748507,1.347807807,1.190691588,1.174523003,1.090882287
2014-66-1A,orange,YL49,C. polyantha,CPO,C. polyantha var. polyantha,100.416,27.116,-0.75808989,0.692134788,1.083103373,-0.934635701,-1.3748471,-0.256532646,-0.822808285,-1.239146005,0.024591723,-1.263208585,0.045920738,0.122561509,1.16324018,-0.78499563,1.011215769,1.062869572,-0.672089745,1.090560512,-0.684823722,1.123678307,1.028657967,1.006200967,0.821373498,-0.023662716,-0.712307261,-1.104490312,-0.999540047,-0.221181782,0.358039694,1.029909476,1.138414586,1.192668847,0.577635561,0.426381729,0.00731505,0.361772519,0.45511525,0.760517528,0.218808685,0.728113801,0.477363947,0.267090011,0.694863744,-0.454265602,-0.511936585,-0.692051607,-0.886503101,-0.879717211,-0.732901699,-0.808736184,-0.828683809,-0.611379258,-0.509186964,-0.598631251,-0.459396011
XB2014-48-1A,blue,YL9,C. yunnanensis,CYU,C. yunnanensis subsp. yunanensis,100.389,27.178,0.255622206,0.748392049,1.083103373,-0.919894301,-0.558945545,0.42781043,-0.80060659,-0.383933696,0.754965889,-0.464401737,0.763734373,0.07640425,0.6867539,-0.650773579,0.694611212,0.734959227,-0.523237654,0.778971794,-0.535654199,1.247251107,1.168677604,1.112704598,0.919488037,0.073857655,-0.632297785,-0.970014004,-0.831879376,-0.034679149,0.586954597,1.195337853,1.258305823,0.756326443,0.612935593,0.592308986,0.00731505,-0.048837854,0.109060075,-0.452527682,-0.604193819,-0.770305892,-0.255902637,-0.42130937,-0.380003764,-0.027827183,-0.080018002,-0.24655234,-0.497207436,-0.448725078,-0.248679339,-0.352611567,-0.35175256,0.020663883,0.133326678,-0.068722924,0.039729242
Xubo01402-2A,orange,YS26,C. polyantha,CYU,C. polyantha var. polyantha,100.748,26.581,0.798682257,0.692134788,1.083103373,-1.010043633,-0.121855427,0.858693107,-0.845009981,0.027835193,1.214831104,-0.079791032,1.215691107,0.134100824,0.32938919,-0.382329478,0.504648477,0.664692724,-0.299959517,0.712202783,-0.311899913,1.514992173,1.462528337,1.500217808,1.263227248,0.234978267,-0.596857346,-0.93894534,-0.730146291,0.357373196,0.680242801,1.347026331,1.420977633,-0.432705941,0.12756107,0.343418347,0.507982177,0.42336386,0.01677842,-0.534967651,-0.5420803,-0.319454124,-0.536988174,-0.335259448,-0.480324737,0.534296139,0.339630141,0.122210487,-0.162158069,-0.021687458,0.263316298,0.016111801,0.022845092,0.623377815,0.890514588,0.676112973,0.743564698
YLZB4735-1A,orange,YSXC51,C. polyantha,CPO,C. polyantha var. polyantha,104.416,23.506,1.088314284,-0.995583045,0.301238126,-0.935202678,-0.180134109,1.568382222,-1.511060841,0.281231433,1.323034684,0.156892479,1.322033868,1.138021203,0.984557825,0.557224877,-0.381844285,1.098002824,0.518726984,1.123945017,0.508532467,0.231040645,0.353801421,0.486683257,0.441771732,0.083044356,-0.176941842,0.13222801,0.221256974,1.350995739,0.876148031,0.609468585,0.426461339,0.756326443,0.974760266,0.940755484,-0.153613745,0.094875685,0.397439387,0.360095021,0.032468592,0.051836149,0.306268435,0.906317903,1.655078894,2.792481732,2.889422251,2.722732873,2.211906506,1.82617373,1.236590888,0.339313791,0.385238024,1.029586623,1.792731752,2.173196473,2.427249762
ZXL277-1A,green,YY12,C. macrocarpa,CMA,C. macrocarpa var. macrocarpa,113.343,34.731,0.183214199,0.467105744,-0.927407263,1.899681983,1.626505047,-0.991567801,2.107815501,1.168118271,-1.084494974,1.458651786,-1.044092561,-1.596796382,-1.397873576,-0.113885376,-0.508486108,-1.876612454,-0.113894403,-1.925173148,-0.125438009,-0.176347731,-0.038634567,0.121670814,0.489137371,2.07161192,2.678698373,1.834976297,1.58016092,1.172429387,0.959389813,-0.38804804,-0.312955979,0.199990187,0.454085711,0.501048871,0.910304165,1.090605334,1.216437872,1.031392114,1.321321098,0.980060447,1.112861823,0.795682236,0.909837502,-0.883126827,-0.742620439,-0.293447167,0.241496624,0.467297471,0.56640795,1.521960089,1.492131276,0.626310779,-0.215755126,-0.556016087,-0.818214032
