,AS-CD52,BM31,CY32,CZ25,DQS11,EY8,EY9,KM42,LD06,LD30,LN46,MK27,ML5,ML50,ML53,MN34,MN4,MX,MY1,SC37,SM3,SM35,TB43,WS14,WX48,XS40,XY36,YJI38,YL49,YL9,YS26,YS-XC51,YY12
AS-CD52,0,0.307507842993718,0.128895231879554,0.296018665152291,0.379838910024968,0.261568227654131,0.127478352850507,0.0760541017910422,0.111442954722816,0.222361175525021,0.311122653838797,0.181104452752737,0.159241709922916,0.165407710343058,0.274900075644544,0.217061534485732,0.250852912856172,0.287524591186098,0.26625374668837,0.0970696972926054,0.233578891617764,0.282072905705584,0.302758285561512,0.285442723658316,0.302462950354813,0.302921137164073,0.323986781876104,0.337288842166317,0.139276303239309,0.261937877967895,0.279202158460742,0.0969810201921322,0.311705957025
BM31,0.307507842993718,0,0.24902771820773,0.33715861787383,0.43937369748099,0.334236253266732,0.256154876615767,0.268657978624654,0.252109616165618,0.255884578771338,0.348091265122274,0.266216749248178,0.241957420406152,0.270004493119288,0.331559092742131,0.318439040224337,0.302674416232269,0.326449536647645,0.314062678422286,0.298697582529446,0.270532157971395,0.329889647337652,0.347824960614321,0.325304685215307,0.34471730898664,0.34727480274171,0.371294377278622,0.377459178353079,0.252920831940277,0.308184375843628,0.32693158245318,0.304905582706394,0.355063968972058
CY32,0.128895231879554,0.24902771820773,0,0.252364325091238,0.331763372232027,0.204659283005161,0.0710104120429131,0.0815618947657963,0.0568547420266995,0.175794522255254,0.264077059279802,0.0822587785623028,0.0850559126116477,0.0780328613161508,0.22310093699185,0.162771100375722,0.201783290352382,0.23654698203594,0.215822150378394,0.13152331727765,0.18783763718222,0.240036044691847,0.256163677959995,0.241290715542386,0.258053479422699,0.257264101612455,0.279498277640354,0.299443232440769,0.0590102290513165,0.211364644222179,0.228836197971663,0.122826324011323,0.267685585477068
CZ25,0.296018665152291,0.33715861787383,0.252364325091238,0,0.230775754620439,0.293289592518326,0.261581601457353,0.267018318154879,0.251067644078854,0.261663627271051,0.327444880226508,0.267323922385934,0.245916437456784,0.265321983375649,0.315154804011037,0.308379659896346,0.29319494452026,0.315425110053774,0.301965257833165,0.288302465909394,0.272602866797462,0.320276496705472,0.294841160256097,0.276783877783329,0.297828389782038,0.295875080844893,0.241127620440871,0.325251235588087,0.256025796610573,0.297804403324521,0.313084715170097,0.295647795523398,0.300838913959435
DQS11,0.379838910024968,0.43937369748099,0.331763372232027,0.230775754620439,0,0.407371913166396,0.33084715931391,0.344789331542371,0.329296648476379,0.339504421975661,0.408453888448693,0.344360096831887,0.319458871084948,0.347227771325797,0.400642687587283,0.389675361797603,0.376150001567407,0.403950106384636,0.387664144595019,0.367866513393646,0.350020452996148,0.400164969255554,0.385527294455611,0.359978925505154,0.382491528591734,0.383237457774689,0.355107186974384,0.403045604818769,0.329776683078934,0.381019460769142,0.397253954590307,0.377551635251471,0.386679349274623
EY8,0.261568227654131,0.334236253266732,0.204659283005161,0.293289592518326,0.407371913166396,0,0.212411118624871,0.222318200816548,0.201142517569208,0.175183772244908,0.311723864767538,0.221600766489421,0.168115684420208,0.218778592439998,0.220862945881207,0.275388946197244,0.176114487933295,0.284614724428116,0.153064082079693,0.249656179114761,0.182091667732848,0.270428434485569,0.306552623265947,0.282261901474725,0.301125435678153,0.306879934403776,0.325871842105837,0.332205873963412,0.206348008878447,0.0888942731807098,0.0968514502622988,0.259025343645707,0.313594362895513
EY9,0.127478352850507,0.256154876615767,0.0710104120429131,0.261581601457353,0.33084715931391,0.212411118624871,0,0.0802755036763681,0.0283745657567525,0.189874181785114,0.272534043505893,0.117040437796669,0.104405421366731,0.094995051884356,0.232917801227997,0.171705557841498,0.212641381315129,0.245886635275802,0.225642125732841,0.122091564001991,0.201132700131247,0.246411567371743,0.265050329424312,0.251974234148935,0.26671995353258,0.266374207387473,0.285577431591,0.30489095641782,0.0689439844346778,0.222197454947062,0.237803486314211,0.121521277385978,0.275985809418355
KM42,0.0760541017910422,0.268657978624654,0.0815618947657963,0.267018318154879,0.344789331542371,0.222318200816548,0.0802755036763681,0,0.0609650417257788,0.191854178271702,0.280805978949908,0.139569781918724,0.122067248573513,0.12337043043062,0.240718058041421,0.177918118399704,0.217888699873506,0.254033107562223,0.232151130799357,0.0736137545174991,0.203009555904278,0.251238660166558,0.271821797287857,0.256639412012892,0.272865093154238,0.272803371199145,0.293990849411748,0.311185446628411,0.0915280273010941,0.228554004180357,0.244546487566538,0.0565773980684873,0.281976845536665
LD06,0.111442954722816,0.252109616165618,0.0568547420266995,0.251067644078854,0.329296648476379,0.201142517569208,0.0283745657567525,0.0609650417257788,0,0.177141026333519,0.262942632774395,0.104511244432523,0.0896292222288992,0.0812599819376705,0.223372677025042,0.159439621784272,0.201503566627675,0.238022692110348,0.216736199878618,0.105222845886607,0.188369176750092,0.236430459491254,0.256497397098242,0.241475371814817,0.2574882754524,0.257873331782791,0.276648644701455,0.295724904293744,0.0533872520743232,0.212609019030882,0.228886809712639,0.104297543238983,0.267333657015201
LD30,0.222361175525021,0.255884578771338,0.175794522255254,0.261663627271051,0.339504421975661,0.175183772244908,0.189874181785114,0.191854178271702,0.177141026333519,0,0.2729189669642,0.195400723444804,0.157816701861119,0.1905873624648,0.211934771342213,0.238178267638536,0.178025182428082,0.211045912004965,0.177551494987333,0.219134732305934,0.0344828403261038,0.189438201996341,0.266507907815312,0.251076471875586,0.265040285214482,0.267158639613001,0.288258598272578,0.30605482094555,0.183679451233995,0.182363528506045,0.199328782004208,0.222439512629303,0.277367824591418
LN46,0.311122653838797,0.348091265122274,0.264077059279802,0.327444880226508,0.408453888448693,0.311723864767538,0.272534043505893,0.280805978949908,0.262942632774395,0.2729189669642,0,0.276718486861186,0.258203874826929,0.27665127426636,0.331401372768365,0.320064985885474,0.309043468984559,0.319856930073686,0.318517349229134,0.300741849155436,0.284899781862467,0.331015332096043,0.331756255948141,0.316052233530819,0.32708210400688,0.335195035854986,0.350212229132003,0.361545374603825,0.266631878048641,0.313651385471713,0.328912971937545,0.30947209575755,0.341718182586237
MK27,0.181104452752737,0.266216749248178,0.0822587785623028,0.267323922385934,0.344360096831887,0.221600766489421,0.117040437796669,0.139569781918724,0.104511244432523,0.195400723444804,0.276718486861186,0,0.108847007656333,0.102618915478076,0.239635254535095,0.18470136451357,0.219440198669246,0.253320390639056,0.233919806636084,0.17915555415495,0.207271192924407,0.256374126538452,0.272972868233835,0.257869339832418,0.273965444816473,0.274199797997492,0.293372701289009,0.311102147745142,0.0952448054701664,0.227824963438075,0.24606873095272,0.17748421730619,0.283580691069925
ML5,0.159241709922916,0.241957420406152,0.0850559126116477,0.245916437456784,0.319458871084948,0.168115684420208,0.104405421366731,0.122067248573513,0.0896292222288992,0.157816701861119,0.258203874826929,0.108847007656333,0,0.0393553530868201,0.117832892223765,0.164640073263496,0.144254321586646,0.225114879010654,0.177771241153987,0.15868659452854,0.168270203486127,0.227225217346314,0.250193803765736,0.236050820314538,0.251459442900584,0.250683371852263,0.271149386198554,0.291723529352083,0.0836360988077028,0.174429225043088,0.194822787234232,0.158383063928386,0.260914547340676
ML50,0.165407710343058,0.270004493119288,0.0780328613161508,0.265321983375649,0.347227771325797,0.218778592439998,0.094995051884356,0.12337043043062,0.0812599819376705,0.1905873624648,0.27665127426636,0.102618915478076,0.0393553530868201,0,0.226021867477083,0.166517613932765,0.210190677725011,0.253605470868221,0.2293504870652,0.159804411665938,0.201871168822381,0.25257245025515,0.271689581780968,0.255849116041318,0.271730726937386,0.272805548062754,0.291356863182204,0.308921481527478,0.0675867753841096,0.225329080613672,0.243280655250754,0.164279198391919,0.281857730810247
ML53,0.274900075644544,0.331559092742131,0.22310093699185,0.315154804011037,0.400642687587283,0.220862945881207,0.232917801227997,0.240718058041421,0.223372677025042,0.211934771342213,0.331401372768365,0.239635254535095,0.117832892223765,0.226021867477083,0,0.283990614485125,0.147301067702954,0.297956437597326,0.214404926288295,0.268967579935452,0.221994284171779,0.294399242989991,0.32327140104345,0.305334446783425,0.320969977133665,0.32352619960842,0.34386038741354,0.355327056962428,0.227331133291501,0.210615314820287,0.236141692285136,0.273284106569435,0.331242479203669
MN34,0.217061534485732,0.318439040224337,0.162771100375722,0.308379659896346,0.389675361797603,0.275388946197244,0.171705557841498,0.177918118399704,0.159439621784272,0.238178267638536,0.320064985885474,0.18470136451357,0.164640073263496,0.166517613932765,0.283990614485125,0,0.261635781424347,0.299899091831858,0.279581592018876,0.20920787192178,0.249379989889795,0.297176212081649,0.315821414941041,0.298974852863173,0.31487098534262,0.31637529480133,0.334607140729306,0.347109734323379,0.160776053145229,0.274689298138496,0.291909666287725,0.214392695359514,0.323725817794007
MN4,0.250852912856172,0.302674416232269,0.201783290352382,0.29319494452026,0.376150001567407,0.176114487933295,0.212641381315129,0.217888699873506,0.201503566627675,0.178025182428082,0.309043468984559,0.219440198669246,0.144254321586646,0.210190677725011,0.147301067702954,0.261635781424347,0,0.270552092784577,0.157128785453064,0.246259898445851,0.187079171623265,0.266396277475473,0.300005070410835,0.282562072745582,0.298424023413653,0.300291692069135,0.321537422642154,0.335753434844644,0.206677684525633,0.167061646577385,0.193516660929355,0.249495949296584,0.309070104979304
MX,0.287524591186098,0.326449536647645,0.23654698203594,0.315425110053774,0.403950106384636,0.284614724428116,0.245886635275802,0.254033107562223,0.238022692110348,0.211045912004965,0.319856930073686,0.253320390639056,0.225114879010654,0.253605470868221,0.297956437597326,0.299899091831858,0.270552092784577,0,0.279948500243703,0.280855300389938,0.232248486520678,0.277929996864011,0.322071851001836,0.303245212578785,0.316888524154507,0.32301209386979,0.344057032844565,0.354894495558834,0.241502730204552,0.276101150111325,0.293247297530733,0.286908874677391,0.330817695160856
MY1,0.26625374668837,0.314062678422286,0.215822150378394,0.301965257833165,0.387664144595019,0.153064082079693,0.225642125732841,0.232151130799357,0.216736199878618,0.177551494987333,0.318517349229134,0.233919806636084,0.177771241153987,0.2293504870652,0.214404926288295,0.279581592018876,0.157128785453064,0.279948500243703,0,0.260848558533289,0.18297280431415,0.274547086246828,0.309789648702183,0.291562664759666,0.308153278997941,0.31012739963142,0.331692579963299,0.344506388643238,0.221633423795335,0.148085062241295,0.171768587977379,0.264429901507375,0.31885838047176
SC37,0.0970696972926054,0.298697582529446,0.13152331727765,0.288302465909394,0.367866513393646,0.249656179114761,0.122091564001991,0.0736137545174991,0.105222845886607,0.219134732305934,0.300741849155436,0.17915555415495,0.15868659452854,0.159804411665938,0.268967579935452,0.20920787192178,0.246259898445851,0.280855300389938,0.260848558533289,0,0.229715106459464,0.273530338876215,0.295131339973709,0.279137924162911,0.294606371188533,0.295484163341764,0.312945884575167,0.325918921626854,0.129101043795691,0.25674258295397,0.273102883242416,0.101630691878193,0.303535622388671
SM3,0.233578891617764,0.270532157971395,0.18783763718222,0.272602866797462,0.350020452996148,0.182091667732848,0.201132700131247,0.203009555904278,0.188369176750092,0.0344828403261038,0.284899781862467,0.207271192924407,0.168270203486127,0.201871168822381,0.221994284171779,0.249379989889795,0.187079171623265,0.232248486520678,0.18297280431415,0.229715106459464,0,0.203801886679594,0.277630815582928,0.261838704439559,0.276031727180439,0.27838477800209,0.298504209539328,0.315496814185683,0.194579533186297,0.190312196912047,0.205821150183778,0.233598801956762,0.287780355279312
SM35,0.282072905705584,0.329889647337652,0.240036044691847,0.320276496705472,0.400164969255554,0.270428434485569,0.246411567371743,0.251238660166558,0.236430459491254,0.189438201996341,0.331015332096043,0.256374126538452,0.227225217346314,0.25257245025515,0.294399242989991,0.297176212081649,0.266396277475473,0.277929996864011,0.274547086246828,0.273530338876215,0.203801886679594,0,0.328476793994141,0.311073236556755,0.324086502875399,0.32873929529201,0.345082439786343,0.35686468964279,0.241606925013183,0.272491188519932,0.288205845072469,0.28278133232036,0.336118641221054
TB43,0.302758285561512,0.347824960614321,0.256163677959995,0.294841160256097,0.385527294455611,0.306552623265947,0.265050329424312,0.271821797287857,0.256497397098242,0.266507907815312,0.331756255948141,0.272972868233835,0.250193803765736,0.271689581780968,0.32327140104345,0.315821414941041,0.300005070410835,0.322071851001836,0.309789648702183,0.295131339973709,0.277630815582928,0.328476793994141,0,0.217395191804337,0.246428286871449,0.256917437849836,0.318973599842551,0.303963014059522,0.260121934159291,0.304229113803497,0.319957221085349,0.301806143959915,0.269816092692224
WS14,0.285442723658316,0.325304685215307,0.241290715542386,0.276783877783329,0.359978925505154,0.282261901474725,0.251974234148935,0.256639412012892,0.241475371814817,0.251076471875586,0.316052233530819,0.257869339832418,0.236050820314538,0.255849116041318,0.305334446783425,0.298974852863173,0.282562072745582,0.303245212578785,0.291562664759666,0.279137924162911,0.261838704439559,0.311073236556755,0.217395191804337,0,0.252136514236114,0.244492247517942,0.297900749060587,0.265017432735648,0.246471874014793,0.287064798702563,0.303040562605736,0.285171743781355,0.255418560100439
WX48,0.302462950354813,0.34471730898664,0.258053479422699,0.297828389782038,0.382491528591734,0.301125435678153,0.26671995353258,0.272865093154238,0.2574882754524,0.265040285214482,0.32708210400688,0.273965444816473,0.251459442900584,0.271730726937386,0.320969977133665,0.31487098534262,0.298424023413653,0.316888524154507,0.308153278997941,0.294606371188533,0.276031727180439,0.324086502875399,0.246428286871449,0.252136514236114,0,0.28645925643952,0.320096629858505,0.318163011188837,0.261527985687456,0.302376745133613,0.318287025313568,0.301624028409524,0.295718700524762
XS40,0.302921137164073,0.34727480274171,0.257264101612455,0.295875080844893,0.383237457774689,0.306879934403776,0.266374207387473,0.272803371199145,0.257873331782791,0.267158639613001,0.335195035854986,0.274199797997492,0.250683371852263,0.272805548062754,0.32352619960842,0.31637529480133,0.300291692069135,0.32301209386979,0.31012739963142,0.295484163341764,0.27838477800209,0.32873929529201,0.256917437849836,0.244492247517942,0.28645925643952,0,0.319134769031361,0.313173413348503,0.261855211421248,0.304329122052321,0.320658654575693,0.30201509852561,0.163037180048865
XY36,0.323986781876104,0.371294377278622,0.279498277640354,0.241127620440871,0.355107186974384,0.325871842105837,0.285577431591,0.293990849411748,0.276648644701455,0.288258598272578,0.350212229132003,0.293372701289009,0.271149386198554,0.291356863182204,0.34386038741354,0.334607140729306,0.321537422642154,0.344057032844565,0.331692579963299,0.312945884575167,0.298504209539328,0.345082439786343,0.318973599842551,0.297900749060587,0.320096629858505,0.319134769031361,0,0.34092882956867,0.280530659050945,0.325714686530569,0.341323273243965,0.322932494832953,0.318888969449541
YJI38,0.337288842166317,0.377459178353079,0.299443232440769,0.325251235588087,0.403045604818769,0.332205873963412,0.30489095641782,0.311185446628411,0.295724904293744,0.30605482094555,0.361545374603825,0.311102147745142,0.291723529352083,0.308921481527478,0.355327056962428,0.347109734323379,0.335753434844644,0.354894495558834,0.344506388643238,0.325918921626854,0.315496814185683,0.35686468964279,0.303963014059522,0.265017432735648,0.318163011188837,0.313173413348503,0.34092882956867,0,0.29953798252293,0.339163324481466,0.353329399749553,0.33668502254547,0.319058032681721
YL49,0.139276303239309,0.252920831940277,0.0590102290513165,0.256025796610573,0.329776683078934,0.206348008878447,0.0689439844346778,0.0915280273010941,0.0533872520743232,0.183679451233995,0.266631878048641,0.0952448054701664,0.0836360988077028,0.0675867753841096,0.227331133291501,0.160776053145229,0.206677684525633,0.241502730204552,0.221633423795335,0.129101043795691,0.194579533186297,0.241606925013183,0.260121934159291,0.246471874014793,0.261527985687456,0.261855211421248,0.280530659050945,0.29953798252293,0,0.216815746194641,0.233212227533062,0.134891539618121,0.27111757909875
YL9,0.261937877967895,0.308184375843628,0.211364644222179,0.297804403324521,0.381019460769142,0.0888942731807098,0.222197454947062,0.228554004180357,0.212609019030882,0.182363528506045,0.313651385471713,0.227824963438075,0.174429225043088,0.225329080613672,0.210615314820287,0.274689298138496,0.167061646577385,0.276101150111325,0.148085062241295,0.25674258295397,0.190312196912047,0.272491188519932,0.304229113803497,0.287064798702563,0.302376745133613,0.304329122052321,0.325714686530569,0.339163324481466,0.216815746194641,0,0.116636549699506,0.260349318434281,0.313434110570433
YS26,0.279202158460742,0.32693158245318,0.228836197971663,0.313084715170097,0.397253954590307,0.0968514502622988,0.237803486314211,0.244546487566538,0.228886809712639,0.199328782004208,0.328912971937545,0.24606873095272,0.194822787234232,0.243280655250754,0.236141692285136,0.291909666287725,0.193516660929355,0.293247297530733,0.171768587977379,0.273102883242416,0.205821150183778,0.288205845072469,0.319957221085349,0.303040562605736,0.318287025313568,0.320658654575693,0.341323273243965,0.353329399749553,0.233212227533062,0.116636549699506,0,0.276947691467399,0.328831762936875
YS-XC51,0.0969810201921322,0.304905582706394,0.122826324011323,0.295647795523398,0.377551635251471,0.259025343645707,0.121521277385978,0.0565773980684873,0.104297543238983,0.222439512629303,0.30947209575755,0.17748421730619,0.158383063928386,0.164279198391919,0.273284106569435,0.214392695359514,0.249495949296584,0.286908874677391,0.264429901507375,0.101630691878193,0.233598801956762,0.28278133232036,0.301806143959915,0.285171743781355,0.301624028409524,0.30201509852561,0.322932494832953,0.33668502254547,0.134891539618121,0.260349318434281,0.276947691467399,0,0.310984758898342
YY12,0.311705957025,0.355063968972058,0.267685585477068,0.300838913959435,0.386679349274623,0.313594362895513,0.275985809418355,0.281976845536665,0.267333657015201,0.277367824591418,0.341718182586237,0.283580691069925,0.260914547340676,0.281857730810247,0.331242479203669,0.323725817794007,0.309070104979304,0.330817695160856,0.31885838047176,0.303535622388671,0.287780355279312,0.336118641221054,0.269816092692224,0.255418560100439,0.295718700524762,0.163037180048865,0.318888969449541,0.319058032681721,0.27111757909875,0.313434110570433,0.328831762936875,0.310984758898342,0
