2014-128-1A	ML50
2014-128-2A	ML50
2014-128-3A	ML50
2014-128-4A	ML50
2014-128-5A	ML50
2014-128-6A	ML50
2014-128-8A	ML50
2014-132-2A	ML5
2014-132-3A	ML5
2014-132-4A	ML5
2014-132-5A	ML5
2014-132-6A	ML5
2014-132-7A	ML5
2014-132-8A	ML5
2014-132-9A	ML5
2014-3-10A	MN34
2014-3-3A	MN34
2014-3-4A	MN34
2014-3-5A	MN34
2014-3-6A	MN34
2014-3-7A	MN34
2014-3-8A	MN34
2014-3-9A	MN34
2014-66-1A	YL49
2014-66-2A	YL49
2014-66-3A	YL49
2014-66-4A	YL49
2014-66-5A	YL49
2014-66-6A	YL49
2014-66-7A	YL49
2014-66-8A	YL49
DP1709141A	DQS11
DP1709142A	DQS11
DP1709143A	DQS11
DP1709144A	DQS11
DP1709145A	DQS11
DP1709146A	DQS11
DP1709147A	DQS11
DP1709148A	DQS11
Gln2014-15-10A	LD30
Gln2014-15-1A	LD30
Gln2014-15-3A	LD30
Gln2014-15-4A	LD30
Gln2014-15-5A	LD30
Gln2014-15-6A	LD30
Gln2014-15-7A	LD30
Gln2014-15-8A	LD30
Gln2014-8-1A	LD06
Gln2014-8-2A	LD06
Gln2014-8-4A	LD06
Gln2014-8-5A	LD06
Gln2014-8-6A	LD06
Gln2014-8-7A	LD06
Gln2014-8-8A	LD06
JLS-BM001-1A	BM31
JLS-BM001-2A	BM31
JLS-BM001-3A	BM31
JLS-BM001-4A	BM31
JLS-BM001-5A	BM31
JLS-BM001-6A	BM31
JLS-BM001-7A	BM31
JLS-BM001-8A	BM31
JLS-CY022-10A	CY32
JLS-CY022-11A	CY32
JLS-CY022-12A	CY32
JLS-CY022-13A	CY32
JLS-CY022-4A	CY32
JLS-CY022-5A	CY32
JLS-CY022-6A	CY32
JLS-CY022-7A	CY32
Sha-WS-1A	WS14
Sha-WS-2A	WS14
Sha-WS-3A	WS14
Sha-WS-4A	WS14
Sha-WS-5A	WS14
Sha-WS-6A	WS14
Sha-WS-7A	WS14
Sha-WS-8A	WS14
THP-SET_1917-1A	MK27
THP-SET_1917-2A	MK27
THP-SET_1917-3A	MK27
THP-SET_1917-4A	MK27
THP-SET_1917-5A	MK27
THP-SET_1917-6A	MK27
THP-SET_1917-7A	MK27
THP-SET_1917-8A	MK27
XB2014-144-2A	SM35
XB2014-144-3A	SM35
XB2014-144-4A	SM35
XB2014-144-5A	SM35
XB2014-144-6A	SM35
XB2014-144-7A	SM35
XB2014-144-8A	SM35
XB2014-144-9A	SM35
XB2014-38-2A	EY8
XB2014-38-3A	EY8
XB2014-38-4A	EY8
XB2014-38-5A	EY9
XB2014-38-6A	EY8
XB2014-39-1A	EY9
XB2014-39-2A	EY9
XB2014-39-3A	EY9
XB2014-39-4A	EY9
XB2014-39-5A	EY9
XB2014-39-6A	EY9
XB2014-39-7A	EY9
XB2014-39-8A	EY9
XB2014-4-2A	MN4
XB2014-4-3A	MN4
XB2014-4-4A	MN4
XB2014-4-5A	MN4
XB2014-4-6A	MN4
XB2014-4-7A	MN4
XB2014-4-8A	MN4
XB2014-4-9A	MN4
XB2014-48-1A	YL9
XB2014-48-2A	YL9
XB2014-48-3A	YL9
XB2014-48-4A	YL9
XB2014-48-5A	YL9
XB2014-48-6A	YL9
XB2014-48-7A	YL9
XB2014-48-9A	YL9
XB26-11B	SC37
XB26-12B	SC37
XB26-13B	SC37
XB26-3B	SC37
XB26-4B	SC37
XB26-5B	SC37
XB26-7B	SC37
XuBo-97-11B	YJI38
XuBo-97-2B	YJI38
XuBo-97-3B	YJI38
XuBo-97-4B	YJI38
XuBo-97-5B	YJI38
XuBo-97-7B	YJI38
XuBo-97-8A	YJI38
XuBo-97-9B	YJI38
XuBo982-1A	XS40
XuBo982-2A	XS40
XuBo982-3A	XS40
XuBo982-4A	XS40
XuBo982-5A	XS40
XuBo982-6A	XS40
XuBo982-7A	XS40
XuBo982-8A	XS40
XubBo-1037-1A	LN46
XubBo-1037-2A	LN46
XubBo-1037-3A	LN46
XubBo-1037-4A	LN46
XubBo-1037-5A	LN46
XubBo-1037-6A	LN46
XubBo-1037-7A	LN46
XubBo-1037-8A	LN46
XubBo1030-10A	TB43
XubBo1030-1A	TB43
XubBo1030-3A	TB43
XubBo1030-4A	TB43
XubBo1030-5A	TB43
XubBo1030-6A	TB43
XubBo1030-8A	TB43
XubBo1030-9A	TB43
XubBo1051-10A	WX48
XubBo1051-1A	WX48
XubBo1051-2A	WX48
XubBo1051-3A	WX48
XubBo1051-4A	WX48
XubBo1051-7A	WX48
XubBo1051-8A	WX48
XubBo1051-9A	WX48
XubBo2014-131-1A	ML53
XubBo2014-131-2A	ML53
XubBo2014-131-3A	ML53
XubBo2014-131-4A	ML53
XubBo2014-131-5A	ML53
XubBo2014-131-6A	ML53
XubBo2014-131-7A	ML53
XubBo2014-131-8A	ML53
Xubo01402-2A	YS26
Xubo01402-3A	YS26
Xubo01402-4A	YS26
Xubo01402-5A	YS26
Xubo01402-6A	YS26
Xubo01402-7A	YS26
Xubo01402-8A	YS26
Xubo01402-9A	YS26
YLZB4703-2A	SM3
YLZB4703-3A	SM3
YLZB4703-4A	SM3
YLZB4703-5A	SM3
YLZB4703-6A	SM3
YLZB4703-7A	SM3
YLZB4703-8A	SM3
YLZB4703-9A	SM3
YLZB4715-10A	MY1
YLZB4715-1A	MY1
YLZB4715-2A	MY1
YLZB4715-5A	MY1
YLZB4715-6A	MY1
YLZB4715-7A	MY1
YLZB4715-8A	MY1
YLZB4715-9A	MY1
YLZB4735-10A	YS-XC51
YLZB4735-1A	YS-XC51
YLZB4735-2A	YS-XC51
YLZB4735-3A	YS-XC51
YLZB4735-5A	YS-XC51
YLZB4735-6A	YS-XC51
YLZB4735-8A	YS-XC51
YLZB4735-9A	YS-XC51
YLZB4816-11A	AS-CD52
YLZB4816-3A	AS-CD52
YLZB4816-4A	AS-CD52
YLZB4816-5A	AS-CD52
YLZB4816-6A	AS-CD52
YLZB4816-7A	AS-CD52
YLZB4816-8A	AS-CD52
YLZB4816-9A	AS-CD52
ZXL277-1A	YY12
ZXL277-2A	YY12
ZXL277-3A	YY12
ZXL277-4A	YY12
ZXL277-5A	YY12
ZXL277-6A	YY12
ZXL277-7A	YY12
ZXL277-8A	YY12
ZXL79-18A	CZ25
ZXL79-1A	CZ25
ZXL79-2A	CZ25
ZXL79-3A	CZ25
ZXL79-4A	CZ25
ZXL79-5A	CZ25
ZXL79-6A	CZ25
ZXL79-7A	CZ25
xubo01410-1A	MX
xubo01410-2A	MX
xubo01410-3A	MX
xubo01410-4A	MX
xubo01410-5A	MX
xubo01410-6A	MX
xubo01410-7A	MX
xubo01410-8A	MX
xubo266-2A	XY36
xubo266-3A	XY36
xubo266-4A	XY36
xubo266-5A	XY36
xubo266-6A	XY36
xubo266-8A	XY36
xubo266-9A	XY36
zhuzm1009-10A	KM42
zhuzm1009-1A	KM42
zhuzm1009-2A	KM42
zhuzm1009-3A	KM42
zhuzm1009-4A	KM42
zhuzm1009-6A	KM42
zhuzm1009-7A	KM42
zhuzm1009-8A	KM42
