chromosome	position
HiC_scaffold1	30525087
HiC_scaffold1	40292114
HiC_scaffold1	109658163
HiC_scaffold2	67489952
HiC_scaffold2	85934089
HiC_scaffold2	95336581
HiC_scaffold2	101294755
HiC_scaffold3	32210480
HiC_scaffold3	35402025
HiC_scaffold3	40097988
HiC_scaffold3	44407843
HiC_scaffold3	47802481
HiC_scaffold3	61357320
HiC_scaffold4	486019
HiC_scaffold4	92320779
HiC_scaffold4	92822568
HiC_scaffold5	63165793
HiC_scaffold6	32978745
HiC_scaffold6	35047851
HiC_scaffold7	7497150
HiC_scaffold8	4521109
HiC_scaffold8	7396469
HiC_scaffold8	41719560
HiC_scaffold9	5503453
HiC_scaffold9	11096736
HiC_scaffold9	13623210
HiC_scaffold10	3751994
HiC_scaffold10	19898667
HiC_scaffold10	27399258
HiC_scaffold11	20259728
HiC_scaffold11	45431832
