sample	population	role
YLZB4816-11A	ASCD52	CPO
YLZB4816-3A	ASCD52	CPO
YLZB4816-4A	ASCD52	CPO
YLZB4816-6A	ASCD52	CPO
JLS-CY022-10A	CY32	CPO
JLS-CY022-11A	CY32	CPO
JLS-CY022-4A	CY32	CPO
JLS-CY022-5A	CY32	CPO
zhuzm1009-10A	KM42	CPO
zhuzm1009-2A	KM42	CPO
zhuzm1009-3A	KM42	CPO
zhuzm1009-6A	KM42	CPO
XB26-3B	SC37	CPO
XB26-4B	SC37	CPO
XB26-5B	SC37	CPO
XB26-7B	SC37	CPO
YLZB4735-10A	YSXC51	CPO
YLZB4735-1A	YSXC51	CPO
YLZB4735-2A	YSXC51	CPO
YLZB4735-3A	YSXC51	CPO
Gln2014-15-10A	LD30	CYU
Gln2014-15-1A	LD30	CYU
Gln2014-15-3A	LD30	CYU
Gln2014-15-4A	LD30	CYU
XB2014-4-2A	MN4	CYU
XB2014-4-3A	MN4	CYU
XB2014-4-4A	MN4	CYU
XB2014-4-5A	MN4	CYU
YLZB4715-10A	MY1	CYU
YLZB4715-1A	MY1	CYU
YLZB4715-2A	MY1	CYU
YLZB4715-5A	MY1	CYU
YLZB4703-2A	SM3	CYU
YLZB4703-3A	SM3	CYU
YLZB4703-5A	SM3	CYU
YLZB4703-7A	SM3	CYU
XB2014-4-8A	YL9	CYU
XB2014-4-9A	YL9	CYU
XB2014-48-3A	YL9	CYU
XB2014-48-4A	YL9	CYU
2014-132-2A	ML5	target
2014-132-3A	ML5	target
2014-132-4A	ML5	target
2014-132-5A	ML5	target
2014-132-6A	ML5	target
2014-132-7A	ML5	target
2014-132-8A	ML5	target
2014-132-9A	ML5	target
XB2014-144-2A	SM35	target
XB2014-144-3A	SM35	target
XB2014-144-4A	SM35	target
XB2014-144-5A	SM35	target
XB2014-144-6A	SM35	target
XB2014-144-7A	SM35	target
XB2014-144-8A	SM35	target
XB2014-144-9A	SM35	target
Xubo01402-2A	YS26	target
Xubo01402-3A	YS26	target
Xubo01402-4A	YS26	target
Xubo01402-5A	YS26	target
Xubo01402-6A	YS26	target
Xubo01402-7A	YS26	target
Xubo01402-8A	YS26	target
Xubo01402-9A	YS26	target
