group	population	sample
CPO	ML50	2014-128-1A
CPO	ML50	2014-128-2A
CPO	ML50	2014-128-3A
CPO	ML50	2014-128-4A
CPO	ML50	2014-128-5A
CPO	ML50	2014-128-6A
CPO	ML50	2014-128-8A
CPO	MN34	2014-3-10A
CPO	MN34	2014-3-3A
CPO	MN34	2014-3-4A
CPO	MN34	2014-3-5A
CPO	MN34	2014-3-6A
CPO	MN34	2014-3-7A
CPO	MN34	2014-3-8A
CPO	MN34	2014-3-9A
CPO	YL49	2014-66-1A
CPO	YL49	2014-66-2A
CPO	YL49	2014-66-3A
CPO	YL49	2014-66-4A
CPO	YL49	2014-66-5A
CPO	YL49	2014-66-6A
CPO	YL49	2014-66-7A
CPO	YL49	2014-66-8A
Outgroup	OUTGROUP	XB_DR_C
Outgroup	OUTGROUP	xubo1407
CPO	LD06	Gln2014-8-1A
CPO	LD06	Gln2014-8-2A
CPO	LD06	Gln2014-8-4A
CPO	LD06	Gln2014-8-5A
CPO	LD06	Gln2014-8-6A
CPO	LD06	Gln2014-8-7A
CPO	LD06	Gln2014-8-8A
CY32	CY32	JLS-CY022-10A
CY32	CY32	JLS-CY022-11A
CY32	CY32	JLS-CY022-12A
CY32	CY32	JLS-CY022-13A
CY32	CY32	JLS-CY022-4A
CY32	CY32	JLS-CY022-5A
CY32	CY32	JLS-CY022-6A
CY32	CY32	JLS-CY022-7A
CPO	MK27	THP-SET_1917-1A
CPO	MK27	THP-SET_1917-2A
CPO	MK27	THP-SET_1917-3A
CPO	MK27	THP-SET_1917-4A
CPO	MK27	THP-SET_1917-5A
CPO	MK27	THP-SET_1917-6A
CPO	MK27	THP-SET_1917-7A
CPO	MK27	THP-SET_1917-8A
CYU	EY8	XB2014-38-2A
CYU	EY8	XB2014-38-3A
CYU	EY8	XB2014-38-4A
CYU	EY8	XB2014-38-6A
CPO	EY9	XB2014-39-1A
CPO	EY9	XB2014-39-2A
CPO	EY9	XB2014-39-3A
CPO	EY9	XB2014-39-4A
CPO	EY9	XB2014-39-5A
CPO	EY9	XB2014-39-6A
CPO	EY9	XB2014-39-7A
CPO	EY9	XB2014-39-8A
CYU	MN4	XB2014-4-2A
CYU	MN4	XB2014-4-3A
CYU	MN4	XB2014-4-4A
CYU	MN4	XB2014-4-5A
CYU	MN4	XB2014-4-6A
CYU	MN4	XB2014-4-7A
CYU	MN4	XB2014-4-8A
CYU	MN4	XB2014-4-9A
CYU	YL9	XB2014-48-1A
CYU	YL9	XB2014-48-2A
CYU	YL9	XB2014-48-3A
CYU	YL9	XB2014-48-4A
CYU	YL9	XB2014-48-5A
CYU	YL9	XB2014-48-6A
CYU	YL9	XB2014-48-7A
CYU	YL9	XB2014-48-9A
CPO	SC37	XB26-11B
CPO	SC37	XB26-12B
CPO	SC37	XB26-13B
CPO	SC37	XB26-3B
CPO	SC37	XB26-4B
CPO	SC37	XB26-5B
CPO	SC37	XB26-7B
CYU	ML53	XubBo2014-131-1A
CYU	ML53	XubBo2014-131-2A
CYU	ML53	XubBo2014-131-3A
CYU	ML53	XubBo2014-131-4A
CYU	ML53	XubBo2014-131-5A
CYU	ML53	XubBo2014-131-6A
CYU	ML53	XubBo2014-131-7A
CYU	ML53	XubBo2014-131-8A
CYU	SM3	YLZB4703-2A
CYU	SM3	YLZB4703-3A
CYU	SM3	YLZB4703-4A
CYU	SM3	YLZB4703-5A
CYU	SM3	YLZB4703-6A
CYU	SM3	YLZB4703-7A
CYU	SM3	YLZB4703-8A
CYU	SM3	YLZB4703-9A
CYU	MY1	YLZB4715-1A
CYU	MY1	YLZB4715-10A
CYU	MY1	YLZB4715-2A
CYU	MY1	YLZB4715-5A
CYU	MY1	YLZB4715-6A
CYU	MY1	YLZB4715-7A
CYU	MY1	YLZB4715-8A
CYU	MY1	YLZB4715-9A
CPO	YS-XC51	YLZB4735-1A
CPO	YS-XC51	YLZB4735-10A
CPO	YS-XC51	YLZB4735-2A
CPO	YS-XC51	YLZB4735-3A
CPO	YS-XC51	YLZB4735-5A
CPO	YS-XC51	YLZB4735-6A
CPO	YS-XC51	YLZB4735-8A
CPO	YS-XC51	YLZB4735-9A
CPO	AS-CD52	YLZB4816-11A
CPO	AS-CD52	YLZB4816-3A
CPO	AS-CD52	YLZB4816-4A
CPO	AS-CD52	YLZB4816-5A
CPO	AS-CD52	YLZB4816-6A
CPO	AS-CD52	YLZB4816-7A
CPO	AS-CD52	YLZB4816-8A
CPO	AS-CD52	YLZB4816-9A
CPO	KM42	zhuzm1009-1A
CPO	KM42	zhuzm1009-10A
CPO	KM42	zhuzm1009-2A
CPO	KM42	zhuzm1009-3A
CPO	KM42	zhuzm1009-4A
CPO	KM42	zhuzm1009-6A
CPO	KM42	zhuzm1009-7A
CPO	KM42	zhuzm1009-8A
CYU	LD30	Gln2014-15-1A
CYU	LD30	Gln2014-15-10A
CYU	LD30	Gln2014-15-3A
CYU	LD30	Gln2014-15-4A
CYU	LD30	Gln2014-15-5A
CYU	LD30	Gln2014-15-6A
CYU	LD30	Gln2014-15-7A
CYU	LD30	Gln2014-15-8A
