code	group	Longitude	Latitude	bio1	bio2	bio3	bio4	bio5	bio6	bio7	bio8	bio9	bio10	bio11	bio12	bio13	bio14	bio15	bio16	bio17	bio18	bio19	wc2.1_2.5m_srad_01	wc2.1_2.5m_srad_02	wc2.1_2.5m_srad_03	wc2.1_2.5m_srad_04	wc2.1_2.5m_srad_05	wc2.1_2.5m_srad_06	wc2.1_2.5m_srad_07	wc2.1_2.5m_srad_08	wc2.1_2.5m_srad_09	wc2.1_2.5m_srad_10	wc2.1_2.5m_srad_11	wc2.1_2.5m_srad_12	wc2.1_2.5m_wind_01	wc2.1_2.5m_wind_02	wc2.1_2.5m_wind_03	wc2.1_2.5m_wind_04	wc2.1_2.5m_wind_05	wc2.1_2.5m_wind_06	wc2.1_2.5m_wind_07	wc2.1_2.5m_wind_08	wc2.1_2.5m_wind_09	wc2.1_2.5m_wind_10	wc2.1_2.5m_wind_11	wc2.1_2.5m_wind_12	wc2.1_2.5m_vapr_01	wc2.1_2.5m_vapr_02	wc2.1_2.5m_vapr_03	wc2.1_2.5m_vapr_04	wc2.1_2.5m_vapr_05	wc2.1_2.5m_vapr_06	wc2.1_2.5m_vapr_07	wc2.1_2.5m_vapr_08	wc2.1_2.5m_vapr_09	wc2.1_2.5m_vapr_10	wc2.1_2.5m_vapr_11	wc2.1_2.5m_vapr_12
ASCD52	CPO	106.023	26.453	157.0	81.0	31.0	6349.0	283.0	25.0	258.0	221.0	68.0	233.0	68.0	1245.0	240.0	18.0	75.0	647.0	61.0	614.0	61.0	7681.0	9205.0	12524.0	15459.0	15819.0	15530.0	17379.0	17870.0	14687.0	10411.0	8927.0	7528.0	1.57200002670288	1.93599998950958	2.1159999370575	1.97599995136261	1.99599993228912	1.8199999332428	1.75999999046326	1.6360000371933	1.68800008296967	1.69200003147125	1.64800000190735	1.60000002384186	0.687200009822845	0.732400000095367	0.95880001783371	1.30199992656708	1.67879998683929	1.94920003414154	2.16560006141663	2.10800004005432	1.75080001354218	1.38479995727539	1.03039991855621	0.759999990463257
BM31	N	95.217	30.048	78.0	129.0	44.0	5810.0	211.0	-82.0	293.0	149.0	9.0	149.0	0.0	734.0	154.0	3.0	92.0	431.0	14.0	431.0	15.0	11097.0	12683.0	15374.0	18081.0	19504.0	17850.0	16932.0	16807.0	15564.0	14115.0	12430.0	11048.0	2.00799989700317	2.01200008392334	3.02799987792969	2.44799995422363	2.12800002098083	2.09599995613098	1.62800002098083	1.67999994754791	1.82000005245209	1.93999993801117	1.84399998188019	1.8199999332428	0.244800001382828	0.297199994325638	0.416399985551834	0.562399983406067	0.751200020313263	1.05599999427795	1.18040001392365	1.15439999103546	1.02520000934601	0.687600016593933	0.401199996471405	0.267199993133545
CY32	CPO	98.394	28.505	118.0	112.0	44.0	5156.0	230.0	-22.0	252.0	180.0	59.0	180.0	49.0	1040.0	228.0	7.0	86.0	600.0	29.0	600.0	37.0	12259.0	13802.0	15783.0	17549.0	17940.0	16212.0	15010.0	15219.0	14476.0	13391.0	13343.0	11962.0	1.72000002861023	1.8639999628067	2.14800000190735	2.07599997520447	1.86000001430511	1.7960000038147	1.50399994850159	1.53199994564056	1.56400001049042	1.2960000038147	1.3840000629425	1.39600002765656	0.374000012874603	0.457199990749359	0.587599992752075	0.762799978256226	0.981599986553192	1.32159996032715	1.47519993782043	1.46000003814697	1.30400002002716	0.915600001811981	0.557600021362305	0.389999985694885
CZ25	CMA	118.279	32.275	151.0	85.0	25.0	9064.0	313.0	-23.0	336.0	264.0	30.0	264.0	30.0	1033.0	214.0	29.0	59.0	482.0	107.0	482.0	107.0	9689.0	11140.0	14283.0	16738.0	19216.0	19829.0	20720.0	20922.0	16552.0	14100.0	10824.0	9331.0	2.53600001335144	2.63199996948242	3.06399989128113	3.13599991798401	2.9520001411438	2.7279999256134	2.80800008773804	2.37199997901917	2.43600010871887	2.29200005531311	2.31200003623962	2.2720000743866	0.50519996881485	0.570800006389618	0.783599972724915	1.18920004367828	1.66919994354248	2.2739999294281	2.93519997596741	2.84319996833801	2.09279990196228	1.38919997215271	0.882799983024597	0.566799998283386
DQS11	CMA	128.511	35.81	135.0	107.0	29.0	9176.0	308.0	-53.0	361.0	250.0	13.0	250.0	13.0	1076.0	235.0	18.0	77.0	582.0	72.0	582.0	72.0	8907.0	11132.0	13804.0	17190.0	18842.0	17519.0	15870.0	16275.0	13782.0	12590.0	9417.0	8186.0	1.47599995136261	1.59200000762939	1.84399998188019	2.18400001525879	1.94400000572205	1.72000002861023	1.72800004482269	1.65600001811981	1.46799993515015	1.17599999904633	1.29199993610382	1.36000001430511	0.343600004911423	0.388399988412857	0.554000020027161	0.8435999751091	1.24240005016327	1.81720006465912	2.42880010604858	2.47320008277893	1.77799999713898	1.12320005893707	0.682399988174438	0.426400005817413
EY8	CYU	100.19	26.116	146.0	113.0	49.0	4312.0	241.0	12.0	229.0	196.0	87.0	196.0	87.0	1014.0	209.0	10.0	87.0	581.0	41.0	581.0	41.0	13603.0	15604.0	18031.0	18885.0	17946.0	15556.0	13929.0	14906.0	14572.0	12829.0	13590.0	12565.0	1.81599998474121	2.2039999961853	2.53999996185303	2.39199995994568	2.06399989128113	1.79999995231628	1.51600003242493	1.48399996757507	1.35199999809265	1.53999996185303	1.567999958992	1.53600001335144	0.57039999961853	0.602800011634827	0.708400011062622	0.917999982833862	1.28279995918274	1.74880003929138	1.93879997730255	1.90520000457764	1.72560000419617	1.34920001029968	0.910799980163574	0.666400015354156
EY9	CPO	100.19	26.116	146.0	113.0	49.0	4312.0	241.0	12.0	229.0	196.0	87.0	196.0	87.0	1014.0	209.0	10.0	87.0	581.0	41.0	581.0	41.0	13603.0	15604.0	18031.0	18885.0	17946.0	15556.0	13929.0	14906.0	14572.0	12829.0	13590.0	12565.0	1.81599998474121	2.2039999961853	2.53999996185303	2.39199995994568	2.06399989128113	1.79999995231628	1.51600003242493	1.48399996757507	1.35199999809265	1.53999996185303	1.567999958992	1.53600001335144	0.57039999961853	0.602800011634827	0.708400011062622	0.917999982833862	1.28279995918274	1.74880003929138	1.93879997730255	1.90520000457764	1.72560000419617	1.34920001029968	0.910799980163574	0.666400015354156
KM42	CPO	102.605	24.992	151.0	104.0	46.0	4279.0	241.0	18.0	223.0	198.0	90.0	198.0	90.0	1000.0	212.0	12.0	88.0	591.0	39.0	591.0	39.0	12740.0	15470.0	17652.0	19133.0	17692.0	15698.0	14704.0	15539.0	14350.0	11804.0	12196.0	11476.0	2.28399991989136	2.56800007820129	2.79999995231628	2.67199993133545	2.29999995231628	1.9559999704361	1.7960000038147	1.60000002384186	1.57200002670288	1.76399993896484	1.83200001716614	1.66000008583069	0.776799976825714	0.772800028324127	0.885999977588654	1.1308000087738	1.56760001182556	1.93879997730255	2.1308000087738	2.07359981536865	1.82720005512238	1.49479997158051	1.14039993286133	0.844399988651276
LD06	CPO	102.221	29.971	120.0	91.0	34.0	5998.0	245.0	-16.0	261.0	192.0	37.0	192.0	37.0	898.0	164.0	6.0	81.0	463.0	23.0	463.0	23.0	8078.0	9775.0	12073.0	14880.0	16047.0	15566.0	15154.0	15068.0	12277.0	9742.0	9025.0	7629.0	1.54799997806549	1.68400001525879	1.87199997901917	1.77199995517731	1.91600000858307	1.70000004768372	1.57200002670288	1.58799993991852	1.51999998092651	1.46800005435944	1.55200004577637	1.50800001621246	0.375600010156631	0.433200001716614	0.555199980735779	0.791999995708466	1.07120001316071	1.36280000209808	1.54879999160767	1.51119995117188	1.27439999580383	0.965200006961823	0.636799991130829	0.433600008487701
LD30	CYU	102.215	29.982	120.0	91.0	34.0	5998.0	245.0	-16.0	261.0	192.0	37.0	192.0	37.0	898.0	164.0	6.0	81.0	463.0	23.0	463.0	23.0	8078.0	9775.0	12073.0	14880.0	16047.0	15566.0	15154.0	15068.0	12277.0	9742.0	9025.0	7629.0	1.54799997806549	1.68400001525879	1.87199997901917	1.77199995517731	1.91600000858307	1.70000004768372	1.57200002670288	1.58799993991852	1.51999998092651	1.46800005435944	1.55200004577637	1.50800001621246	0.375600010156631	0.433200001716614	0.555199980735779	0.791999995708466	1.07120001316071	1.36280000209808	1.54879999160767	1.51119995117188	1.27439999580383	0.965200006961823	0.636799991130829	0.433600008487701
LN46	N	105.066	33.316	117.0	99.0	31.0	7185.0	266.0	-44.0	310.0	196.0	19.0	207.0	19.0	629.0	119.0	3.0	79.0	329.0	13.0	313.0	13.0	8248.0	9846.0	12386.0	15206.0	17338.0	18381.0	18230.0	17188.0	12591.0	9991.0	8491.0	7464.0	1.49600005149841	1.99199998378754	1.96799993515015	1.89999997615814	1.89600002765656	1.61199998855591	1.42799997329712	1.62000000476837	1.46399998664856	1.48800003528595	1.69200003147125	1.57200002670288	0.340000003576279	0.414000004529953	0.565999984741211	0.821600019931793	1.0900000333786	1.42000007629395	1.65639996528625	1.61160004138947	1.31959998607635	0.960399985313416	0.59799998998642	0.388799995183945
MK27	CPO	98.923	29.746	75.0	141.0	47.0	5775.0	208.0	-91.0	299.0	145.0	6.0	145.0	-2.0	497.0	116.0	1.0	100.0	310.0	4.0	310.0	5.0	11246.0	12763.0	14749.0	16859.0	17838.0	16894.0	15936.0	15956.0	14633.0	13127.0	12469.0	11027.0	2.24000000953674	2.68799996376038	2.59200000762939	2.42000007629395	2.51200008392334	2.07599997520447	1.8400000333786	1.93999993801117	1.64400005340576	2.01200008392334	1.76400005817413	2.0239999294281	0.162400007247925	0.205599993467331	0.293999999761581	0.435999989509583	0.579599976539612	0.899200022220612	1.0628000497818	1.03079998493195	0.904799997806549	0.561600029468536	0.285199999809265	0.187600001692772
ML5	N	100.869	28.173	120.0	132.0	49.0	4965.0	230.0	-39.0	269.0	178.0	51.0	178.0	51.0	852.0	199.0	3.0	98.0	525.0	12.0	525.0	12.0	11177.0	12919.0	15097.0	16854.0	16939.0	15554.0	14451.0	14814.0	13277.0	11606.0	11831.0	10707.0	2.25200009346008	2.61999988555908	2.92799997329712	2.53200006484985	2.33999991416931	2.19600009918213	1.83599996566772	1.78400003910065	1.77600002288818	1.89999997615814	1.63999998569489	1.77199995517731	0.29679998755455	0.335200011730194	0.418000012636185	0.578800022602081	0.864000022411346	1.2532000541687	1.50839996337891	1.4268000125885	1.26320004463196	0.914399981498718	0.530799984931946	0.363599985837936
ML50	CPO	100.852	28.234	128.0	132.0	49.0	4970.0	238.0	-30.0	268.0	186.0	59.0	186.0	59.0	849.0	195.0	3.0	99.0	519.0	12.0	519.0	12.0	11289.0	13038.0	15134.0	16871.0	16970.0	15637.0	14541.0	14883.0	13321.0	11684.0	11936.0	10748.0	1.90399992465973	2.51999998092651	2.90000009536743	2.59599995613098	2.40000009536743	2.0479998588562	1.65600001811981	1.71200001239777	1.59200000762939	1.67200005054474	1.55200004577637	1.62000000476837	0.311199992895126	0.351200014352798	0.437999993562698	0.602800011634827	0.898400008678436	1.29439997673035	1.56519997119904	1.48280000686646	1.30519998073578	0.950399994850159	0.556800007820129	0.381199985742569
ML53	CYU	101.110536	28.122325	86.0	134.0	49.0	4975.0	196.0	-76.0	272.0	145.0	18.0	145.0	18.0	899.0	218.0	3.0	102.0	566.0	11.0	566.0	11.0	11004.0	12774.0	14934.0	16768.0	16828.0	15612.0	14398.0	14756.0	13286.0	11531.0	11599.0	10468.0	2.70000004768372	3.25200009346008	3.38000011444092	3.28399991989136	3.0239999294281	2.63199996948242	2.1399998664856	2.09599995613098	2.08800005912781	2.35199999809265	1.94400000572205	2.11199998855591	0.242400005459785	0.27360001206398	0.345600008964539	0.491600006818771	0.756399989128113	1.13119995594025	1.35599994659424	1.25360000133514	1.13800001144409	0.812399983406067	0.456799983978271	0.305200010538101
MN34	CPO	101.876	28.303	161.0	115.0	45.0	4933.0	269.0	16.0	253.0	218.0	92.0	218.0	92.0	949.0	203.0	4.0	93.0	554.0	15.0	554.0	15.0	10174.0	12184.0	14325.0	16331.0	16537.0	15377.0	14880.0	15143.0	12995.0	10773.0	10626.0	9603.0	1.73199999332428	2.10400009155273	2.51200008392334	2.46799993515015	2.22000002861023	1.71200001239777	1.51199996471405	1.53199994564056	1.32000005245209	1.5440000295639	1.37999999523163	1.42799997329712	0.441199988126755	0.464800000190735	0.574400007724762	0.776799976825714	1.13399994373322	1.54359996318817	1.84839999675751	1.74320006370544	1.49919998645782	1.13919997215271	0.74480003118515	0.528800010681152
MN4	CYU	101.876	28.303	161.0	115.0	45.0	4933.0	269.0	16.0	253.0	218.0	92.0	218.0	92.0	949.0	203.0	4.0	93.0	554.0	15.0	554.0	15.0	10174.0	12184.0	14325.0	16331.0	16537.0	15377.0	14880.0	15143.0	12995.0	10773.0	10626.0	9603.0	1.73199999332428	2.10400009155273	2.51200008392334	2.46799993515015	2.22000002861023	1.71200001239777	1.51199996471405	1.53199994564056	1.32000005245209	1.5440000295639	1.37999999523163	1.42799997329712	0.441199988126755	0.464800000190735	0.574400007724762	0.776799976825714	1.13399994373322	1.54359996318817	1.84839999675751	1.74320006370544	1.49919998645782	1.13919997215271	0.74480003118515	0.528800010681152
MX	N	103.7715	31.5995	111.0	104.0	36.0	6338.0	246.0	-42.0	288.0	183.0	24.0	188.0	24.0	920.0	188.0	6.0	82.0	492.0	23.0	484.0	23.0	7008.0	8627.0	10956.0	13944.0	15799.0	16183.0	16152.0	15557.0	11778.0	9049.0	7924.0	6674.0	1.55599999427795	1.5	1.85199999809265	1.67599999904633	1.65600001811981	1.47599995136261	1.27999997138977	1.5	1.54799997806549	1.5	1.5440000295639	1.43199992179871	0.508399963378906	0.572799980640411	0.736800014972687	1.04480004310608	1.42840003967285	1.79120004177094	2.33999991416931	2.20560002326965	1.7208000421524	1.22360002994537	0.866800010204315	0.561999976634979
MY1	CYU	101.9	27.122	178.0	121.0	47.0	4796.0	285.0	28.0	257.0	232.0	111.0	232.0	111.0	986.0	221.0	6.0	98.0	604.0	19.0	604.0	19.0	11380.0	13569.0	15823.0	17495.0	17027.0	15388.0	14659.0	15411.0	13512.0	11292.0	11550.0	10560.0	1.71200001239777	2.0239999294281	2.48399996757507	2.42799997329712	2.11999988555908	1.74399995803833	1.47599995136261	1.43999993801117	1.25999999046326	1.41999995708466	1.17200005054474	1.34399998188019	0.549600005149841	0.554799973964691	0.658800005912781	0.864399969577789	1.24119997024536	1.7208000421524	1.97640001773834	1.87720000743866	1.67400002479553	1.33319997787476	0.907999992370605	0.668799996376038
SC37	CPO	104.998	26.532	131.0	86.0	34.0	5714.0	246.0	-1.0	247.0	198.0	50.0	198.0	50.0	1133.0	218.0	16.0	79.0	603.0	49.0	603.0	49.0	8140.0	10040.0	13370.0	16114.0	16079.0	15337.0	16576.0	17110.0	14155.0	10245.0	9362.0	7764.0	1.54799997806549	1.92799997329712	2.12400007247925	2.30399990081787	2.49200010299683	2.07999992370605	2.15999984741211	1.85599994659424	1.93599998950958	1.71200001239777	1.40799999237061	1.62000000476837	0.591600000858307	0.629599988460541	0.783999979496002	1.06360006332397	1.38240003585815	1.65079998970032	1.8063999414444	1.75399994850159	1.48800003528595	1.19599997997284	0.89520001411438	0.659200012683868
SM3	CYU	102.278	29.313	174.0	96.0	36.0	5851.0	297.0	34.0	263.0	240.0	93.0	244.0	93.0	885.0	189.0	4.0	89.0	508.0	15.0	489.0	15.0	8092.0	9898.0	12316.0	15135.0	16057.0	15410.0	15184.0	15285.0	12427.0	9585.0	8850.0	7450.0	1.41999995708466	1.20000004768372	1.49199998378754	1.55599999427795	1.55599999427795	1.37199997901917	1.34799993038177	1.16400003433228	1.14800000190735	1.03199994564056	0.939999997615814	1.23600006103516	0.484400004148483	0.546400010585785	0.681999981403351	0.935999989509583	1.24039995670319	1.57400000095367	1.76719999313354	1.74279999732971	1.46399998664856	1.13999998569489	0.77920001745224	0.561999976634979
SM35	CYU	102.326	29.247	174.0	97.0	36.0	5819.0	296.0	33.0	263.0	239.0	93.0	243.0	93.0	875.0	187.0	4.0	89.0	502.0	15.0	484.0	15.0	8092.0	9922.0	12324.0	15159.0	16040.0	15352.0	15169.0	15301.0	12377.0	9554.0	8839.0	7464.0	1.46799993515015	1.19200003147125	1.47200000286102	1.55200004577637	1.58000004291534	1.38399994373322	1.33599996566772	1.15200006961823	1.08399999141693	1.09200000762939	0.935999989509583	1.23600006103516	0.490799993276596	0.550800025463104	0.684800028800964	0.939999997615814	1.25279998779297	1.58800005912781	1.7960000038147	1.76600003242493	1.48039996623993	1.14999997615814	0.789600014686584	0.57039999961853
TB43	CMA	107.448	34.053	86.0	83.0	26.0	8110.0	244.0	-73.0	317.0	177.0	-22.0	190.0	-22.0	813.0	147.0	6.0	76.0	430.0	24.0	370.0	24.0	9374.0	10897.0	13448.0	15953.0	18236.0	19961.0	19813.0	18642.0	13632.0	11025.0	8922.0	8380.0	2.06800007820129	2.30800008773804	2.53999996185303	2.53600001335144	2.25600004196167	2.23200011253357	2.05200004577637	2.04800009727478	2.00799989700317	1.85599994659424	2.26799988746643	1.95999991893768	0.298000007867813	0.352400004863739	0.510399997234344	0.770399987697601	1.08280003070831	1.42040002346039	1.75440001487732	1.73240005970001	1.32239997386932	0.89520001411438	0.534799993038177	0.337999999523163
WS14	CMA	110.013	31.037	157.0	81.0	26.0	7777.0	311.0	8.0	303.0	234.0	53.0	256.0	53.0	1042.0	172.0	19.0	59.0	433.0	69.0	431.0	69.0	7722.0	9563.0	12116.0	14771.0	16466.0	17935.0	19381.0	19809.0	15024.0	11207.0	8673.0	7346.0	2.0	2.05599999427795	2.2279999256134	2.2720000743866	1.96799993515015	1.82400000095367	1.67200005054474	1.65600001811981	1.62800002098083	1.6800000667572	1.64400005340576	1.77600002288818	0.577600002288818	0.630800008773804	0.83160001039505	1.22440004348755	1.63440001010895	2.07240009307861	2.47880005836487	2.33839988708496	1.84679996967316	1.34800004959106	0.949199974536896	0.670400023460388
WX48	CMA	105.113	32.818	144.0	94.0	30.0	7177.0	292.0	-12.0	304.0	223.0	46.0	234.0	46.0	701.0	149.0	3.0	88.0	401.0	12.0	386.0	12.0	7770.0	9292.0	11765.0	14725.0	16817.0	17896.0	17974.0	17082.0	12259.0	9562.0	8014.0	7017.0	1.36000001430511	1.56400001049042	1.62000000476837	1.61199998855591	1.5440000295639	1.39199995994568	1.24000000953674	1.40799999237061	1.21200001239777	1.32000005245209	1.35599994659424	1.5	0.450800001621246	0.532000005245209	0.700399994850159	1.00399994850159	1.32079994678497	1.69280004501343	1.99959993362427	1.94319999217987	1.5900000333786	1.17159998416901	0.765200018882751	0.512399971485138
XS40	CMA	116.196	39.991	113.0	114.0	27.0	10779.0	305.0	-103.0	408.0	244.0	-33.0	244.0	-33.0	649.0	239.0	4.0	138.0	510.0	13.0	510.0	13.0	8730.0	11661.0	15273.0	18632.0	21803.0	21761.0	19649.0	18260.0	16254.0	12633.0	9257.0	7795.0	2.5239999294281	2.59999990463257	2.71600008010864	3.16799998283386	3.08400011062622	2.55599999427795	1.932000041008	1.65600001811981	1.83999991416931	2.01200008392334	2.17599987983704	1.91999995708466	0.177599996328354	0.211999997496605	0.344400018453598	0.592400014400482	1.02760004997253	1.6340000629425	2.33560013771057	2.22440004348755	1.40520000457764	0.779600024223328	0.407200008630753	0.237199991941452
XY36	CMA	114.08	31.8	144.0	85.0	25.0	8741.0	302.0	-27.0	329.0	254.0	27.0	254.0	27.0	1168.0	213.0	24.0	57.0	524.0	101.0	524.0	101.0	8422.0	10209.0	12544.0	15409.0	17606.0	18941.0	19825.0	19149.0	14968.0	11964.0	9302.0	7853.0	2.09200000762939	2.24000000953674	2.72000002861023	2.70000004768372	2.36400008201599	2.33999991416931	2.38000011444092	2.1159999370575	2.12400007247925	2.21600008010864	1.98799991607666	2.1399998664856	0.462799996137619	0.538800001144409	0.76800000667572	1.20759999752045	1.65200006961823	2.18919992446899	2.72880005836487	2.61319994926453	1.85759997367859	1.25160002708435	0.79559999704361	0.51639997959137
YJI38	CMA	108.525	28.003	153.0	76.0	26.0	7588.0	304.0	12.0	292.0	228.0	52.0	248.0	52.0	1223.0	194.0	26.0	56.0	526.0	83.0	478.0	83.0	7148.0	8565.0	11199.0	13855.0	14781.0	16037.0	19153.0	19076.0	15643.0	10585.0	8309.0	7006.0	1.34399998188019	1.6800000667572	1.82799994945526	1.77999997138977	1.66799998283386	1.55599999427795	2.05999994277954	1.63999998569489	1.54799997806549	1.24800002574921	1.32400000095367	1.32799994945526	0.620000004768372	0.688000023365021	0.910000026226044	1.34560000896454	1.75119996070862	2.18039989471436	2.47440004348755	2.40240001678467	1.90040004253387	1.40719997882843	0.994399964809418	0.706799983978271
YL49	CPO	100.416	27.116	114.0	118.0	48.0	4549.0	215.0	-27.0	242.0	167.0	52.0	167.0	52.0	948.0	234.0	3.0	102.0	607.0	15.0	607.0	15.0	12193.0	13963.0	16304.0	17782.0	17329.0	15422.0	13953.0	14663.0	13705.0	12019.0	12440.0	11523.0	2.30800008773804	2.37599992752075	2.59999990463257	2.31200003623962	2.31200003623962	2.07999992370605	1.99599993228912	1.72000002861023	1.82799994945526	1.80400002002716	1.69599997997284	1.84799993038177	0.374799996614456	0.413599997758865	0.507200002670288	0.667599976062775	0.959999978542328	1.38359999656677	1.57000005245209	1.50919997692108	1.36600005626678	1.00399994850159	0.611599981784821	0.437199980020523
YL9	CYU	100.389	27.178	142.0	119.0	48.0	4575.0	243.0	0.0	243.0	194.0	79.0	194.0	79.0	940.0	218.0	4.0	97.0	579.0	19.0	579.0	19.0	12439.0	14257.0	16517.0	17927.0	17467.0	15571.0	14243.0	14958.0	13940.0	12338.0	12741.0	11750.0	2.14800000190735	2.39199995994568	2.6800000667572	2.31200003623962	2.15199995040894	1.96000003814697	1.58399999141693	1.50800001621246	1.37600004673004	1.56400001049042	1.47200000286102	1.54799997806549	0.445199996232986	0.483999997377396	0.590799987316132	0.765200018882751	1.09080004692078	1.5440000295639	1.77040004730225	1.71239995956421	1.53840005397797	1.15639996528625	0.726000010967255	0.523999989032745
YS26	CYU	100.748	26.581	157.0	118.0	48.0	4416.0	258.0	17.0	241.0	207.0	96.0	207.0	96.0	950.0	206.0	6.0	94.0	573.0	25.0	573.0	25.0	12972.0	14874.0	17292.0	18435.0	17695.0	15637.0	14310.0	15137.0	14434.0	12468.0	13017.0	12058.0	1.71200001239777	2.17199993133545	2.55999994277954	2.53600001335144	2.33599996566772	1.92799997329712	1.55599999427795	1.52400004863739	1.51199996471405	1.47200000286102	1.5	1.51999998092651	0.537999987602234	0.55239999294281	0.660000026226044	0.849200010299683	1.22039997577667	1.71360003948212	1.93239998817444	1.87199997901917	1.70280003547668	1.33599996566772	0.886799991130829	0.646399974822998
YSXC51	CPO	104.416	23.506	165.0	88.0	41.0	4548.0	256.0	45.0	211.0	215.0	100.0	215.0	100.0	1124.0	228.0	13.0	80.0	610.0	47.0	610.0	47.0	10416.0	12546.0	15265.0	17221.0	17480.0	16419.0	16620.0	16811.0	15686.0	12741.0	11675.0	10175.0	2.14800000190735	2.55599999427795	2.84800004959106	2.24000000953674	2.20799994468689	2.05999994277954	1.86000001430511	1.67200005054474	1.62400007247925	1.74800002574921	1.90399992465973	2.1159999370575	0.910800039768219	0.967999994754791	1.14800000190735	1.44440007209778	1.78119993209839	2.03600001335144	2.07439994812012	2.02640008926392	1.81360006332397	1.54999995231628	1.21000003814697	0.939199984073639
YY12	CMA	113.343	34.731	140.0	114.0	30.0	9548.0	318.0	-56.0	374.0	243.0	11.0	259.0	11.0	650.0	148.0	8.0	78.0	356.0	30.0	336.0	30.0	9605.0	11722.0	14535.0	17291.0	20294.0	21737.0	20292.0	19202.0	15461.0	12857.0	9860.0	8775.0	1.94400000572205	2.3199999332428	2.63599991798401	2.71600008010864	2.59599995613098	2.34400010108948	2.08800005912781	2.00399994850159	1.90399992465973	2.01200008392334	1.86799991130829	1.90799999237061	0.304000020027161	0.375999987125397	0.581999957561493	0.950399994850159	1.36880004405975	1.81400001049042	2.5939998626709	2.49799990653992	1.70360004901886	1.07360005378723	0.620800018310547	0.374799996614456
