FID	IID	TLL	TLW	RL	PL	SL_SW	TLL_TLW	ST	GL
2014-128-1A	2014-128-1A	2.41	1.11	0.41	1.48	6.333333333333334	2.171171171171171	1.0	1.0
2014-128-2A	2014-128-2A	2.2	1.01	0.53	2.09	6.285714285714286	2.1782178217821784	1.0	1.0
2014-128-3A	2014-128-3A	2.27	1.42	0.72	1.81	3.2222222222222223	1.5985915492957747	1.0	1.0
2014-128-4A	2014-128-4A	3.99	1.35	0.75	3.06	3.909090909090909	2.9555555555555557	1.0	1.0
2014-128-5A	2014-128-5A	2.75	1.63	1.0	2.62	5.5	1.687116564417178	1.0	1.0
2014-132-2A	2014-132-2A	3.37	1.03	0.77	2.68	3.4999999999999996	3.2718446601941746	1.0	1.0
2014-132-3A	2014-132-3A	3.51	1.63	0.69	1.66	2.4615384615384617	2.1533742331288344	1.0	1.0
2014-132-4A	2014-132-4A	3.79	1.01	0.72	3.44	3.666666666666667	3.7524752475247523	1.0	1.0
2014-132-5A	2014-132-5A	3.82	1.62	1.23	4.09	5.333333333333334	2.3580246913580245	1.0	1.0
2014-132-6A	2014-132-6A	4.22	1.52	0.7	2.69	5.2	2.776315789473684	1.0	1.0
2014-132-7A	2014-132-7A	3.18	1.55	0.94	3.39	3.727272727272727	2.0516129032258066	1.0	1.0
2014-132-8A	2014-132-8A	2.59	1.05	0.5	2.15	4.083333333333333	2.4666666666666663	1.0	1.0
2014-132-9A	2014-132-9A	2.66	1.16	0.69	2.96	5.625	2.2931034482758625	1.0	1.0
2014-3-10A	2014-3-10A	3.31	1.62	0.81	3.67	4.25	2.0432098765432096	1.0	1.0
2014-3-3A	2014-3-3A	2.71	1.51	0.8	1.77	3.777777777777778	1.794701986754967	1.0	1.0
2014-3-4A	2014-3-4A	3.03	1.63	0.92	3.19	3.4	1.8588957055214723	1.0	1.0
2014-3-5A	2014-3-5A	2.32	1.04	0.72	3.1	2.8000000000000003	2.2307692307692304	1.0	1.0
2014-3-6A	2014-3-6A	2.9	1.64	0.7	2.54	5.333333333333333	1.7682926829268293	1.0	1.0
2014-3-7A	2014-3-7A	3.25	1.43	1.14	3.38	3.6249999999999996	2.272727272727273	1.0	1.0
2014-3-8A	2014-3-8A	2.5	1.61	1.04	3.31	3.777777777777778	1.5527950310559004	1.0	1.0
2014-3-9A	2014-3-9A	2.86	1.62	0.81	2.78	4.333333333333334	1.765432098765432	1.0	1.0
2014-66-1A	2014-66-1A	2.52	0.97	0.41	1.32	5.874999999999999	2.597938144329897	1.0	1.0
2014-66-2A	2014-66-2A	3.33	1.3	0.68	1.3	4.625	2.5615384615384613	1.0	1.0
2014-66-3A	2014-66-3A	3.1	1.25	0.32	0.99	4.999999999999999	2.48	1.0	1.0
2014-66-4A	2014-66-4A	2.59	0.98	0.84	2.53	4.888888888888889	2.642857142857143	1.0	1.0
2014-66-5A	2014-66-5A	2.43	1.19	0.35	1.49	4.375	2.0420168067226894	1.0	1.0
2014-66-6A	2014-66-6A	2.0	1.38	0.84	2.21	5.799999999999999	1.4492753623188408	1.0	1.0
2014-66-7A	2014-66-7A	2.76	1.63	0.51	1.26	5.0	1.6932515337423313	1.0	1.0
2014-66-8A	2014-66-8A	2.75	1.41	0.43	1.83	4.666666666666667	1.950354609929078	1.0	1.0
DP1709141A	DP1709141A	5.0	3.52	1.67	5.07	5.363636363636363	1.4204545454545454	0.0	1.0
DP1709144A	DP1709144A	4.0	3.41	1.13	4.16	5.1	1.1730205278592374	0.0	1.0
DP1709148A	DP1709148A	3.95	3.02	1.63	4.59	4.222222222222222	1.3079470198675498	0.0	1.0
Gln2014-15-10A	Gln2014-15-10A	3.07	1.76	0.75	2.53	2.909090909090909	1.7443181818181817	1.0	0.0
Gln2014-15-1A	Gln2014-15-1A	2.44	1.29	0.88	2.67	2.625	1.891472868217054	1.0	0.0
Gln2014-15-3A	Gln2014-15-3A	2.26	1.19	0.78	2.87	2.3333333333333335	1.8991596638655461	1.0	0.0
Gln2014-15-4A	Gln2014-15-4A	3.42	1.66	0.87	2.5	2.7777777777777777	2.0602409638554215	1.0	0.0
Gln2014-15-5A	Gln2014-15-5A	3.75	1.49	0.87	1.64	2.3846153846153846	2.5167785234899327	1.0	0.0
Gln2014-15-6A	Gln2014-15-6A	3.07	1.44	0.88	2.13	3.5999999999999996	2.131944444444444	1.0	0.0
Gln2014-15-7A	Gln2014-15-7A	3.39	1.43	0.87	2.17	3.5999999999999996	2.370629370629371	1.0	0.0
Gln2014-15-8A	Gln2014-15-8A	2.84	1.43	0.81	3.07	3.3333333333333335	1.986013986013986	1.0	0.0
Gln2014-8-1A	Gln2014-8-1A	3.67	1.78	0.94	4.55	4.222222222222222	2.061797752808989	1.0	1.0
Gln2014-8-2A	Gln2014-8-2A	3.73	1.66	0.94	4.33	3.8	2.246987951807229	1.0	1.0
Gln2014-8-4A	Gln2014-8-4A	3.61	1.59	1.19	3.32	3.3846153846153846	2.2704402515723268	1.0	1.0
Gln2014-8-5A	Gln2014-8-5A	3.62	1.74	1.05	4.11	3.4166666666666665	2.0804597701149428	1.0	1.0
Gln2014-8-6A	Gln2014-8-6A	3.83	1.62	0.87	3.2	4.615384615384615	2.3641975308641974	1.0	1.0
Gln2014-8-7A	Gln2014-8-7A	2.94	1.48	0.96	2.96	3.6363636363636367	1.9864864864864864	1.0	1.0
Gln2014-8-8A	Gln2014-8-8A	2.64	1.44	0.73	1.82	3.714285714285714	1.8333333333333335	1.0	1.0
JLS-BM001-1A	JLS-BM001-1A	NA	NA	NA	NA	NA	NA	NA	NA
JLS-BM001-2A	JLS-BM001-2A	NA	NA	NA	NA	NA	NA	NA	NA
JLS-BM001-3A	JLS-BM001-3A	NA	NA	NA	NA	NA	NA	NA	NA
JLS-BM001-4A	JLS-BM001-4A	NA	NA	NA	NA	NA	NA	NA	NA
JLS-BM001-5A	JLS-BM001-5A	NA	NA	NA	NA	NA	NA	NA	NA
JLS-BM001-6A	JLS-BM001-6A	NA	NA	NA	NA	NA	NA	NA	NA
JLS-BM001-7A	JLS-BM001-7A	NA	NA	NA	NA	NA	NA	NA	NA
JLS-BM001-8A	JLS-BM001-8A	NA	NA	NA	NA	NA	NA	NA	NA
JLS-CY022-10A	JLS-CY022-10A	2.12	1.13	0.44	1.68	2.9166666666666665	1.8761061946902657	1.0	1.0
JLS-CY022-11A	JLS-CY022-11A	2.5	1.31	0.65	2.63	3.666666666666667	1.9083969465648853	1.0	1.0
JLS-CY022-4A	JLS-CY022-4A	1.95	1.27	0.46	2.01	3.3571428571428568	1.5354330708661417	1.0	1.0
JLS-CY022-5A	JLS-CY022-5A	2.64	1.41	0.35	1.79	2.9999999999999996	1.8723404255319152	1.0	1.0
JLS-CY022-6A	JLS-CY022-6A	3.11	1.7	0.92	2.54	3.642857142857143	1.8294117647058823	1.0	1.0
JLS-CY022-7A	JLS-CY022-7A	2.45	1.2	0.69	2.74	4.8	2.041666666666667	1.0	1.0
Sha-WS-1A	Sha-WS-1A	5.14	2.22	1.68	2.02	5.699999999999999	2.3153153153153148	0.0	1.0
Sha-WS-2A	Sha-WS-2A	3.43	1.57	1.11	2.54	4.8999999999999995	2.1847133757961785	0.0	1.0
Sha-WS-3A	Sha-WS-3A	3.67	2.14	1.08	3.16	3.7500000000000004	1.7149532710280373	0.0	1.0
Sha-WS-4A	Sha-WS-4A	4.0	2.08	1.23	2.74	4.0	1.923076923076923	0.0	1.0
Sha-WS-5A	Sha-WS-5A	3.29	1.73	0.76	2.43	3.555555555555556	1.9017341040462428	0.0	1.0
Sha-WS-6A	Sha-WS-6A	2.82	1.91	1.2	2.12	3.3333333333333335	1.4764397905759161	0.0	1.0
Sha-WS-7A	Sha-WS-7A	3.69	1.8	0.84	1.75	5.888888888888889	2.05	0.0	1.0
Sha-WS-8A	Sha-WS-8A	3.77	2.06	1.12	2.29	4.153846153846154	1.8300970873786406	0.0	1.0
THP-SET_1917-1A	THP-SET_1917-1A	3.02	0.77	1.06	1.73	5.0	3.922077922077922	1.0	1.0
THP-SET_1917-2A	THP-SET_1917-2A	3.8	1.15	1.06	1.9	3.9	3.3043478260869565	1.0	1.0
THP-SET_1917-3A	THP-SET_1917-3A	4.54	1.12	1.29	2.84	4.461538461538461	4.053571428571428	1.0	1.0
THP-SET_1917-4A	THP-SET_1917-4A	2.42	0.85	0.73	1.74	4.125	2.847058823529412	1.0	1.0
THP-SET_1917-5A	THP-SET_1917-5A	4.38	1.31	1.16	2.7	4.7272727272727275	3.343511450381679	1.0	1.0
THP-SET_1917-6A	THP-SET_1917-6A	3.22	1.36	1.18	2.87	2.8888888888888893	2.3676470588235294	1.0	1.0
THP-SET_1917-7A	THP-SET_1917-7A	5.25	1.45	1.17	2.12	5.500000000000001	3.6206896551724137	1.0	1.0
THP-SET_1917-8A	THP-SET_1917-8A	1.66	1.04	0.77	1.4	6.25	1.596153846153846	1.0	1.0
XB2014-144-2A	XB2014-144-2A	3.68	1.88	0.98	2.88	3.0833333333333335	1.9574468085106385	1.0	1.0
XB2014-144-3A	XB2014-144-3A	4.17	1.94	1.13	3.4	NA	2.149484536082474	1.0	1.0
XB2014-144-4A	XB2014-144-4A	3.89	1.74	1.12	2.31	3.076923076923077	2.235632183908046	1.0	1.0
XB2014-144-5A	XB2014-144-5A	4.01	1.64	0.99	2.51	2.5	2.4451219512195124	1.0	1.0
XB2014-144-6A	XB2014-144-6A	3.78	1.76	1.17	3.05	2.6153846153846154	2.1477272727272725	1.0	1.0
XB2014-144-7A	XB2014-144-7A	4.24	1.72	1.36	2.56	2.3333333333333335	2.465116279069768	1.0	1.0
XB2014-144-8A	XB2014-144-8A	4.27	2.0	1.15	2.81	3.076923076923077	2.135	1.0	1.0
XB2014-144-9A	XB2014-144-9A	3.97	1.99	1.32	3.6	2.909090909090909	1.9949748743718594	1.0	1.0
XB2014-38-2A	XB2014-38-2A	5.68	1.46	1.03	4.46	4.571428571428571	3.8904109589041096	1.0	0.0
XB2014-38-3A	XB2014-38-3A	4.97	1.94	1.03	3.28	4.3999999999999995	2.5618556701030926	1.0	0.0
XB2014-38-4A	XB2014-38-4A	4.52	1.35	1.09	3.97	5.090909090909092	3.3481481481481477	1.0	0.0
XB2014-38-5A	XB2014-38-5A	4.41	1.4	0.66	1.76	5.07142857142857	3.1500000000000004	1.0	0.0
XB2014-38-6A	XB2014-38-6A	4.79	3.68	3.86	NA	4.375	1.3016304347826086	1.0	0.0
XB2014-39-1A	XB2014-39-1A	2.81	1.94	0.93	2.41	7.428571428571428	1.4484536082474226	1.0	1.0
XB2014-39-2A	XB2014-39-2A	2.59	1.39	1.22	2.42	4.0	1.8633093525179856	1.0	1.0
XB2014-39-3A	XB2014-39-3A	2.53	1.62	1.15	2.91	5.166666666666667	1.5617283950617282	1.0	1.0
XB2014-39-4A	XB2014-39-4A	1.96	1.52	0.86	2.13	3.875	1.2894736842105263	1.0	1.0
XB2014-39-5A	XB2014-39-5A	3.3	1.51	1.16	2.88	3.5	2.185430463576159	1.0	1.0
XB2014-39-6A	XB2014-39-6A	2.09	1.35	0.59	2.42	3.1999999999999997	1.548148148148148	1.0	1.0
XB2014-39-7A	XB2014-39-7A	2.85	2.01	1.16	2.22	3.2857142857142856	1.4179104477611941	1.0	1.0
XB2014-39-8A	XB2014-39-8A	3.32	1.8	1.27	3.1	3.714285714285714	1.8444444444444443	1.0	1.0
XB2014-4-2A	XB2014-4-2A	5.17	1.75	0.84	2.8	2.076923076923077	2.954285714285714	1.0	0.0
XB2014-4-3A	XB2014-4-3A	4.99	1.76	1.34	3.01	2.7647058823529407	2.835227272727273	1.0	0.0
XB2014-4-4A	XB2014-4-4A	6.33	2.24	1.85	3.42	4.500000000000001	2.8258928571428568	1.0	0.0
XB2014-4-5A	XB2014-4-5A	4.27	1.21	0.94	3.11	2.3636363636363638	3.5289256198347103	1.0	0.0
XB2014-4-6A	XB2014-4-6A	3.59	1.35	0.89	1.82	3.4545454545454546	2.659259259259259	1.0	0.0
XB2014-4-7A	XB2014-4-7A	5.32	1.58	1.16	2.76	4.636363636363637	3.367088607594937	1.0	0.0
XB2014-4-8A	XB2014-4-8A	4.18	1.71	1.13	2.54	3.923076923076923	2.444444444444444	1.0	0.0
XB2014-4-9A	XB2014-4-9A	5.85	2.09	1.24	3.51	4.636363636363637	2.799043062200957	1.0	0.0
XB2014-48-1A	XB2014-48-1A	4.89	1.8	1.25	3.54	4.583333333333334	2.7166666666666663	1.0	0.0
XB2014-48-2A	XB2014-48-2A	4.46	1.71	1.05	3.23	3.4615384615384617	2.608187134502924	1.0	0.0
XB2014-48-3A	XB2014-48-3A	4.74	2.1	1.36	3.98	3.9	2.257142857142857	1.0	0.0
XB2014-48-4A	XB2014-48-4A	6.7	1.85	1.56	3.53	4.818181818181818	3.6216216216216215	1.0	0.0
XB2014-48-5A	XB2014-48-5A	5.86	2.26	1.04	3.07	4.454545454545454	2.592920353982301	1.0	0.0
XB2014-48-6A	XB2014-48-6A	4.95	2.28	1.37	4.42	4.222222222222222	2.171052631578948	1.0	0.0
XB2014-48-7A	XB2014-48-7A	5.73	1.78	1.29	3.73	6.0	3.2191011235955056	1.0	0.0
XB2014-48-9A	XB2014-48-9A	7.25	2.3	1.68	4.85	3.08695652173913	3.1521739130434785	1.0	0.0
XB26-3B	XB26-3B	2.31	1.34	0.47	1.64	3.4999999999999996	1.7238805970149254	1.0	1.0
XB26-4B	XB26-4B	2.8	1.69	0.82	1.39	4.2727272727272725	1.6568047337278107	1.0	1.0
XB26-5B	XB26-5B	2.78	1.42	0.63	2.54	4.454545454545454	1.9577464788732395	1.0	1.0
XB26-7B	XB26-7B	3.08	1.43	0.67	1.55	4.636363636363637	2.153846153846154	1.0	1.0
XuBo982-1A	XuBo982-1A	3.08	2.11	0.75	2.23	4.8	1.4597156398104267	0.0	1.0
XuBo982-2A	XuBo982-2A	2.71	2.29	0.53	0.48	2.75	1.1834061135371179	0.0	1.0
XuBo982-3A	XuBo982-3A	2.91	1.98	1.23	1.52	3.5	1.4696969696969697	0.0	1.0
XuBo982-4A	XuBo982-4A	3.13	2.51	0.69	0.45	3.714285714285714	1.247011952191235	0.0	1.0
XuBo982-5A	XuBo982-5A	3.31	2.41	1.06	0.65	3.2857142857142856	1.3734439834024896	0.0	1.0
XubBo-1037-1A	XubBo-1037-1A	2.09	1.47	0.68	0.94	4.714285714285714	1.4217687074829932	0.0	1.0
XubBo-1037-2A	XubBo-1037-2A	1.99	1.33	0.49	1.07	4.875	1.4962406015037593	NA	NA
XubBo-1037-3A	XubBo-1037-3A	1.71	1.22	0.96	1.26	5.0	1.401639344262295	NA	NA
XubBo-1037-4A	XubBo-1037-4A	2.21	1.6	0.72	1.02	4.571428571428571	1.3812499999999999	NA	NA
XubBo-1037-5A	XubBo-1037-5A	2.63	1.72	1.04	1.11	7.142857142857142	1.5290697674418605	NA	NA
XubBo-1037-6A	XubBo-1037-6A	2.53	1.72	0.75	0.87	5.75	1.4709302325581395	NA	NA
XubBo-1037-7A	XubBo-1037-7A	1.23	1.05	0.54	0.99	3.8333333333333335	1.1714285714285713	NA	NA
XubBo-1037-8A	XubBo-1037-8A	2.31	1.77	0.52	0.55	6.6	1.305084745762712	NA	NA
XubBo1030-10A	XubBo1030-10A	2.62	1.43	0.75	1.61	3.857142857142857	1.8321678321678323	0.0	1.0
XubBo1030-1A	XubBo1030-1A	5.99	2.35	1.78	3.28	5.111111111111112	2.548936170212766	0.0	1.0
XubBo1030-3A	XubBo1030-3A	3.47	2.21	0.92	2.48	5.25	1.570135746606335	0.0	1.0
XubBo1030-5A	XubBo1030-5A	4.27	2.13	0.92	2.35	5.714285714285714	2.004694835680751	0.0	1.0
XubBo1030-6A	XubBo1030-6A	2.36	1.37	0.76	1.8	4.714285714285714	1.722627737226277	0.0	1.0
XubBo1030-8A	XubBo1030-8A	2.99	1.38	0.88	2.5	4.75	2.166666666666667	0.0	1.0
XubBo1030-9A	XubBo1030-9A	3.64	2.18	1.13	2.78	5.5	1.6697247706422018	0.0	1.0
XubBo1051-10A	XubBo1051-10A	6.93	3.4	1.77	3.48	5.636363636363637	2.038235294117647	0.0	1.0
XubBo1051-1A	XubBo1051-1A	5.07	2.83	1.47	2.66	6.0	1.7915194346289753	0.0	1.0
XubBo1051-2A	XubBo1051-2A	7.23	3.32	2.25	3.67	6.555555555555555	2.1777108433734944	0.0	1.0
XubBo1051-3A	XubBo1051-3A	6.06	3.41	1.8	3.4	5.181818181818182	1.7771260997067446	0.0	1.0
XubBo1051-4A	XubBo1051-4A	5.95	3.11	1.86	3.75	5.111111111111112	1.9131832797427655	0.0	1.0
XubBo1051-7A	XubBo1051-7A	6.3	3.08	2.59	4.09	7.5	2.0454545454545454	0.0	1.0
XubBo1051-8A	XubBo1051-8A	5.66	3.36	1.42	3.5	4.6	1.6845238095238095	0.0	1.0
XubBo1051-9A	XubBo1051-9A	4.98	2.78	1.72	3.91	5.714285714285714	1.7913669064748203	0.0	1.0
Xubo01402-2A	Xubo01402-2A	5.94	0.85	1.0	3.29	4.111111111111112	6.988235294117648	1.0	1.0
Xubo01402-3A	Xubo01402-3A	5.46	0.98	0.92	2.06	6.111111111111112	5.571428571428571	1.0	1.0
Xubo01402-4A	Xubo01402-4A	5.6	0.98	0.9	2.84	5.375	5.714285714285714	1.0	1.0
Xubo01402-5A	Xubo01402-5A	4.13	1.11	1.04	3.53	4.428571428571428	3.7207207207207205	1.0	1.0
Xubo01402-6A	Xubo01402-6A	6.18	1.13	1.26	2.81	5.874999999999999	5.469026548672566	1.0	1.0
Xubo01402-7A	Xubo01402-7A	7.21	0.79	1.05	3.09	6.0	9.126582278481012	1.0	1.0
Xubo01402-8A	Xubo01402-8A	7.74	1.46	1.4	3.0	4.0	5.301369863013699	1.0	1.0
Xubo01402-9A	Xubo01402-9A	6.43	1.34	1.62	2.8	5.999999999999999	4.798507462686566	1.0	1.0
YLZB4703-2A	YLZB4703-2A	3.24	1.42	1.02	1.88	1.7500000000000002	2.2816901408450705	1.0	0.0
YLZB4703-3A	YLZB4703-3A	4.11	2.18	1.36	2.31	6.500000000000001	1.885321100917431	1.0	0.0
YLZB4703-5A	YLZB4703-5A	4.64	1.66	1.27	2.13	2.0	2.7951807228915664	1.0	0.0
YLZB4703-7A	YLZB4703-7A	2.81	1.61	0.85	1.95	1.9	1.7453416149068322	1.0	0.0
YLZB4703-9A	YLZB4703-9A	4.81	2.75	NA	1.94	2.8999999999999995	1.749090909090909	1.0	0.0
YLZB4715-10A	YLZB4715-10A	6.08	0.88	8.7	3.25	7.777777777777778	6.909090909090909	1.0	0.0
YLZB4715-1A	YLZB4715-1A	4.32	0.87	7.64	3.07	9.399999999999999	4.9655172413793105	1.0	0.0
YLZB4715-2A	YLZB4715-2A	10.21	1.3	12.46	3.52	7.857142857142857	7.853846153846154	1.0	0.0
YLZB4715-5A	YLZB4715-5A	6.21	1.23	10.27	3.0	8.0	5.048780487804878	1.0	0.0
YLZB4715-6A	YLZB4715-6A	4.03	0.95	4.23	1.64	5.6000000000000005	4.242105263157895	1.0	0.0
YLZB4715-7A	YLZB4715-7A	5.94	1.45	9.5	2.35	11.166666666666668	4.096551724137932	1.0	0.0
YLZB4715-8A	YLZB4715-8A	5.65	0.92	6.63	3.32	5.571428571428571	6.141304347826087	1.0	0.0
YLZB4715-9A	YLZB4715-9A	7.06	0.78	6.91	2.08	7.0	9.051282051282051	1.0	0.0
YLZB4735-10A	YLZB4735-10A	2.56	1.65	0.53	3.09	3.909090909090909	1.5515151515151517	1.0	1.0
YLZB4735-1A	YLZB4735-1A	1.64	1.25	0.37	1.55	2.611111111111111	1.3119999999999998	1.0	1.0
YLZB4735-2A	YLZB4735-2A	2.59	1.56	0.46	1.53	4.166666666666667	1.6602564102564101	1.0	1.0
YLZB4735-3A	YLZB4735-3A	2.31	1.14	0.51	2.67	4.699999999999999	2.0263157894736845	1.0	1.0
YLZB4735-5A	YLZB4735-5A	2.85	1.55	0.54	3.36	3.3333333333333335	1.8387096774193548	1.0	1.0
YLZB4735-6A	YLZB4735-6A	3.06	1.51	0.54	2.34	3.8333333333333335	2.0264900662251657	1.0	1.0
YLZB4735-8A	YLZB4735-8A	2.93	1.61	0.67	2.9	4.6	1.8198757763975155	1.0	1.0
YLZB4735-9A	YLZB4735-9A	3.71	1.44	0.85	2.41	3.846153846153846	2.576388888888889	1.0	1.0
YLZB4816-11A	YLZB4816-11A	2.51	1.14	0.25	3.14	3.1999999999999997	2.2017543859649122	1.0	1.0
YLZB4816-3A	YLZB4816-3A	1.85	1.13	0.41	1.25	3.4545454545454546	1.6371681415929207	1.0	1.0
YLZB4816-4A	YLZB4816-4A	2.63	1.59	0.76	2.3	4.500000000000001	1.6540880503144653	1.0	1.0
YLZB4816-6A	YLZB4816-6A	2.72	1.45	0.72	2.71	4.7272727272727275	1.8758620689655174	1.0	1.0
YLZB4816-7A	YLZB4816-7A	2.06	1.37	0.46	1.04	4.181818181818182	1.5036496350364963	1.0	1.0
YLZB4816-8A	YLZB4816-8A	2.13	1.18	0.42	1.65	4.25	1.805084745762712	1.0	1.0
YLZB4816-9A	YLZB4816-9A	2.56	1.42	0.47	1.49	4.25	1.8028169014084507	1.0	1.0
ZXL277-1A	ZXL277-1A	5.83	3.49	1.64	3.72	3.777777777777778	1.670487106017192	0.0	1.0
ZXL277-2A	ZXL277-2A	5.06	2.81	1.71	4.24	3.0	1.8007117437722417	0.0	1.0
ZXL277-3A	ZXL277-3A	4.4	2.5	1.21	3.22	4.555555555555555	1.7600000000000002	0.0	1.0
ZXL277-4A	ZXL277-4A	4.65	2.33	1.52	3.88	4.5	1.995708154506438	0.0	1.0
ZXL277-5A	ZXL277-5A	5.99	2.94	1.27	3.68	3.2307692307692304	2.0374149659863945	0.0	1.0
ZXL277-6A	ZXL277-6A	4.81	2.42	1.04	2.86	3.5	1.987603305785124	0.0	1.0
ZXL277-7A	ZXL277-7A	8.39	4.07	1.54	4.33	4.454545454545454	2.0614250614250613	0.0	1.0
ZXL277-8A	ZXL277-8A	4.78	2.05	1.42	3.58	2.705882352941176	2.331707317073171	0.0	1.0
ZXL79-1A	ZXL79-1A	6.46	3.19	2.14	4.44	5.615384615384615	2.0250783699059562	0.0	1.0
ZXL79-2A	ZXL79-2A	4.42	2.76	1.4	3.75	4.6	1.6014492753623188	0.0	1.0
ZXL79-3A	ZXL79-3A	3.82	2.62	1.23	4.19	4.1	1.4580152671755724	0.0	1.0
ZXL79-4A	ZXL79-4A	4.55	2.88	1.16	4.61	4.083333333333333	1.5798611111111112	0.0	1.0
ZXL79-5A	ZXL79-5A	4.84	3.15	1.24	3.99	5.153846153846154	1.5365079365079366	0.0	1.0
ZXL79-6A	ZXL79-6A	5.14	3.44	1.61	5.34	4.444444444444445	1.494186046511628	0.0	1.0
ZXL79-7A	ZXL79-7A	4.13	2.55	1.13	4.1	4.454545454545454	1.619607843137255	0.0	1.0
xubo266-2A	xubo266-2A	3.63	1.55	0.42	0.4	2.692307692307692	2.3419354838709676	0.0	1.0
xubo266-3A	xubo266-3A	3.89	1.98	1.05	2.19	4.0	1.9646464646464648	0.0	1.0
xubo266-4A	xubo266-4A	4.72	2.84	1.09	3.96	3.777777777777778	1.6619718309859155	0.0	1.0
xubo266-5A	xubo266-5A	4.59	2.77	1.29	3.85	5.0	1.6570397111913358	0.0	1.0
xubo266-6A	xubo266-6A	7.09	4.29	2.19	5.7	4.333333333333334	1.6526806526806526	0.0	1.0
xubo266-8A	xubo266-8A	6.85	3.59	1.86	4.43	6.625	1.9080779944289694	0.0	1.0
xubo266-9A	xubo266-9A	5.37	3.36	1.77	4.43	3.6999999999999997	1.5982142857142858	0.0	1.0
zhuzm1009-10A	zhuzm1009-10A	1.61	1.02	0.4	1.9	4.777777777777778	1.5784313725490198	1.0	1.0
zhuzm1009-2A	zhuzm1009-2A	1.69	0.91	0.35	2.11	4.444444444444445	1.857142857142857	1.0	1.0
zhuzm1009-3A	zhuzm1009-3A	2.71	1.29	0.73	2.59	5.625	2.1007751937984493	1.0	1.0
zhuzm1009-6A	zhuzm1009-6A	1.28	0.89	0.33	1.08	5.125	1.4382022471910112	1.0	1.0
zhuzm1009-7A	zhuzm1009-7A	1.73	1.12	0.49	2.33	4.25	1.544642857142857	1.0	1.0
zhuzm1009-8A	zhuzm1009-8A	2.42	1.05	0.43	1.67	5.874999999999999	2.3047619047619046	1.0	1.0
