sample	code	group	Longitude	Latitude	sp1	sp2	TLL	TLW	RL	PL	SL_SW	TLL_TLW	ST	GL	bio3	bio7	bio10	bio13	bio15	srad_07
2014-128-1A	ML50	CPO	100.852	28.234	C. polyantha	C. polyantha var. polyantha	2.41	1.11	0.41	1.48	6.33333333333333	2.17117117117117	1	1	1.19479840824402	-0.245564206153515	-0.701085247076159	0.00180487227344679	0.821253034698712	-0.831828004784255
2014-128-2A	ML50	CPO	100.852	28.234	C. polyantha	C. polyantha var. polyantha	2.2	1.01	0.53	2.09	6.28571428571429	2.17821782178218	1	1	1.19479840824402	-0.245564206153515	-0.701085247076159	0.00180487227344679	0.821253034698712	-0.831828004784255
2014-128-3A	ML50	CPO	100.852	28.234	C. polyantha	C. polyantha var. polyantha	2.27	1.42	0.72	1.81	3.22222222222222	1.59859154929577	1	1	1.19479840824402	-0.245564206153515	-0.701085247076159	0.00180487227344679	0.821253034698712	-0.831828004784255
2014-128-4A	ML50	CPO	100.852	28.234	C. polyantha	C. polyantha var. polyantha	3.99	1.35	0.75	3.06	3.90909090909091	2.95555555555556	1	1	1.19479840824402	-0.245564206153515	-0.701085247076159	0.00180487227344679	0.821253034698712	-0.831828004784255
2014-128-5A	ML50	CPO	100.852	28.234	C. polyantha	C. polyantha var. polyantha	2.75	1.63	1	2.62	5.5	1.68711656441718	1	1	1.19479840824402	-0.245564206153515	-0.701085247076159	0.00180487227344679	0.821253034698712	-0.831828004784255
2014-132-2A	ML5	N	100.869	28.173	C. polyantha	C. polyantha var. polyantha	3.37	1.03	0.77	2.68	3.5	3.27184466019417	1	1	1.19479840824402	-0.223362510802649	-0.937768757598034	0.120926442320932	0.75793212314484	-0.87356203141076
2014-132-3A	ML5	N	100.869	28.173	C. polyantha	C. polyantha var. polyantha	3.51	1.63	0.69	1.66	2.46153846153846	2.15337423312883	1	1	1.19479840824402	-0.223362510802649	-0.937768757598034	0.120926442320932	0.75793212314484	-0.87356203141076
2014-132-4A	ML5	N	100.869	28.173	C. polyantha	C. polyantha var. polyantha	3.79	1.01	0.72	3.44	3.66666666666667	3.75247524752475	1	1	1.19479840824402	-0.223362510802649	-0.937768757598034	0.120926442320932	0.75793212314484	-0.87356203141076
2014-132-5A	ML5	N	100.869	28.173	C. polyantha	C. polyantha var. polyantha	3.82	1.62	1.23	4.09	5.33333333333333	2.35802469135802	1	1	1.19479840824402	-0.223362510802649	-0.937768757598034	0.120926442320932	0.75793212314484	-0.87356203141076
2014-132-6A	ML5	N	100.869	28.173	C. polyantha	C. polyantha var. polyantha	4.22	1.52	0.7	2.69	5.2	2.77631578947368	1	1	1.19479840824402	-0.223362510802649	-0.937768757598034	0.120926442320932	0.75793212314484	-0.87356203141076
2014-132-7A	ML5	N	100.869	28.173	C. polyantha	C. polyantha var. polyantha	3.18	1.55	0.94	3.39	3.72727272727273	2.05161290322581	1	1	1.19479840824402	-0.223362510802649	-0.937768757598034	0.120926442320932	0.75793212314484	-0.87356203141076
2014-132-8A	ML5	N	100.869	28.173	C. polyantha	C. polyantha var. polyantha	2.59	1.05	0.5	2.15	4.08333333333333	2.46666666666667	1	1	1.19479840824402	-0.223362510802649	-0.937768757598034	0.120926442320932	0.75793212314484	-0.87356203141076
2014-132-9A	ML5	N	100.869	28.173	C. polyantha	C. polyantha var. polyantha	2.66	1.16	0.69	2.96	5.625	2.29310344827586	1	1	1.19479840824402	-0.223362510802649	-0.937768757598034	0.120926442320932	0.75793212314484	-0.87356203141076
2014-3-10A	MN34	CPO	101.876	28.303	C. polyantha	C. polyantha var. tomentosa	3.31	1.62	0.81	3.67	4.25	2.04320987654321	1	1	0.748018266917644	-0.578589636416501	0.24564879501134	0.240048012368417	0.441327565375476	-0.674629837824418
2014-3-3A	MN34	CPO	101.876	28.303	C. polyantha	C. polyantha var. tomentosa	2.71	1.51	0.8	1.77	3.77777777777778	1.79470198675497	1	1	0.748018266917644	-0.578589636416501	0.24564879501134	0.240048012368417	0.441327565375476	-0.674629837824418
2014-3-4A	MN34	CPO	101.876	28.303	C. polyantha	C. polyantha var. tomentosa	3.03	1.63	0.92	3.19	3.4	1.85889570552147	1	1	0.748018266917644	-0.578589636416501	0.24564879501134	0.240048012368417	0.441327565375476	-0.674629837824418
2014-3-5A	MN34	CPO	101.876	28.303	C. polyantha	C. polyantha var. tomentosa	2.32	1.04	0.72	3.1	2.8	2.23076923076923	1	1	0.748018266917644	-0.578589636416501	0.24564879501134	0.240048012368417	0.441327565375476	-0.674629837824418
2014-3-6A	MN34	CPO	101.876	28.303	C. polyantha	C. polyantha var. tomentosa	2.9	1.64	0.7	2.54	5.33333333333333	1.76829268292683	1	1	0.748018266917644	-0.578589636416501	0.24564879501134	0.240048012368417	0.441327565375476	-0.674629837824418
2014-3-7A	MN34	CPO	101.876	28.303	C. polyantha	C. polyantha var. tomentosa	3.25	1.43	1.14	3.38	3.625	2.27272727272727	1	1	0.748018266917644	-0.578589636416501	0.24564879501134	0.240048012368417	0.441327565375476	-0.674629837824418
2014-3-8A	MN34	CPO	101.876	28.303	C. polyantha	C. polyantha var. tomentosa	2.5	1.61	1.04	3.31	3.77777777777778	1.5527950310559	1	1	0.748018266917644	-0.578589636416501	0.24564879501134	0.240048012368417	0.441327565375476	-0.674629837824418
2014-3-9A	MN34	CPO	101.876	28.303	C. polyantha	C. polyantha var. tomentosa	2.86	1.62	0.81	2.78	4.33333333333333	1.76543209876543	1	1	0.748018266917644	-0.578589636416501	0.24564879501134	0.240048012368417	0.441327565375476	-0.674629837824418
2014-66-1A	YL49	CPO	100.416	27.116	C. polyantha	C. polyantha var. polyantha	2.52	0.97	0.41	1.32	5.875	2.5979381443299	1	1	1.08310337291243	-0.822808285276024	-1.26320858456561	1.16324018023643	1.01121576936033	-1.10449031207742
2014-66-2A	YL49	CPO	100.416	27.116	C. polyantha	C. polyantha var. polyantha	3.33	1.3	0.68	1.3	4.625	2.56153846153846	1	1	1.08310337291243	-0.822808285276024	-1.26320858456561	1.16324018023643	1.01121576936033	-1.10449031207742
2014-66-3A	YL49	CPO	100.416	27.116	C. polyantha	C. polyantha var. polyantha	3.1	1.25	0.32	0.99	5	2.48	1	1	1.08310337291243	-0.822808285276024	-1.26320858456561	1.16324018023643	1.01121576936033	-1.10449031207742
2014-66-4A	YL49	CPO	100.416	27.116	C. polyantha	C. polyantha var. polyantha	2.59	0.98	0.84	2.53	4.88888888888889	2.64285714285714	1	1	1.08310337291243	-0.822808285276024	-1.26320858456561	1.16324018023643	1.01121576936033	-1.10449031207742
2014-66-5A	YL49	CPO	100.416	27.116	C. polyantha	C. polyantha var. polyantha	2.43	1.19	0.35	1.49	4.375	2.04201680672269	1	1	1.08310337291243	-0.822808285276024	-1.26320858456561	1.16324018023643	1.01121576936033	-1.10449031207742
2014-66-6A	YL49	CPO	100.416	27.116	C. polyantha	C. polyantha var. polyantha	2	1.38	0.84	2.21	5.8	1.44927536231884	1	1	1.08310337291243	-0.822808285276024	-1.26320858456561	1.16324018023643	1.01121576936033	-1.10449031207742
2014-66-7A	YL49	CPO	100.416	27.116	C. polyantha	C. polyantha var. polyantha	2.76	1.63	0.51	1.26	5	1.69325153374233	1	1	1.08310337291243	-0.822808285276024	-1.26320858456561	1.16324018023643	1.01121576936033	-1.10449031207742
2014-66-8A	YL49	CPO	100.416	27.116	C. polyantha	C. polyantha var. polyantha	2.75	1.41	0.43	1.83	4.66666666666667	1.95035460992908	1	1	1.08310337291243	-0.822808285276024	-1.26320858456561	1.16324018023643	1.01121576936033	-1.10449031207742
DP1709141A	DQS11	CMA	128.511	35.81	C. macrocarpa	C. macrocarpa var. macrocarpa	5	3.52	1.67	5.07	5.36363636363636	1.42045454545455	0	1	-1.03910229838786	1.819193461477	1.19238283709884	1.1930205727483	-0.571807019486487	-0.215555544932859
DP1709144A	DQS11	CMA	128.511	35.81	C. macrocarpa	C. macrocarpa var. macrocarpa	4	3.41	1.13	4.16	5.1	1.17302052785924	0	1	-1.03910229838786	1.819193461477	1.19238283709884	1.1930205727483	-0.571807019486487	-0.215555544932859
DP1709148A	DQS11	CMA	128.511	35.81	C. macrocarpa	C. macrocarpa var. macrocarpa	3.95	3.02	1.63	4.59	4.22222222222222	1.30794701986755	0	1	-1.03910229838786	1.819193461477	1.19238283709884	1.1930205727483	-0.571807019486487	-0.215555544932859
Gln2014-15-10A	LD30	CYU	102.215	29.982	C. yunnanensis	C. yunnanensis subsp. filipes	3.07	1.76	0.75	2.53	2.90909090909091	1.74431818181818	1	0	-0.480627121729889	-0.400976073609575	-0.523572614184753	-0.921387295594563	-0.318523373270996	-0.547572912317057
Gln2014-15-1A	LD30	CYU	102.215	29.982	C. yunnanensis	C. yunnanensis subsp. filipes	2.44	1.29	0.88	2.67	2.625	1.89147286821705	1	0	-0.480627121729889	-0.400976073609575	-0.523572614184753	-0.921387295594563	-0.318523373270996	-0.547572912317057
Gln2014-15-3A	LD30	CYU	102.215	29.982	C. yunnanensis	C. yunnanensis subsp. filipes	2.26	1.19	0.78	2.87	2.33333333333333	1.89915966386555	1	0	-0.480627121729889	-0.400976073609575	-0.523572614184753	-0.921387295594563	-0.318523373270996	-0.547572912317057
Gln2014-15-4A	LD30	CYU	102.215	29.982	C. yunnanensis	C. yunnanensis subsp. filipes	3.42	1.66	0.87	2.5	2.77777777777778	2.06024096385542	1	0	-0.480627121729889	-0.400976073609575	-0.523572614184753	-0.921387295594563	-0.318523373270996	-0.547572912317057
Gln2014-15-5A	LD30	CYU	102.215	29.982	C. yunnanensis	C. yunnanensis subsp. filipes	3.75	1.49	0.87	1.64	2.38461538461538	2.51677852348993	1	0	-0.480627121729889	-0.400976073609575	-0.523572614184753	-0.921387295594563	-0.318523373270996	-0.547572912317057
Gln2014-15-6A	LD30	CYU	102.215	29.982	C. yunnanensis	C. yunnanensis subsp. filipes	3.07	1.44	0.88	2.13	3.6	2.13194444444444	1	0	-0.480627121729889	-0.400976073609575	-0.523572614184753	-0.921387295594563	-0.318523373270996	-0.547572912317057
Gln2014-15-7A	LD30	CYU	102.215	29.982	C. yunnanensis	C. yunnanensis subsp. filipes	3.39	1.43	0.87	2.17	3.6	2.37062937062937	1	0	-0.480627121729889	-0.400976073609575	-0.523572614184753	-0.921387295594563	-0.318523373270996	-0.547572912317057
Gln2014-15-8A	LD30	CYU	102.215	29.982	C. yunnanensis	C. yunnanensis subsp. filipes	2.84	1.43	0.81	3.07	3.33333333333333	1.98601398601399	1	0	-0.480627121729889	-0.400976073609575	-0.523572614184753	-0.921387295594563	-0.318523373270996	-0.547572912317057
Gln2014-8-1A	LD06	CPO	102.221	29.971	C. polyantha	C. polyantha var. polyantha	3.67	1.78	0.94	4.55	4.22222222222222	2.06179775280899	1	1	-0.480627121729889	-0.400976073609575	-0.523572614184753	-0.921387295594563	-0.318523373270996	-0.547572912317057
Gln2014-8-2A	LD06	CPO	102.221	29.971	C. polyantha	C. polyantha var. polyantha	3.73	1.66	0.94	4.33	3.8	2.24698795180723	1	1	-0.480627121729889	-0.400976073609575	-0.523572614184753	-0.921387295594563	-0.318523373270996	-0.547572912317057
Gln2014-8-4A	LD06	CPO	102.221	29.971	C. polyantha	C. polyantha var. polyantha	3.61	1.59	1.19	3.32	3.38461538461538	2.27044025157233	1	1	-0.480627121729889	-0.400976073609575	-0.523572614184753	-0.921387295594563	-0.318523373270996	-0.547572912317057
Gln2014-8-5A	LD06	CPO	102.221	29.971	C. polyantha	C. polyantha var. polyantha	3.62	1.74	1.05	4.11	3.41666666666667	2.08045977011494	1	1	-0.480627121729889	-0.400976073609575	-0.523572614184753	-0.921387295594563	-0.318523373270996	-0.547572912317057
Gln2014-8-6A	LD06	CPO	102.221	29.971	C. polyantha	C. polyantha var. polyantha	3.83	1.62	0.87	3.2	4.61538461538461	2.3641975308642	1	1	-0.480627121729889	-0.400976073609575	-0.523572614184753	-0.921387295594563	-0.318523373270996	-0.547572912317057
Gln2014-8-7A	LD06	CPO	102.221	29.971	C. polyantha	C. polyantha var. polyantha	2.94	1.48	0.96	2.96	3.63636363636364	1.98648648648649	1	1	-0.480627121729889	-0.400976073609575	-0.523572614184753	-0.921387295594563	-0.318523373270996	-0.547572912317057
Gln2014-8-8A	LD06	CPO	102.221	29.971	C. polyantha	C. polyantha var. polyantha	2.64	1.44	0.73	1.82	3.71428571428571	1.83333333333333	1	1	-0.480627121729889	-0.400976073609575	-0.523572614184753	-0.921387295594563	-0.318523373270996	-0.547572912317057
JLS-CY022-10A	CY32	CPO	98.394	28.505	C. polyantha	C. polyantha var. polyantha	2.12	1.13	0.44	1.68	2.91666666666667	1.87610619469027	1	1	0.63632323158605	-0.600791331767367	-0.878597879967565	0.984557825165199	-0.00191881550163256	-0.614347354919466
JLS-CY022-11A	CY32	CPO	98.394	28.505	C. polyantha	C. polyantha var. polyantha	2.5	1.31	0.65	2.63	3.66666666666667	1.90839694656489	1	1	0.63632323158605	-0.600791331767367	-0.878597879967565	0.984557825165199	-0.00191881550163256	-0.614347354919466
JLS-CY022-4A	CY32	CPO	98.394	28.505	C. polyantha	C. polyantha var. polyantha	1.95	1.27	0.46	2.01	3.35714285714286	1.53543307086614	1	1	0.63632323158605	-0.600791331767367	-0.878597879967565	0.984557825165199	-0.00191881550163256	-0.614347354919466
JLS-CY022-5A	CY32	CPO	98.394	28.505	C. polyantha	C. polyantha var. polyantha	2.64	1.41	0.35	1.79	3	1.87234042553192	1	1	0.63632323158605	-0.600791331767367	-0.878597879967565	0.984557825165199	-0.00191881550163256	-0.614347354919466
JLS-CY022-6A	CY32	CPO	98.394	28.505	C. polyantha	C. polyantha var. polyantha	3.11	1.7	0.92	2.54	3.64285714285714	1.82941176470588	1	1	0.63632323158605	-0.600791331767367	-0.878597879967565	0.984557825165199	-0.00191881550163256	-0.614347354919466
JLS-CY022-7A	CY32	CPO	98.394	28.505	C. polyantha	C. polyantha var. polyantha	2.45	1.2	0.69	2.74	4.8	2.04166666666667	1	1	0.63632323158605	-0.600791331767367	-0.878597879967565	0.984557825165199	-0.00191881550163256	-0.614347354919466
Sha-WS-1A	WS14	CMA	110.013	31.037	C. macrocarpa	C. macrocarpa var. macrocarpa	5.14	2.22	1.68	2.02	5.7	2.31531531531531	0	1	-1.37418740438264	0.531495131126786	1.36989546999024	-0.683144155499592	-1.71158342745619	1.41253520490781
Sha-WS-2A	WS14	CMA	110.013	31.037	C. macrocarpa	C. macrocarpa var. macrocarpa	3.43	1.57	1.11	2.54	4.9	2.18471337579618	0	1	-1.37418740438264	0.531495131126786	1.36989546999024	-0.683144155499592	-1.71158342745619	1.41253520490781
Sha-WS-3A	WS14	CMA	110.013	31.037	C. macrocarpa	C. macrocarpa var. macrocarpa	3.67	2.14	1.08	3.16	3.75	1.71495327102804	0	1	-1.37418740438264	0.531495131126786	1.36989546999024	-0.683144155499592	-1.71158342745619	1.41253520490781
Sha-WS-4A	WS14	CMA	110.013	31.037	C. macrocarpa	C. macrocarpa var. macrocarpa	4	2.08	1.23	2.74	4	1.92307692307692	0	1	-1.37418740438264	0.531495131126786	1.36989546999024	-0.683144155499592	-1.71158342745619	1.41253520490781
Sha-WS-5A	WS14	CMA	110.013	31.037	C. macrocarpa	C. macrocarpa var. macrocarpa	3.29	1.73	0.76	2.43	3.55555555555556	1.90173410404624	0	1	-1.37418740438264	0.531495131126786	1.36989546999024	-0.683144155499592	-1.71158342745619	1.41253520490781
Sha-WS-6A	WS14	CMA	110.013	31.037	C. macrocarpa	C. macrocarpa var. macrocarpa	2.82	1.91	1.2	2.12	3.33333333333333	1.47643979057592	0	1	-1.37418740438264	0.531495131126786	1.36989546999024	-0.683144155499592	-1.71158342745619	1.41253520490781
Sha-WS-7A	WS14	CMA	110.013	31.037	C. macrocarpa	C. macrocarpa var. macrocarpa	3.69	1.8	0.84	1.75	5.88888888888889	2.05	0	1	-1.37418740438264	0.531495131126786	1.36989546999024	-0.683144155499592	-1.71158342745619	1.41253520490781
Sha-WS-8A	WS14	CMA	110.013	31.037	C. macrocarpa	C. macrocarpa var. macrocarpa	3.77	2.06	1.12	2.29	4.15384615384615	1.83009708737864	0	1	-1.37418740438264	0.531495131126786	1.36989546999024	-0.683144155499592	-1.71158342745619	1.41253520490781
THP-SET_1917-1A	MK27	CPO	98.923	29.746	C. polyantha	C. polyantha f. souliei	3.02	0.77	1.06	1.73	5	3.92207792207792	1	1	0.971408337580831	0.442688349723323	-1.91408823850077	-2.35084613616438	0.884573946252585	-0.184950592073422
THP-SET_1917-2A	MK27	CPO	98.923	29.746	C. polyantha	C. polyantha f. souliei	3.8	1.15	1.06	1.9	3.9	3.30434782608696	1	1	0.971408337580831	0.442688349723323	-1.91408823850077	-2.35084613616438	0.884573946252585	-0.184950592073422
THP-SET_1917-3A	MK27	CPO	98.923	29.746	C. polyantha	C. polyantha f. souliei	4.54	1.12	1.29	2.84	4.46153846153846	4.05357142857143	1	1	0.971408337580831	0.442688349723323	-1.91408823850077	-2.35084613616438	0.884573946252585	-0.184950592073422
THP-SET_1917-4A	MK27	CPO	98.923	29.746	C. polyantha	C. polyantha f. souliei	2.42	0.85	0.73	1.74	4.125	2.84705882352941	1	1	0.971408337580831	0.442688349723323	-1.91408823850077	-2.35084613616438	0.884573946252585	-0.184950592073422
THP-SET_1917-5A	MK27	CPO	98.923	29.746	C. polyantha	C. polyantha f. souliei	4.38	1.31	1.16	2.7	4.72727272727273	3.34351145038168	1	1	0.971408337580831	0.442688349723323	-1.91408823850077	-2.35084613616438	0.884573946252585	-0.184950592073422
THP-SET_1917-6A	MK27	CPO	98.923	29.746	C. polyantha	C. polyantha f. souliei	3.22	1.36	1.18	2.87	2.88888888888889	2.36764705882353	1	1	0.971408337580831	0.442688349723323	-1.91408823850077	-2.35084613616438	0.884573946252585	-0.184950592073422
THP-SET_1917-7A	MK27	CPO	98.923	29.746	C. polyantha	C. polyantha f. souliei	5.25	1.45	1.17	2.12	5.5	3.62068965517241	1	1	0.971408337580831	0.442688349723323	-1.91408823850077	-2.35084613616438	0.884573946252585	-0.184950592073422
THP-SET_1917-8A	MK27	CPO	98.923	29.746	C. polyantha	C. polyantha f. souliei	1.66	1.04	0.77	1.4	6.25	1.59615384615385	1	1	0.971408337580831	0.442688349723323	-1.91408823850077	-2.35084613616438	0.884573946252585	-0.184950592073422
XB2014-144-2A	SM35	CYU	102.326	29.247	C. polyantha	C. polyantha var. tomentosa	3.68	1.88	0.98	2.88	3.08333333333333	1.95744680851064	1	1	-0.257237051066701	-0.356572682907844	0.985284765392198	-0.236438267821523	0.188043919159985	-0.54061724121264
XB2014-144-4A	SM35	CYU	102.326	29.247	C. polyantha	C. polyantha var. tomentosa	3.89	1.74	1.12	2.31	3.07692307692308	2.23563218390805	1	1	-0.257237051066701	-0.356572682907844	0.985284765392198	-0.236438267821523	0.188043919159985	-0.54061724121264
XB2014-144-5A	SM35	CYU	102.326	29.247	C. polyantha	C. polyantha var. tomentosa	4.01	1.64	0.99	2.51	2.5	2.44512195121951	1	1	-0.257237051066701	-0.356572682907844	0.985284765392198	-0.236438267821523	0.188043919159985	-0.54061724121264
XB2014-144-6A	SM35	CYU	102.326	29.247	C. polyantha	C. polyantha var. tomentosa	3.78	1.76	1.17	3.05	2.61538461538462	2.14772727272727	1	1	-0.257237051066701	-0.356572682907844	0.985284765392198	-0.236438267821523	0.188043919159985	-0.54061724121264
XB2014-144-7A	SM35	CYU	102.326	29.247	C. polyantha	C. polyantha var. tomentosa	4.24	1.72	1.36	2.56	2.33333333333333	2.46511627906977	1	1	-0.257237051066701	-0.356572682907844	0.985284765392198	-0.236438267821523	0.188043919159985	-0.54061724121264
XB2014-144-8A	SM35	CYU	102.326	29.247	C. polyantha	C. polyantha var. tomentosa	4.27	2	1.15	2.81	3.07692307692308	2.135	1	1	-0.257237051066701	-0.356572682907844	0.985284765392198	-0.236438267821523	0.188043919159985	-0.54061724121264
XB2014-144-9A	SM35	CYU	102.326	29.247	C. polyantha	C. polyantha var. tomentosa	3.97	1.99	1.32	3.6	2.90909090909091	1.99497487437186	1	1	-0.257237051066701	-0.356572682907844	0.985284765392198	-0.236438267821523	0.188043919159985	-0.54061724121264
XB2014-38-2A	EY8	CYU	100.19	26.116	C. yunnanensis	C. yunnanensis subsp. yunanensis	5.68	1.46	1.03	4.46	4.57142857142857	3.89041095890411	1	0	1.19479840824402	-1.11143032483728	-0.405230858923815	0.418730367439644	0.0614020960522401	-1.11561938584449
XB2014-38-3A	EY8	CYU	100.19	26.116	C. yunnanensis	C. yunnanensis subsp. yunanensis	4.97	1.94	1.03	3.28	4.4	2.56185567010309	1	0	1.19479840824402	-1.11143032483728	-0.405230858923815	0.418730367439644	0.0614020960522401	-1.11561938584449
XB2014-38-4A	EY8	CYU	100.19	26.116	C. yunnanensis	C. yunnanensis subsp. yunanensis	4.52	1.35	1.09	3.97	5.09090909090909	3.34814814814815	1	0	1.19479840824402	-1.11143032483728	-0.405230858923815	0.418730367439644	0.0614020960522401	-1.11561938584449
XB2014-38-5A	EY8	CYU	100.19	26.116	C. yunnanensis	C. yunnanensis subsp. yunanensis	4.41	1.4	0.66	1.76	5.07142857142857	3.15	1	0	1.19479840824402	-1.11143032483728	-0.405230858923815	0.418730367439644	0.0614020960522401	-1.11561938584449
XB2014-39-1A	EY9	CPO	100.19	26.116	C. polyantha	C. polyantha var. polyantha	2.81	1.94	0.93	2.41	7.42857142857143	1.44845360824742	1	1	1.19479840824402	-1.11143032483728	-0.405230858923815	0.418730367439644	0.0614020960522401	-1.11561938584449
XB2014-39-2A	EY9	CPO	100.19	26.116	C. polyantha	C. polyantha var. polyantha	2.59	1.39	1.22	2.42	4	1.86330935251799	1	1	1.19479840824402	-1.11143032483728	-0.405230858923815	0.418730367439644	0.0614020960522401	-1.11561938584449
XB2014-39-3A	EY9	CPO	100.19	26.116	C. polyantha	C. polyantha var. polyantha	2.53	1.62	1.15	2.91	5.16666666666667	1.56172839506173	1	1	1.19479840824402	-1.11143032483728	-0.405230858923815	0.418730367439644	0.0614020960522401	-1.11561938584449
XB2014-39-4A	EY9	CPO	100.19	26.116	C. polyantha	C. polyantha var. polyantha	1.96	1.52	0.86	2.13	3.875	1.28947368421053	1	1	1.19479840824402	-1.11143032483728	-0.405230858923815	0.418730367439644	0.0614020960522401	-1.11561938584449
XB2014-39-5A	EY9	CPO	100.19	26.116	C. polyantha	C. polyantha var. polyantha	3.3	1.51	1.16	2.88	3.5	2.18543046357616	1	1	1.19479840824402	-1.11143032483728	-0.405230858923815	0.418730367439644	0.0614020960522401	-1.11561938584449
XB2014-39-6A	EY9	CPO	100.19	26.116	C. polyantha	C. polyantha var. polyantha	2.09	1.35	0.59	2.42	3.2	1.54814814814815	1	1	1.19479840824402	-1.11143032483728	-0.405230858923815	0.418730367439644	0.0614020960522401	-1.11561938584449
XB2014-39-7A	EY9	CPO	100.19	26.116	C. polyantha	C. polyantha var. polyantha	2.85	2.01	1.16	2.22	3.28571428571429	1.41791044776119	1	1	1.19479840824402	-1.11143032483728	-0.405230858923815	0.418730367439644	0.0614020960522401	-1.11561938584449
XB2014-39-8A	EY9	CPO	100.19	26.116	C. polyantha	C. polyantha var. polyantha	3.32	1.8	1.27	3.1	3.71428571428571	1.84444444444444	1	1	1.19479840824402	-1.11143032483728	-0.405230858923815	0.418730367439644	0.0614020960522401	-1.11561938584449
XB2014-4-2A	MN4	CYU	101.876	28.303	C. yunnanensis	C. yunnanensis subsp. filipes	5.17	1.75	0.84	2.8	2.07692307692308	2.95428571428571	1	0	0.748018266917644	-0.578589636416501	0.24564879501134	0.240048012368417	0.441327565375476	-0.674629837824418
XB2014-4-3A	MN4	CYU	101.876	28.303	C. yunnanensis	C. yunnanensis subsp. filipes	4.99	1.76	1.34	3.01	2.76470588235294	2.83522727272727	1	0	0.748018266917644	-0.578589636416501	0.24564879501134	0.240048012368417	0.441327565375476	-0.674629837824418
XB2014-4-4A	MN4	CYU	101.876	28.303	C. yunnanensis	C. yunnanensis subsp. filipes	6.33	2.24	1.85	3.42	4.5	2.82589285714286	1	0	0.748018266917644	-0.578589636416501	0.24564879501134	0.240048012368417	0.441327565375476	-0.674629837824418
XB2014-4-5A	MN4	CYU	101.876	28.303	C. yunnanensis	C. yunnanensis subsp. filipes	4.27	1.21	0.94	3.11	2.36363636363636	3.52892561983471	1	0	0.748018266917644	-0.578589636416501	0.24564879501134	0.240048012368417	0.441327565375476	-0.674629837824418
XB2014-4-6A	MN4	CYU	101.876	28.303	C. yunnanensis	C. yunnanensis subsp. filipes	3.59	1.35	0.89	1.82	3.45454545454545	2.65925925925926	1	0	0.748018266917644	-0.578589636416501	0.24564879501134	0.240048012368417	0.441327565375476	-0.674629837824418
XB2014-4-7A	MN4	CYU	101.876	28.303	C. yunnanensis	C. yunnanensis subsp. filipes	5.32	1.58	1.16	2.76	4.63636363636364	3.36708860759494	1	0	0.748018266917644	-0.578589636416501	0.24564879501134	0.240048012368417	0.441327565375476	-0.674629837824418
XB2014-4-8A	YL9	CYU	100.389	27.178	C. yunnanensis	C. yunnanensis subsp. yunanensis	4.18	1.71	1.13	2.54	3.92307692307692	2.44444444444444	1	0	1.08310337291243	-0.800606589925158	-0.464401736554284	0.686753900046486	0.694611211590967	-0.970014004058684
XB2014-4-9A	YL9	CYU	100.389	27.178	C. yunnanensis	C. yunnanensis subsp. yunanensis	5.85	2.09	1.24	3.51	4.63636363636364	2.79904306220096	1	0	1.08310337291243	-0.800606589925158	-0.464401736554284	0.686753900046486	0.694611211590967	-0.970014004058684
XB2014-48-1A	MN4	CYU	101.876	28.303	C. yunnanensis	C. yunnanensis subsp. filipes	4.89	1.8	1.25	3.54	4.58333333333333	2.71666666666667	1	0	0.748018266917644	-0.578589636416501	0.24564879501134	0.240048012368417	0.441327565375476	-0.674629837824418
XB2014-48-2A	MN4	CYU	101.876	28.303	C. yunnanensis	C. yunnanensis subsp. filipes	4.46	1.71	1.05	3.23	3.46153846153846	2.60818713450292	1	0	0.748018266917644	-0.578589636416501	0.24564879501134	0.240048012368417	0.441327565375476	-0.674629837824418
XB2014-48-3A	YL9	CYU	100.389	27.178	C. yunnanensis	C. yunnanensis subsp. yunanensis	4.74	2.1	1.36	3.98	3.9	2.25714285714286	1	0	1.08310337291243	-0.800606589925158	-0.464401736554284	0.686753900046486	0.694611211590967	-0.970014004058684
XB2014-48-4A	YL9	CYU	100.389	27.178	C. yunnanensis	C. yunnanensis subsp. yunanensis	6.7	1.85	1.56	3.53	4.81818181818182	3.62162162162162	1	0	1.08310337291243	-0.800606589925158	-0.464401736554284	0.686753900046486	0.694611211590967	-0.970014004058684
XB2014-48-5A	YL9	CYU	100.389	27.178	C. yunnanensis	C. yunnanensis subsp. yunanensis	5.86	2.26	1.04	3.07	4.45454545454545	2.5929203539823	1	0	1.08310337291243	-0.800606589925158	-0.464401736554284	0.686753900046486	0.694611211590967	-0.970014004058684
XB2014-48-6A	YL9	CYU	100.389	27.178	C. yunnanensis	C. yunnanensis subsp. yunanensis	4.95	2.28	1.37	4.42	4.22222222222222	2.17105263157895	1	0	1.08310337291243	-0.800606589925158	-0.464401736554284	0.686753900046486	0.694611211590967	-0.970014004058684
XB2014-48-7A	YL9	CYU	100.389	27.178	C. yunnanensis	C. yunnanensis subsp. yunanensis	5.73	1.78	1.29	3.73	6	3.21910112359551	1	0	1.08310337291243	-0.800606589925158	-0.464401736554284	0.686753900046486	0.694611211590967	-0.970014004058684
XB2014-48-9A	YL9	CYU	100.389	27.178	C. yunnanensis	C. yunnanensis subsp. yunanensis	7.25	2.3	1.68	4.85	3.08695652173913	3.15217391304348	1	0	1.08310337291243	-0.800606589925158	-0.464401736554284	0.686753900046486	0.694611211590967	-0.970014004058684
XB26-3B	SC37	CPO	104.998	26.532	C. polyantha	C. polyantha var. polyantha	2.31	1.34	0.47	1.64	3.5	1.72388059701493	1	1	-0.480627121729889	-0.711799808521695	-0.346059981293347	0.686753900046486	-0.445165196378741	0.111824708381728
XB26-4B	SC37	CPO	104.998	26.532	C. polyantha	C. polyantha var. polyantha	2.8	1.69	0.82	1.39	4.27272727272727	1.65680473372781	1	1	-0.480627121729889	-0.711799808521695	-0.346059981293347	0.686753900046486	-0.445165196378741	0.111824708381728
XB26-5B	SC37	CPO	104.998	26.532	C. polyantha	C. polyantha var. polyantha	2.78	1.42	0.63	2.54	4.45454545454545	1.95774647887324	1	1	-0.480627121729889	-0.711799808521695	-0.346059981293347	0.686753900046486	-0.445165196378741	0.111824708381728
XB26-7B	SC37	CPO	104.998	26.532	C. polyantha	C. polyantha var. polyantha	3.08	1.43	0.67	1.55	4.63636363636364	2.15384615384615	1	1	-0.480627121729889	-0.711799808521695	-0.346059981293347	0.686753900046486	-0.445165196378741	0.111824708381728
XuBo982-1A	XS40	CMA	116.196	39.991	C. macrocarpa	C. macrocarpa var. macrocarpa	3.08	2.11	0.75	2.23	4.8	1.45971563981043	0	1	-1.26249236905105	2.86267314296769	1.01487020420743	1.31214214279578	3.29076858529975	1.53680986197341
XuBo982-2A	XS40	CMA	116.196	39.991	C. macrocarpa	C. macrocarpa var. macrocarpa	2.71	2.29	0.53	0.48	2.75	1.18340611353712	0	1	-1.26249236905105	2.86267314296769	1.01487020420743	1.31214214279578	3.29076858529975	1.53680986197341
XuBo982-3A	XS40	CMA	116.196	39.991	C. macrocarpa	C. macrocarpa var. macrocarpa	2.91	1.98	1.23	1.52	3.5	1.46969696969697	0	1	-1.26249236905105	2.86267314296769	1.01487020420743	1.31214214279578	3.29076858529975	1.53680986197341
XuBo982-4A	XS40	CMA	116.196	39.991	C. macrocarpa	C. macrocarpa var. macrocarpa	3.13	2.51	0.69	0.45	3.71428571428571	1.24701195219124	0	1	-1.26249236905105	2.86267314296769	1.01487020420743	1.31214214279578	3.29076858529975	1.53680986197341
XuBo982-5A	XS40	CMA	116.196	39.991	C. macrocarpa	C. macrocarpa var. macrocarpa	3.31	2.41	1.06	0.65	3.28571428571429	1.37344398340249	0	1	-1.26249236905105	2.86267314296769	1.01487020420743	1.31214214279578	3.29076858529975	1.53680986197341
XubBo-1037-1A	LN46	N	105.066	33.316	C. macrocarpa	C. macrocarpa f. microphylla	2.09	1.47	0.68	0.94	4.71428571428571	1.42176870748299	0	1	-0.815712227724671	0.686906998582846	-0.0797910319562378	-2.26150495862877	-0.445165196378741	0.878803375495504
XubBo1030-10A	LN46	N	105.066	33.316	C. macrocarpa	C. macrocarpa f. microphylla	2.62	1.43	0.75	1.61	3.85714285714286	1.83216783216783	0	1	-0.815712227724671	0.686906998582846	-0.0797910319562378	-2.26150495862877	-0.445165196378741	0.878803375495504
XubBo1030-1A	LN46	N	105.066	33.316	C. macrocarpa	C. macrocarpa f. microphylla	5.99	2.35	1.78	3.28	5.11111111111111	2.54893617021277	0	1	-0.815712227724671	0.686906998582846	-0.0797910319562378	-2.26150495862877	-0.445165196378741	0.878803375495504
XubBo1030-3A	LN46	N	105.066	33.316	C. macrocarpa	C. macrocarpa f. microphylla	3.47	2.21	0.92	2.48	5.25	1.57013574660634	0	1	-0.815712227724671	0.686906998582846	-0.0797910319562378	-2.26150495862877	-0.445165196378741	0.878803375495504
XubBo1030-5A	LN46	N	105.066	33.316	C. macrocarpa	C. macrocarpa f. microphylla	4.27	2.13	0.92	2.35	5.71428571428571	2.00469483568075	0	1	-0.815712227724671	0.686906998582846	-0.0797910319562378	-2.26150495862877	-0.445165196378741	0.878803375495504
XubBo1030-6A	LN46	N	105.066	33.316	C. macrocarpa	C. macrocarpa f. microphylla	2.36	1.37	0.76	1.8	4.71428571428571	1.72262773722628	0	1	-0.815712227724671	0.686906998582846	-0.0797910319562378	-2.26150495862877	-0.445165196378741	0.878803375495504
XubBo1030-8A	LN46	N	105.066	33.316	C. macrocarpa	C. macrocarpa f. microphylla	2.99	1.38	0.88	2.5	4.75	2.16666666666667	0	1	-0.815712227724671	0.686906998582846	-0.0797910319562378	-2.26150495862877	-0.445165196378741	0.878803375495504
XubBo1030-9A	LN46	N	105.066	33.316	C. macrocarpa	C. macrocarpa f. microphylla	3.64	2.18	1.13	2.78	5.5	1.6697247706422	0	1	-0.815712227724671	0.686906998582846	-0.0797910319562378	-2.26150495862877	-0.445165196378741	0.878803375495504
XubBo1051-10A	WX48	CMA	105.113	32.818	C. macrocarpa	C. macrocarpa var. hupehensis	6.93	3.4	1.77	3.48	5.63636363636364	2.03823529411765	0	1	-0.927407263056264	0.553696826477651	0.719015816055089	-1.36809318327263	0.124723007606113	0.760093255313444
XubBo1051-1A	WX48	CMA	105.113	32.818	C. macrocarpa	C. macrocarpa var. hupehensis	5.07	2.83	1.47	2.66	6	1.79151943462898	0	1	-0.927407263056264	0.553696826477651	0.719015816055089	-1.36809318327263	0.124723007606113	0.760093255313444
XubBo1051-2A	WX48	CMA	105.113	32.818	C. macrocarpa	C. macrocarpa var. hupehensis	7.23	3.32	2.25	3.67	6.55555555555556	2.17771084337349	0	1	-0.927407263056264	0.553696826477651	0.719015816055089	-1.36809318327263	0.124723007606113	0.760093255313444
XubBo1051-3A	WX48	CMA	105.113	32.818	C. macrocarpa	C. macrocarpa var. hupehensis	6.06	3.41	1.8	3.4	5.18181818181818	1.77712609970674	0	1	-0.927407263056264	0.553696826477651	0.719015816055089	-1.36809318327263	0.124723007606113	0.760093255313444
XubBo1051-4A	WX48	CMA	105.113	32.818	C. macrocarpa	C. macrocarpa var. hupehensis	5.95	3.11	1.86	3.75	5.11111111111111	1.91318327974277	0	1	-0.927407263056264	0.553696826477651	0.719015816055089	-1.36809318327263	0.124723007606113	0.760093255313444
XubBo1051-7A	WX48	CMA	105.113	32.818	C. macrocarpa	C. macrocarpa var. hupehensis	6.3	3.08	2.59	4.09	7.5	2.04545454545455	0	1	-0.927407263056264	0.553696826477651	0.719015816055089	-1.36809318327263	0.124723007606113	0.760093255313444
XubBo1051-8A	WX48	CMA	105.113	32.818	C. macrocarpa	C. macrocarpa var. hupehensis	5.66	3.36	1.42	3.5	4.6	1.68452380952381	0	1	-0.927407263056264	0.553696826477651	0.719015816055089	-1.36809318327263	0.124723007606113	0.760093255313444
XubBo1051-9A	WX48	CMA	105.113	32.818	C. macrocarpa	C. macrocarpa var. hupehensis	4.98	2.78	1.72	3.91	5.71428571428571	1.79136690647482	0	1	-0.927407263056264	0.553696826477651	0.719015816055089	-1.36809318327263	0.124723007606113	0.760093255313444
Xubo01402-2A	YS26	CYU	100.748	26.581	C. polyantha	C. polyantha var. polyantha	5.94	0.85	1	3.29	4.11111111111111	6.98823529411765	1	1	1.08310337291243	-0.84500998062689	-0.0797910319562378	0.329389189904031	0.504648476929349	-0.938945339792285
Xubo01402-3A	YS26	CYU	100.748	26.581	C. polyantha	C. polyantha var. polyantha	5.46	0.98	0.92	2.06	6.11111111111111	5.57142857142857	1	1	1.08310337291243	-0.84500998062689	-0.0797910319562378	0.329389189904031	0.504648476929349	-0.938945339792285
Xubo01402-4A	YS26	CYU	100.748	26.581	C. polyantha	C. polyantha var. polyantha	5.6	0.98	0.9	2.84	5.375	5.71428571428571	1	1	1.08310337291243	-0.84500998062689	-0.0797910319562378	0.329389189904031	0.504648476929349	-0.938945339792285
Xubo01402-5A	YS26	CYU	100.748	26.581	C. polyantha	C. polyantha var. polyantha	4.13	1.11	1.04	3.53	4.42857142857143	3.72072072072072	1	1	1.08310337291243	-0.84500998062689	-0.0797910319562378	0.329389189904031	0.504648476929349	-0.938945339792285
Xubo01402-6A	YS26	CYU	100.748	26.581	C. polyantha	C. polyantha var. polyantha	6.18	1.13	1.26	2.81	5.875	5.46902654867257	1	1	1.08310337291243	-0.84500998062689	-0.0797910319562378	0.329389189904031	0.504648476929349	-0.938945339792285
Xubo01402-7A	YS26	CYU	100.748	26.581	C. polyantha	C. polyantha var. polyantha	7.21	0.79	1.05	3.09	6	9.12658227848101	1	1	1.08310337291243	-0.84500998062689	-0.0797910319562378	0.329389189904031	0.504648476929349	-0.938945339792285
Xubo01402-8A	YS26	CYU	100.748	26.581	C. polyantha	C. polyantha var. polyantha	7.74	1.46	1.4	3	4	5.3013698630137	1	1	1.08310337291243	-0.84500998062689	-0.0797910319562378	0.329389189904031	0.504648476929349	-0.938945339792285
Xubo01402-9A	YS26	CYU	100.748	26.581	C. polyantha	C. polyantha var. polyantha	6.43	1.34	1.62	2.8	6	4.79850746268657	1	1	1.08310337291243	-0.84500998062689	-0.0797910319562378	0.329389189904031	0.504648476929349	-0.938945339792285
YLZB4703-2A	SM3	CYU	102.278	29.313	C. yunnanensis	C. yunnanensis subsp. filipes	3.24	1.42	1.02	1.88	1.75	2.28169014084507	1	0	-0.257237051066701	-0.356572682907844	1.01487020420743	-0.176877482797781	0.188043919159985	-0.533661570108222
YLZB4703-3A	SM3	CYU	102.278	29.313	C. yunnanensis	C. yunnanensis subsp. filipes	4.11	2.18	1.36	2.31	6.5	1.88532110091743	1	0	-0.257237051066701	-0.356572682907844	1.01487020420743	-0.176877482797781	0.188043919159985	-0.533661570108222
YLZB4703-5A	SM3	CYU	102.278	29.313	C. yunnanensis	C. yunnanensis subsp. filipes	4.64	1.66	1.27	2.13	2	2.79518072289157	1	0	-0.257237051066701	-0.356572682907844	1.01487020420743	-0.176877482797781	0.188043919159985	-0.533661570108222
YLZB4703-7A	SM3	CYU	102.278	29.313	C. yunnanensis	C. yunnanensis subsp. filipes	2.81	1.61	0.85	1.95	1.9	1.74534161490683	1	0	-0.257237051066701	-0.356572682907844	1.01487020420743	-0.176877482797781	0.188043919159985	-0.533661570108222
YLZB4715-10A	MY1	CYU	101.91	27.122	C. yunnanensis	C. yunnanensis subsp. filipes	6.08	0.88	8.7	3.25	7.77777777777778	6.90909090909091	1	0	0.971408337580831	-0.489782855013038	0.65984493842462	0.7760950775821	0.75793212314484	-0.777110058762837
YLZB4715-1A	MY1	CYU	101.91	27.122	C. yunnanensis	C. yunnanensis subsp. filipes	4.32	0.87	7.64	3.07	9.4	4.96551724137931	1	0	0.971408337580831	-0.489782855013038	0.65984493842462	0.7760950775821	0.75793212314484	-0.777110058762837
YLZB4715-2A	MY1	CYU	101.91	27.122	C. yunnanensis	C. yunnanensis subsp. filipes	10.21	1.3	12.46	3.52	7.85714285714286	7.85384615384615	1	0	0.971408337580831	-0.489782855013038	0.65984493842462	0.7760950775821	0.75793212314484	-0.777110058762837
YLZB4715-5A	MY1	CYU	101.91	27.122	C. yunnanensis	C. yunnanensis subsp. filipes	6.21	1.23	10.27	3	8	5.04878048780488	1	0	0.971408337580831	-0.489782855013038	0.65984493842462	0.7760950775821	0.75793212314484	-0.777110058762837
YLZB4715-6A	MY1	CYU	101.91	27.122	C. yunnanensis	C. yunnanensis subsp. filipes	4.03	0.95	4.23	1.64	5.6	4.2421052631579	1	0	0.971408337580831	-0.489782855013038	0.65984493842462	0.7760950775821	0.75793212314484	-0.777110058762837
YLZB4715-7A	MY1	CYU	101.91	27.122	C. yunnanensis	C. yunnanensis subsp. filipes	5.94	1.45	9.5	2.35	11.1666666666667	4.09655172413793	1	0	0.971408337580831	-0.489782855013038	0.65984493842462	0.7760950775821	0.75793212314484	-0.777110058762837
YLZB4715-8A	MY1	CYU	101.91	27.122	C. yunnanensis	C. yunnanensis subsp. filipes	5.65	0.92	6.63	3.32	5.57142857142857	6.14130434782609	1	0	0.971408337580831	-0.489782855013038	0.65984493842462	0.7760950775821	0.75793212314484	-0.777110058762837
YLZB4715-9A	MY1	CYU	101.91	27.122	C. yunnanensis	C. yunnanensis subsp. filipes	7.06	0.78	6.91	2.08	7	9.05128205128205	1	0	0.971408337580831	-0.489782855013038	0.65984493842462	0.7760950775821	0.75793212314484	-0.777110058762837
YLZB4735-10A	YSXC51	CPO	104.416	23.506	C. polyantha	C. polyantha var. polyantha	2.56	1.65	0.53	3.09	3.90909090909091	1.55151515151515	1	1	0.301238125591268	-1.51106084115286	0.156892478565637	0.984557825165199	-0.381844284824869	0.132228010288019
YLZB4735-1A	YSXC51	CPO	104.416	23.506	C. polyantha	C. polyantha var. polyantha	1.64	1.25	0.37	1.55	2.61111111111111	1.312	1	1	0.301238125591268	-1.51106084115286	0.156892478565637	0.984557825165199	-0.381844284824869	0.132228010288019
YLZB4735-2A	YSXC51	CPO	104.416	23.506	C. polyantha	C. polyantha var. polyantha	2.59	1.56	0.46	1.53	4.16666666666667	1.66025641025641	1	1	0.301238125591268	-1.51106084115286	0.156892478565637	0.984557825165199	-0.381844284824869	0.132228010288019
YLZB4735-3A	YSXC51	CPO	104.416	23.506	C. polyantha	C. polyantha var. polyantha	2.31	1.14	0.51	2.67	4.7	2.02631578947368	1	1	0.301238125591268	-1.51106084115286	0.156892478565637	0.984557825165199	-0.381844284824869	0.132228010288019
YLZB4735-5A	YSXC51	CPO	104.416	23.506	C. polyantha	C. polyantha var. polyantha	2.85	1.55	0.54	3.36	3.33333333333333	1.83870967741935	1	1	0.301238125591268	-1.51106084115286	0.156892478565637	0.984557825165199	-0.381844284824869	0.132228010288019
YLZB4735-6A	YSXC51	CPO	104.416	23.506	C. polyantha	C. polyantha var. polyantha	3.06	1.51	0.54	2.34	3.83333333333333	2.02649006622517	1	1	0.301238125591268	-1.51106084115286	0.156892478565637	0.984557825165199	-0.381844284824869	0.132228010288019
YLZB4735-8A	YSXC51	CPO	104.416	23.506	C. polyantha	C. polyantha var. polyantha	2.93	1.61	0.67	2.9	4.6	1.81987577639752	1	1	0.301238125591268	-1.51106084115286	0.156892478565637	0.984557825165199	-0.381844284824869	0.132228010288019
YLZB4735-9A	YSXC51	CPO	104.416	23.506	C. polyantha	C. polyantha var. polyantha	3.71	1.44	0.85	2.41	3.84615384615385	2.57638888888889	1	1	0.301238125591268	-1.51106084115286	0.156892478565637	0.984557825165199	-0.381844284824869	0.132228010288019
YLZB4816-11A	ASCD52	CPO	106.023	26.453	C. polyantha	C. polyantha f. leiocarpa	2.51	1.14	0.25	3.14	3.2	2.20175438596491	1	1	-0.815712227724671	-0.467581159662172	0.689430377239855	1.34192253530765	-0.698448842594232	0.484184968171548
YLZB4816-3A	ASCD52	CPO	106.023	26.453	C. polyantha	C. polyantha f. leiocarpa	1.85	1.13	0.41	1.25	3.45454545454545	1.63716814159292	1	1	-0.815712227724671	-0.467581159662172	0.689430377239855	1.34192253530765	-0.698448842594232	0.484184968171548
YLZB4816-4A	ASCD52	CPO	106.023	26.453	C. polyantha	C. polyantha f. leiocarpa	2.63	1.59	0.76	2.3	4.5	1.65408805031447	1	1	-0.815712227724671	-0.467581159662172	0.689430377239855	1.34192253530765	-0.698448842594232	0.484184968171548
YLZB4816-6A	ASCD52	CPO	106.023	26.453	C. polyantha	C. polyantha f. leiocarpa	2.72	1.45	0.72	2.71	4.72727272727273	1.87586206896552	1	1	-0.815712227724671	-0.467581159662172	0.689430377239855	1.34192253530765	-0.698448842594232	0.484184968171548
YLZB4816-7A	ASCD52	CPO	106.023	26.453	C. polyantha	C. polyantha f. leiocarpa	2.06	1.37	0.46	1.04	4.18181818181818	1.5036496350365	1	1	-0.815712227724671	-0.467581159662172	0.689430377239855	1.34192253530765	-0.698448842594232	0.484184968171548
YLZB4816-8A	ASCD52	CPO	106.023	26.453	C. polyantha	C. polyantha f. leiocarpa	2.13	1.18	0.42	1.65	4.25	1.80508474576271	1	1	-0.815712227724671	-0.467581159662172	0.689430377239855	1.34192253530765	-0.698448842594232	0.484184968171548
YLZB4816-9A	ASCD52	CPO	106.023	26.453	C. polyantha	C. polyantha f. leiocarpa	2.56	1.42	0.47	1.49	4.25	1.80281690140845	1	1	-0.815712227724671	-0.467581159662172	0.689430377239855	1.34192253530765	-0.698448842594232	0.484184968171548
ZXL277-1A	YY12	CMA	113.343	34.731	C. macrocarpa	C. macrocarpa var. macrocarpa	5.83	3.49	1.64	3.72	3.77777777777778	1.67048710601719	0	1	-0.927407263056264	2.10781550103825	1.45865178643595	-1.3978735757845	-0.508486107932614	1.83497629664944
ZXL277-2A	YY12	CMA	113.343	34.731	C. macrocarpa	C. macrocarpa var. macrocarpa	5.06	2.81	1.71	4.24	3	1.80071174377224	0	1	-0.927407263056264	2.10781550103825	1.45865178643595	-1.3978735757845	-0.508486107932614	1.83497629664944
ZXL277-3A	YY12	CMA	113.343	34.731	C. macrocarpa	C. macrocarpa var. macrocarpa	4.4	2.5	1.21	3.22	4.55555555555556	1.76	0	1	-0.927407263056264	2.10781550103825	1.45865178643595	-1.3978735757845	-0.508486107932614	1.83497629664944
ZXL277-4A	YY12	CMA	113.343	34.731	C. macrocarpa	C. macrocarpa var. macrocarpa	4.65	2.33	1.52	3.88	4.5	1.99570815450644	0	1	-0.927407263056264	2.10781550103825	1.45865178643595	-1.3978735757845	-0.508486107932614	1.83497629664944
ZXL277-5A	YY12	CMA	113.343	34.731	C. macrocarpa	C. macrocarpa var. macrocarpa	5.99	2.94	1.27	3.68	3.23076923076923	2.03741496598639	0	1	-0.927407263056264	2.10781550103825	1.45865178643595	-1.3978735757845	-0.508486107932614	1.83497629664944
ZXL277-6A	YY12	CMA	113.343	34.731	C. macrocarpa	C. macrocarpa var. macrocarpa	4.81	2.42	1.04	2.86	3.5	1.98760330578512	0	1	-0.927407263056264	2.10781550103825	1.45865178643595	-1.3978735757845	-0.508486107932614	1.83497629664944
ZXL277-7A	YY12	CMA	113.343	34.731	C. macrocarpa	C. macrocarpa var. macrocarpa	8.39	4.07	1.54	4.33	4.45454545454545	2.06142506142506	0	1	-0.927407263056264	2.10781550103825	1.45865178643595	-1.3978735757845	-0.508486107932614	1.83497629664944
ZXL277-8A	YY12	CMA	113.343	34.731	C. macrocarpa	C. macrocarpa var. macrocarpa	4.78	2.05	1.42	3.58	2.70588235294118	2.33170731707317	0	1	-0.927407263056264	2.10781550103825	1.45865178643595	-1.3978735757845	-0.508486107932614	1.83497629664944
ZXL79-1A	CZ25	CMA	118.279	32.275	C. macrocarpa	C. macrocarpa var. macrocarpa	6.46	3.19	2.14	4.44	5.61538461538461	2.02507836990596	0	1	-1.48588243971423	1.26415107770535	1.60657898051212	0.567632329999001	-1.71158342745619	2.03344477882882
ZXL79-2A	CZ25	CMA	118.279	32.275	C. macrocarpa	C. macrocarpa var. macrocarpa	4.42	2.76	1.4	3.75	4.6	1.60144927536232	0	1	-1.48588243971423	1.26415107770535	1.60657898051212	0.567632329999001	-1.71158342745619	2.03344477882882
ZXL79-3A	CZ25	CMA	118.279	32.275	C. macrocarpa	C. macrocarpa var. macrocarpa	3.82	2.62	1.23	4.19	4.1	1.45801526717557	0	1	-1.48588243971423	1.26415107770535	1.60657898051212	0.567632329999001	-1.71158342745619	2.03344477882882
ZXL79-4A	CZ25	CMA	118.279	32.275	C. macrocarpa	C. macrocarpa var. macrocarpa	4.55	2.88	1.16	4.61	4.08333333333333	1.57986111111111	0	1	-1.48588243971423	1.26415107770535	1.60657898051212	0.567632329999001	-1.71158342745619	2.03344477882882
ZXL79-5A	CZ25	CMA	118.279	32.275	C. macrocarpa	C. macrocarpa var. macrocarpa	4.84	3.15	1.24	3.99	5.15384615384615	1.53650793650794	0	1	-1.48588243971423	1.26415107770535	1.60657898051212	0.567632329999001	-1.71158342745619	2.03344477882882
ZXL79-6A	CZ25	CMA	118.279	32.275	C. macrocarpa	C. macrocarpa var. macrocarpa	5.14	3.44	1.61	5.34	4.44444444444444	1.49418604651163	0	1	-1.48588243971423	1.26415107770535	1.60657898051212	0.567632329999001	-1.71158342745619	2.03344477882882
ZXL79-7A	CZ25	CMA	118.279	32.275	C. macrocarpa	C. macrocarpa var. macrocarpa	4.13	2.55	1.13	4.1	4.45454545454545	1.61960784313725	0	1	-1.48588243971423	1.26415107770535	1.60657898051212	0.567632329999001	-1.71158342745619	2.03344477882882
xubo266-2A	XY36	CMA	114.08	31.81	C. macrocarpa	C. macrocarpa var. macrocarpa	3.63	1.55	0.42	0.4	2.69230769230769	2.34193548387097	0	1	-1.48588243971423	1.10873921024929	1.31072459235978	0.53785193748713	-1.83822525056394	1.61842306959857
xubo266-3A	XY36	CMA	114.08	31.81	C. macrocarpa	C. macrocarpa var. macrocarpa	3.89	1.98	1.05	2.19	4	1.96464646464646	0	1	-1.48588243971423	1.10873921024929	1.31072459235978	0.53785193748713	-1.83822525056394	1.61842306959857
xubo266-4A	XY36	CMA	114.08	31.81	C. macrocarpa	C. macrocarpa var. macrocarpa	4.72	2.84	1.09	3.96	3.77777777777778	1.66197183098592	0	1	-1.48588243971423	1.10873921024929	1.31072459235978	0.53785193748713	-1.83822525056394	1.61842306959857
xubo266-5A	XY36	CMA	114.08	31.81	C. macrocarpa	C. macrocarpa var. macrocarpa	4.59	2.77	1.29	3.85	5	1.65703971119134	0	1	-1.48588243971423	1.10873921024929	1.31072459235978	0.53785193748713	-1.83822525056394	1.61842306959857
xubo266-6A	XY36	CMA	114.08	31.81	C. macrocarpa	C. macrocarpa var. macrocarpa	7.09	4.29	2.19	5.7	4.33333333333333	1.65268065268065	0	1	-1.48588243971423	1.10873921024929	1.31072459235978	0.53785193748713	-1.83822525056394	1.61842306959857
xubo266-8A	XY36	CMA	114.08	31.81	C. macrocarpa	C. macrocarpa var. macrocarpa	6.85	3.59	1.86	4.43	6.625	1.90807799442897	0	1	-1.48588243971423	1.10873921024929	1.31072459235978	0.53785193748713	-1.83822525056394	1.61842306959857
xubo266-9A	XY36	CMA	114.08	31.81	C. macrocarpa	C. macrocarpa var. macrocarpa	5.37	3.36	1.77	4.43	3.7	1.59821428571429	0	1	-1.48588243971423	1.10873921024929	1.31072459235978	0.53785193748713	-1.83822525056394	1.61842306959857
zhuzm1009-10A	KM42	CPO	102.605	24.992	C. polyantha	C. polyantha var. polyantha	1.61	1.02	0.4	1.9	4.77777777777778	1.57843137254902	1	1	0.859713302249238	-1.24464049694247	-0.346059981293347	0.508071544975258	0.124723007606113	-0.756243045449584
zhuzm1009-2A	KM42	CPO	102.605	24.992	C. polyantha	C. polyantha var. polyantha	1.69	0.91	0.35	2.11	4.44444444444444	1.85714285714286	1	1	0.859713302249238	-1.24464049694247	-0.346059981293347	0.508071544975258	0.124723007606113	-0.756243045449584
zhuzm1009-3A	KM42	CPO	102.605	24.992	C. polyantha	C. polyantha var. polyantha	2.71	1.29	0.73	2.59	5.625	2.10077519379845	1	1	0.859713302249238	-1.24464049694247	-0.346059981293347	0.508071544975258	0.124723007606113	-0.756243045449584
zhuzm1009-6A	KM42	CPO	102.605	24.992	C. polyantha	C. polyantha var. polyantha	1.28	0.89	0.33	1.08	5.125	1.43820224719101	1	1	0.859713302249238	-1.24464049694247	-0.346059981293347	0.508071544975258	0.124723007606113	-0.756243045449584
zhuzm1009-7A	KM42	CPO	102.605	24.992	C. polyantha	C. polyantha var. polyantha	1.73	1.12	0.49	2.33	4.25	1.54464285714286	1	1	0.859713302249238	-1.24464049694247	-0.346059981293347	0.508071544975258	0.124723007606113	-0.756243045449584
zhuzm1009-8A	KM42	CPO	102.605	24.992	C. polyantha	C. polyantha var. polyantha	2.42	1.05	0.43	1.67	5.875	2.3047619047619	1	1	0.859713302249238	-1.24464049694247	-0.346059981293347	0.508071544975258	0.124723007606113	-0.756243045449584
