chr	start	end	statistic	top_percent
HiC_scaffold11	30400001	30410000	Fst_Cpo_Cyu	1
HiC_scaffold11	30460001	30470000	Fst_Cpo_Cyu	1
HiC_scaffold11	31560001	31570000	Fst_Cpo_Cyu	1
HiC_scaffold11	33340001	33350000	Fst_Cpo_Cyu	1
HiC_scaffold11	34140001	34150000	Fst_Cpo_Cyu	1
HiC_scaffold11	34150001	34160000	Fst_Cpo_Cyu	1
HiC_scaffold11	34680001	34690000	Fst_Cpo_Cyu	1
HiC_scaffold11	31560001	31570000	Mean_fst_sym	1
HiC_scaffold11	33520001	33530000	Mean_fst_sym	1
HiC_scaffold11	34680001	34690000	Mean_fst_sym	1
HiC_scaffold11	35050001	35060000	Mean_fst_sym	1
HiC_scaffold11	39750001	39760000	Mean_fst_sym	1
HiC_scaffold11	31390001	31400000	species_trio_fd_recomputed	1
HiC_scaffold11	35250001	35260000	species_trio_fd_recomputed	1
HiC_scaffold11	35330001	35340000	species_trio_fd_recomputed	1
HiC_scaffold11	36910001	36920000	species_trio_fd_recomputed	1
HiC_scaffold11	38180001	38190000	species_trio_fd_recomputed	1
HiC_scaffold11	39190001	39200000	species_trio_fd_recomputed	1
HiC_scaffold11	39950001	39960000	species_trio_fd_recomputed	1
HiC_scaffold11	40790001	40800000	species_trio_fd_recomputed	1
HiC_scaffold11	43410001	43420000	species_trio_fd_recomputed	1
HiC_scaffold11	43580001	43590000	species_trio_fd_recomputed	1
HiC_scaffold11	43620001	43630000	species_trio_fd_recomputed	1
HiC_scaffold11	43630001	43640000	species_trio_fd_recomputed	1
HiC_scaffold11	45080001	45090000	species_trio_fd_recomputed	1
HiC_scaffold11	45250001	45260000	species_trio_fd_recomputed	1
HiC_scaffold11	46310001	46320000	species_trio_fd_recomputed	1
HiC_scaffold11	46350001	46360000	species_trio_fd_recomputed	1
HiC_scaffold11	46380001	46390000	species_trio_fd_recomputed	1
HiC_scaffold11	46390001	46400000	species_trio_fd_recomputed	1
HiC_scaffold11	46580001	46590000	species_trio_fd_recomputed	1
HiC_scaffold11	46980001	46990000	species_trio_fd_recomputed	1
HiC_scaffold11	47270001	47280000	species_trio_fd_recomputed	1
HiC_scaffold11	49080001	49090000	species_trio_fd_recomputed	1
HiC_scaffold11	33870001	33880000	Mean_f_d_sym_2026	1
HiC_scaffold11	33880001	33890000	Mean_f_d_sym_2026	1
HiC_scaffold11	34340001	34350000	Mean_f_d_sym_2026	1
HiC_scaffold11	35060001	35070000	Mean_f_d_sym_2026	1
HiC_scaffold11	35280001	35290000	Mean_f_d_sym_2026	1
HiC_scaffold11	39450001	39460000	Mean_f_d_sym_2026	1
HiC_scaffold11	39470001	39480000	Mean_f_d_sym_2026	1
HiC_scaffold11	43540001	43550000	Mean_f_d_sym_2026	1
HiC_scaffold11	43570001	43580000	Mean_f_d_sym_2026	1
HiC_scaffold11	43580001	43590000	Mean_f_d_sym_2026	1
HiC_scaffold11	43610001	43620000	Mean_f_d_sym_2026	1
HiC_scaffold11	43620001	43630000	Mean_f_d_sym_2026	1
HiC_scaffold11	44880001	44890000	Mean_f_d_sym_2026	1
HiC_scaffold11	44980001	44990000	Mean_f_d_sym_2026	1
HiC_scaffold11	46310001	46320000	Mean_f_d_sym_2026	1
HiC_scaffold11	46580001	46590000	Mean_f_d_sym_2026	1
HiC_scaffold11	46760001	46770000	Mean_f_d_sym_2026	1
HiC_scaffold11	46980001	46990000	Mean_f_d_sym_2026	1
HiC_scaffold11	47070001	47080000	Mean_f_d_sym_2026	1
HiC_scaffold11	47230001	47240000	Mean_f_d_sym_2026	1
HiC_scaffold11	47260001	47270000	Mean_f_d_sym_2026	1
HiC_scaffold11	47750001	47760000	Mean_f_d_sym_2026	1
HiC_scaffold11	47770001	47780000	Mean_f_d_sym_2026	1
HiC_scaffold11	49080001	49090000	Mean_f_d_sym_2026	1
HiC_scaffold11	49470001	49480000	Mean_f_d_sym_2026	1
