sample	population	morph_group	reference_group	K3_CPO	K3_CYU	K3_CMA	S	H	n	raw_heter	logLik	F1_loss	call_rate	interpretation_scope
2014-128-1A	ML50	CPO	none	0.99998	1e-05	1e-05	0.737691680237307	0.524616639525386	983	0.515768056968464	-775.847296191659	300.643582729953	0.947013487475915	CPO_CYU_exploratory
2014-128-2A	ML50	CPO	none	0.99998	1e-05	1e-05	0.783423964825226	0.433152070349548	966	0.468944099378882	-782.274034481701	441.869658743547	0.930635838150289	CPO_CYU_exploratory
2014-128-3A	ML50	CPO	none	0.99998	1e-05	1e-05	0.729605827742444	0.540788344515111	975	0.510769230769231	-773.141223863511	277.183917840406	0.939306358381503	CPO_CYU_exploratory
2014-128-4A	ML50	CPO	none	0.7496	0.25039	1e-05	0.587531618119271	0.824936763761457	982	0.653767820773931	-755.967317193984	83.7915100676543	0.946050096339114	CPO_CYU_exploratory
2014-128-5A	ML50	CPO	none	0.99998	1e-05	1e-05	0.761027091856867	0.477945816286266	980	0.48265306122449	-804.042023042633	386.080120073995	0.944123314065511	CPO_CYU_exploratory
2014-128-6A	unknown	unknown	none	NA	NA	NA	0.771644462827431	0.448666646563319	985	0.469035532994924	-806.616115294057	400.264044541613	0.948940269749518	NA
2014-128-8A	unknown	unknown	none	NA	NA	NA	0.750809386644791	0.498381226710418	998	0.497995991983968	-802.61459980225	341.195578785627	0.961464354527938	NA
2014-132-2A	ML5	N	none	0.509766	0.490224	1e-05	0.490588040788602	0.981176081577204	1000	0.761	-608.164474352747	0.905951070251831	0.963391136801541	CPO_CYU_exploratory
2014-132-3A	ML5	N	none	0.99998	1e-05	1e-05	0.76392446375787	0.472151072484259	981	0.477064220183486	-809.941947660694	403.204371357263	0.945086705202312	CPO_CYU_exploratory
2014-132-4A	ML5	N	none	0.816042	0.183948	1e-05	0.639931475672629	0.720137048654742	986	0.596348884381339	-782.766298254283	151.651061825053	0.94990366088632	CPO_CYU_exploratory
2014-132-5A	ML5	N	none	0.523477	0.476513	1e-05	0.49183275367627	0.98366550735254	1005	0.787064676616915	-581.396688379951	1.09324332791664	0.968208092485549	CPO_CYU_exploratory
2014-132-6A	ML5	N	none	0.521053	0.478937	1e-05	0.492194667154633	0.984389334309266	1001	0.788211788211788	-589.174944542475	1.16640609631497	0.964354527938343	CPO_CYU_exploratory
2014-132-7A	ML5	N	none	0.510761	0.489229	1e-05	0.464877216710304	0.929754433420607	1012	0.740118577075099	-638.254300039573	11.877480659147	0.97495183044316	CPO_CYU_exploratory
2014-132-8A	ML5	N	none	0.781597	0.218393	1e-05	0.620842735587045	0.746647095435618	1000	0.612	-825.815962771246	152.831809759962	0.963391136801541	CPO_CYU_exploratory
2014-132-9A	ML5	N	none	0.508963	0.491027	1e-05	0.5	1	1009	0.788899900891972	-576.125506008053	0	0.972061657032755	CPO_CYU_exploratory
2014-3-10A	MN34	CPO	none	0.99998	1e-05	1e-05	0.780390926987066	0.422140836114949	983	0.439471007121058	-826.392925658287	450.706923234806	0.947013487475915	CPO_CYU_exploratory
2014-3-3A	MN34	CPO	none	0.99998	1e-05	1e-05	0.754384790765217	0.432219530541991	973	0.439876670092497	-835.015851728613	395.680362149762	0.9373795761079	CPO_CYU_exploratory
2014-3-4A	MN34	CPO	none	0.99998	1e-05	1e-05	0.761468246969142	0.428510288684077	982	0.438900203665988	-837.13614193579	411.051299553533	0.946050096339114	CPO_CYU_exploratory
2014-3-5A	MN34	CPO	none	0.99998	1e-05	1e-05	0.741028148044744	0.448357657285349	969	0.452012383900929	-833.356116402165	349.649318359564	0.933526011560694	CPO_CYU_exploratory
2014-3-6A	MN34	CPO	none	0.99998	1e-05	1e-05	0.719190719409172	0.561618561181656	974	0.507186858316222	-796.988027980343	275.482514017536	0.938342967244701	CPO_CYU_exploratory
2014-3-7A	MN34	CPO	none	0.99998	1e-05	1e-05	0.773795729387649	0.431389300659578	981	0.44750254841998	-828.464900950368	436.023248598109	0.945086705202312	CPO_CYU_exploratory
2014-3-8A	MN34	CPO	none	0.99998	1e-05	1e-05	0.75872171506375	0.425734415229155	980	0.443877551020408	-831.700681867052	395.694942346669	0.944123314065511	CPO_CYU_exploratory
2014-3-9A	MN34	CPO	none	0.99998	1e-05	1e-05	0.765332650559873	0.402617530054081	970	0.438144329896907	-826.879773509892	406.694678594899	0.934489402697495	CPO_CYU_exploratory
2014-66-1A	YL49	CPO	none	0.99998	1e-05	1e-05	0.777989364670498	0.444021270659004	975	0.505641025641026	-751.606291909706	418.192647400731	0.939306358381503	CPO_CYU_exploratory
2014-66-2A	YL49	CPO	none	0.99998	1e-05	1e-05	0.79619462584063	0.40761074831874	983	0.48118006103764	-758.331680112233	430.697691243328	0.947013487475915	CPO_CYU_exploratory
2014-66-3A	YL49	CPO	none	0.999979	1.1e-05	1e-05	0.782572749305964	0.434854501388072	982	0.518329938900204	-737.691689816093	395.983861451769	0.946050096339114	CPO_CYU_exploratory
2014-66-4A	YL49	CPO	none	0.99998	1e-05	1e-05	0.782902714930853	0.434194570138294	993	0.495468277945619	-768.039143092519	415.132821573184	0.956647398843931	CPO_CYU_exploratory
2014-66-5A	YL49	CPO	none	0.99998	1e-05	1e-05	0.757849698929314	0.484300602141372	996	0.546184738955823	-729.423753377732	324.072684051454	0.959537572254335	CPO_CYU_exploratory
2014-66-6A	YL49	CPO	none	0.99998	1e-05	1e-05	0.760690007485887	0.477512932303521	1000	0.519	-783.684556710525	366.070421718234	0.963391136801541	CPO_CYU_exploratory
2014-66-7A	YL49	CPO	none	0.99998	1e-05	1e-05	0.766327698976108	0.467344602047783	971	0.524201853759011	-731.252143784321	347.548543733273	0.935452793834297	CPO_CYU_exploratory
2014-66-8A	YL49	CPO	none	0.99998	1e-05	1e-05	0.794380644699575	0.41123871060085	994	0.507042253521127	-755.75489326171	460.643579567397	0.957610789980732	CPO_CYU_exploratory
DP1709141A	DQS11	CMA	none	1e-05	1e-05	0.99998	0.306332577251533	0.00935016551307456	880	0.152272727272727	-719.445626189489	545.068354363825	0.847784200385356	CMA_or_three_lineage_model_not_valid
DP1709142A	unknown	unknown	none	NA	NA	NA	0.312272923922671	0.0205708872868067	895	0.156424581005587	-738.599477188177	539.222672860007	0.86223506743738	NA
DP1709143A	unknown	unknown	none	NA	NA	NA	0.309824497143506	0.0269742475294833	904	0.157079646017699	-744.720039021812	540.07794744489	0.870905587668593	NA
DP1709144A	DQS11	CMA	none	1e-05	1e-05	0.99998	0.304903482200702	0.00830814610114083	891	0.150392817059484	-728.371243106954	557.556755887582	0.858381502890173	CMA_or_three_lineage_model_not_valid
DP1709145A	unknown	unknown	none	NA	NA	NA	0.307233665596391	0.0538178724023623	887	0.173618940248027	-736.633521368751	488.983533455281	0.854527938342967	NA
DP1709146A	unknown	unknown	none	NA	NA	NA	0.306748045233362	0.036047602571535	838	0.164677804295943	-694.634218182705	492.861718873189	0.807321772639692	NA
DP1709147A	unknown	unknown	none	NA	NA	NA	0.309257821224018	0.0601894906081227	874	0.173913043478261	-729.250762422441	477.044010790176	0.842003853564547	NA
DP1709148A	DQS11	CMA	none	1e-05	1e-05	0.99998	0.308742445184623	0.0375286420388994	895	0.166480446927374	-740.556641025198	507.752118254349	0.86223506743738	CMA_or_three_lineage_model_not_valid
Gln2014-15-10A	LD30	CYU	CYU	1e-05	0.99998	1e-05	0	0	1006	0.188866799204771	-366.642431080283	1319.04689135002	0.969171483622351	CPO_CYU_exploratory
Gln2014-15-1A	LD30	CYU	CYU	1e-05	0.99998	1e-05	0	0	1014	0.171597633136095	-349.657186199086	1394.9417238196	0.976878612716763	CPO_CYU_exploratory
Gln2014-15-3A	LD30	CYU	CYU	1e-05	0.99998	1e-05	0	0	1018	0.176817288801572	-353.841970917134	1393.57319937418	0.980732177263969	CPO_CYU_exploratory
Gln2014-15-4A	LD30	CYU	CYU	1e-05	0.999971	1.9e-05	0	0	992	0.215725806451613	-408.615665351994	1192.63312652095	0.955684007707129	CPO_CYU_exploratory
Gln2014-15-5A	LD30	CYU	none	1e-05	0.99998	1e-05	0.0300529750945524	0.0495034860924876	982	0.258655804480652	-514.660674552419	930.222714768031	0.946050096339114	CPO_CYU_exploratory
Gln2014-15-6A	LD30	CYU	none	1e-05	0.99998	1e-05	0.00575554290046347	0.0115110858009269	989	0.232558139534884	-453.742062160702	1071.22399701599	0.952793834296724	CPO_CYU_exploratory
Gln2014-15-7A	LD30	CYU	none	1e-05	0.99998	1e-05	0.0763090800196641	0.131400795477113	989	0.293225480283114	-605.861755256688	762.284233447562	0.952793834296724	CPO_CYU_exploratory
Gln2014-15-8A	LD30	CYU	none	1e-05	0.99998	1e-05	0.0129938995766132	0.0161411954426034	1012	0.24901185770751	-484.759325890051	1011.04170848499	0.97495183044316	CPO_CYU_exploratory
Gln2014-8-1A	LD06	CPO	none	0.99998	1e-05	1e-05	0.848905019294041	0.302189961411918	995	0.482412060301508	-719.357744408697	613.351127515543	0.958574181117534	CPO_CYU_exploratory
Gln2014-8-2A	LD06	CPO	none	0.99998	1e-05	1e-05	0.84813313020482	0.30373373959036	984	0.463414634146341	-730.807025789744	604.947251865307	0.947976878612717	CPO_CYU_exploratory
Gln2014-8-4A	LD06	CPO	none	0.99998	1e-05	1e-05	0.795269028394451	0.409461943211099	976	0.526639344262295	-721.796725353938	445.379411075861	0.940269749518304	CPO_CYU_exploratory
Gln2014-8-5A	LD06	CPO	none	0.99998	1e-05	1e-05	0.814698867394928	0.370602265210144	1000	0.507	-725.740274321358	474.678134440688	0.963391136801541	CPO_CYU_exploratory
Gln2014-8-6A	LD06	CPO	none	0.99998	1e-05	1e-05	0.804600090130827	0.390799819738345	994	0.51307847082495	-742.497074926419	467.410171851102	0.957610789980732	CPO_CYU_exploratory
Gln2014-8-7A	LD06	CPO	none	0.99998	1e-05	1e-05	0.81026223953292	0.379475520934159	1003	0.507477567298106	-741.269277649832	504.247121980553	0.966281310211946	CPO_CYU_exploratory
Gln2014-8-8A	LD06	CPO	none	0.99998	1e-05	1e-05	0.826209627564083	0.347580744871834	999	0.468468468468468	-767.229592251638	581.088998941619	0.96242774566474	CPO_CYU_exploratory
JLS-BM001-1A	BM31	N	none	1e-05	0.99998	1e-05	0.264189446139823	0.131114640094196	913	0.233296823658269	-766.281452472311	478.180171254439	0.879576107899807	CPO_CYU_exploratory
JLS-BM001-2A	BM31	N	none	1e-05	0.999979	1.1e-05	0.269464871446358	0.133612022088048	911	0.234906695938529	-767.98573029421	464.21276010018	0.877649325626204	CPO_CYU_exploratory
JLS-BM001-3A	BM31	N	none	1e-05	0.99998	1e-05	0.267290705342503	0.128326135489893	906	0.235099337748344	-757.869820445929	456.736451145728	0.872832369942196	CPO_CYU_exploratory
JLS-BM001-4A	BM31	N	none	1e-05	0.99998	1e-05	0.273403519765893	0.11307440519969	896	0.229910714285714	-754.173401727866	465.90534570362	0.863198458574181	CPO_CYU_exploratory
JLS-BM001-5A	BM31	N	none	1e-05	0.99998	1e-05	0.263138460446999	0.134496880996679	913	0.234392113910186	-762.714611522156	464.916870706496	0.879576107899807	CPO_CYU_exploratory
JLS-BM001-6A	BM31	N	none	1e-05	0.99998	1e-05	0.264735085381851	0.152050219980172	928	0.242456896551724	-779.557635983018	459.424092149958	0.89402697495183	CPO_CYU_exploratory
JLS-BM001-7A	BM31	N	none	1e-05	0.99998	1e-05	0.272554499382206	0.0854464796880012	837	0.210274790919952	-702.612780550782	481.37228145351	0.80635838150289	CPO_CYU_exploratory
JLS-BM001-8A	BM31	N	none	1e-05	0.99998	1e-05	0.268770272705217	0.137845562624569	909	0.235423542354235	-763.590318366116	455.414662153353	0.875722543352601	CPO_CYU_exploratory
JLS-CY022-10A	CY32	CPO	CPO	0.99998	1e-05	1e-05	0.864063480840555	0.27187303831889	996	0.477911646586345	-706.492930752506	652.773394877004	0.959537572254335	CPO_CYU_exploratory
JLS-CY022-11A	CY32	CPO	CPO	0.99998	1e-05	1e-05	0.909805076766583	0.180389846466834	958	0.419624217118998	-688.807370887451	820.666467071458	0.922928709055877	CPO_CYU_exploratory
JLS-CY022-12A	unknown	unknown	none	NA	NA	NA	0.809391236182437	0.381217527635127	980	0.487755102040816	-751.256858082472	503.159576651023	0.944123314065511	NA
JLS-CY022-13A	unknown	unknown	none	NA	NA	NA	0.798932729174419	0.402134541651161	976	0.489754098360656	-757.049632792337	468.829580987449	0.940269749518304	NA
JLS-CY022-4A	CY32	CPO	CPO	0.99998	1e-05	1e-05	0.882303194108997	0.235393611782007	996	0.456827309236948	-717.692318510862	748.87292759086	0.959537572254335	CPO_CYU_exploratory
JLS-CY022-5A	CY32	CPO	CPO	0.99998	1e-05	1e-05	0.848565527486498	0.302868945027003	974	0.479466119096509	-719.486676471551	648.188591955451	0.938342967244701	CPO_CYU_exploratory
JLS-CY022-6A	CY32	CPO	none	0.99998	1e-05	1e-05	0.818948726308808	0.362102547382384	898	0.488864142538975	-676.63185094352	490.994299982533	0.865125240847784	CPO_CYU_exploratory
JLS-CY022-7A	CY32	CPO	none	0.99998	1e-05	1e-05	0.817227669579094	0.365544660841813	888	0.486486486486487	-678.18194586873	493.60722754207	0.855491329479769	CPO_CYU_exploratory
Sha-WS-1A	WS14	CMA	none	1e-05	1e-05	0.99998	0.352677221037714	0.0312144727056319	956	0.170502092050209	-815.406458109336	540.311672923218	0.921001926782274	CMA_or_three_lineage_model_not_valid
Sha-WS-2A	WS14	CMA	none	1e-05	1e-05	0.99998	0.346861503763521	0.0329689887427098	966	0.167701863354037	-819.844714211326	551.660386382534	0.930635838150289	CMA_or_three_lineage_model_not_valid
Sha-WS-3A	WS14	CMA	none	1e-05	1.9e-05	0.999971	0.337207817944519	0.0215832775603994	981	0.161060142711519	-819.64897089445	566.293209021041	0.945086705202312	CMA_or_three_lineage_model_not_valid
Sha-WS-4A	WS14	CMA	none	1e-05	1.8e-05	0.999972	0.325154794030307	0.0269626063598078	942	0.16135881104034	-781.93330330042	544.497455180721	0.907514450867052	CMA_or_three_lineage_model_not_valid
Sha-WS-5A	WS14	CMA	none	1e-05	1.8e-05	0.999972	0.327156940082341	0.0372081746929407	957	0.165099268547544	-801.280423796305	549.622818054404	0.921965317919075	CMA_or_three_lineage_model_not_valid
Sha-WS-6A	WS14	CMA	none	1e-05	1e-05	0.99998	0.319321984083701	0.0300622334593871	955	0.162303664921466	-786.422732076873	542.565065708894	0.920038535645472	CMA_or_three_lineage_model_not_valid
Sha-WS-7A	WS14	CMA	none	1e-05	1e-05	0.99998	0.338278046988914	0.0235552658193835	964	0.158713692946058	-808.207749103108	561.660232553939	0.928709055876686	CMA_or_three_lineage_model_not_valid
Sha-WS-8A	WS14	CMA	none	1e-05	1e-05	0.99998	0.337547685928138	0.0378313844525782	960	0.170833333333333	-811.78380118045	538.097710617806	0.92485549132948	CMA_or_three_lineage_model_not_valid
THP-SET_1917-1A	MK27	CPO	none	0.99998	1e-05	1e-05	0.688820572750567	0.612236584758563	984	0.50609756097561	-828.709093547681	226.251518403579	0.947976878612717	CPO_CYU_exploratory
THP-SET_1917-2A	MK27	CPO	none	0.962805	0.037185	1e-05	0.716628050302412	0.566743899395176	1000	0.53	-810.909632100668	294.098090921575	0.963391136801541	CPO_CYU_exploratory
THP-SET_1917-3A	MK27	CPO	none	0.99998	1e-05	1e-05	0.687960349972068	0.618579634303026	985	0.517766497461929	-821.602205483593	211.242484307202	0.948940269749518	CPO_CYU_exploratory
THP-SET_1917-4A	MK27	CPO	none	0.99998	1e-05	1e-05	0.696836673162968	0.599722429846978	954	0.515723270440252	-798.971021864776	227.993508404218	0.91907514450867	CPO_CYU_exploratory
THP-SET_1917-5A	MK27	CPO	none	0.99998	1e-05	1e-05	0.669026473877492	0.656778080795417	985	0.539086294416244	-799.029206818231	168.505707575567	0.948940269749518	CPO_CYU_exploratory
THP-SET_1917-6A	MK27	CPO	none	0.99998	1e-05	1e-05	0.724829271595118	0.550341456809763	992	0.497983870967742	-810.789052595819	274.440233818657	0.955684007707129	CPO_CYU_exploratory
THP-SET_1917-7A	MK27	CPO	none	0.99998	1e-05	1e-05	0.690441337660301	0.581576434500296	987	0.499493414387031	-842.320636879034	242.548411907095	0.950867052023121	CPO_CYU_exploratory
THP-SET_1917-8A	MK27	CPO	none	0.99998	1e-05	1e-05	0.691592117495819	0.555599766426525	958	0.485386221294363	-822.874368278517	240.643485649553	0.922928709055877	CPO_CYU_exploratory
XB2014-144-2A	SM35	CYU	none	1e-05	0.99998	1e-05	0.175095495937186	0.213538763785733	967	0.298862461220269	-743.475676245641	554.442815514928	0.931599229287091	CPO_CYU_exploratory
XB2014-144-3A	SM35	CYU	none	1e-05	0.99998	1e-05	0.150016036441301	0.173269119419078	963	0.279335410176532	-711.236155642894	619.859520013067	0.927745664739884	CPO_CYU_exploratory
XB2014-144-4A	SM35	CYU	none	0.030343	0.969647	1e-05	0.197677678189601	0.250010767706116	976	0.304303278688525	-777.35564874046	516.103619715947	0.940269749518304	CPO_CYU_exploratory
XB2014-144-5A	SM35	CYU	none	1e-05	0.999971	1.9e-05	0.154384138644507	0.231777464755222	975	0.305641025641026	-714.030719131578	558.476197940455	0.939306358381503	CPO_CYU_exploratory
XB2014-144-6A	SM35	CYU	none	1e-05	0.99997	2e-05	0.128363333473289	0.0953622720748373	943	0.226935312831389	-667.412599487907	722.766787711385	0.908477842003854	CPO_CYU_exploratory
XB2014-144-7A	SM35	CYU	none	1e-05	0.99998	1e-05	0.157526882226417	0.210909299092379	983	0.305188199389624	-729.538768221756	576.875448422272	0.947013487475915	CPO_CYU_exploratory
XB2014-144-8A	SM35	CYU	none	1e-05	0.999972	1.8e-05	0.16474438324363	0.223965535168843	965	0.298445595854922	-729.241372789974	558.122820936341	0.929672447013488	CPO_CYU_exploratory
XB2014-144-9A	SM35	CYU	none	1e-05	0.999977	1.3e-05	0.148430961039514	0.155738604788649	967	0.265770423991727	-713.521608525602	646.360724556509	0.931599229287091	CPO_CYU_exploratory
XB2014-38-2A	EY8	CYU	none	1e-05	0.999978	1.2e-05	0.00821979758492859	0.0164395951698572	1005	0.230845771144279	-463.184676046008	1023.15235822842	0.968208092485549	CPO_CYU_exploratory
XB2014-38-3A	EY8	CYU	none	1e-05	0.99998	1e-05	0.0147308592022356	0.0224005351768938	985	0.233502538071066	-436.323277973825	1051.05295309692	0.948940269749518	CPO_CYU_exploratory
XB2014-38-4A	EY8	CYU	none	1e-05	0.99998	1e-05	0.0107109689577008	0.0214219379154015	991	0.217961654894046	-468.543869000951	1045.32970797237	0.954720616570328	CPO_CYU_exploratory
XB2014-38-5A	EY8	CYU	none	0.99998	1e-05	1e-05	0.806054875620785	0.387890248758431	989	0.499494438827098	-743.910116786869	496.129126558484	0.952793834296724	CPO_CYU_exploratory
XB2014-38-6A	EY9	CPO	none	1e-05	0.999976	1.4e-05	0.000575016615177414	0.00115003323035483	999	0.233233233233233	-422.522326692725	1076.83110887089	0.96242774566474	CPO_CYU_exploratory
XB2014-39-1A	EY9	CPO	none	0.99998	1e-05	1e-05	0.823559300375135	0.352881399249731	988	0.495951417004049	-734.533162080553	556.333717404397	0.951830443159923	CPO_CYU_exploratory
XB2014-39-2A	EY9	CPO	none	0.99998	1e-05	1e-05	0.778555753289165	0.44288849342167	1003	0.548354935194417	-722.128395359126	394.197008065886	0.966281310211946	CPO_CYU_exploratory
XB2014-39-3A	EY9	CPO	none	0.99998	1e-05	1e-05	0.799389174628771	0.401221650742457	957	0.525600835945664	-692.863187899558	420.367342290401	0.921965317919075	CPO_CYU_exploratory
XB2014-39-4A	EY9	CPO	none	0.99998	1e-05	1e-05	0.805666570156355	0.38866685968729	964	0.508298755186722	-713.309060960886	455.383991901272	0.928709055876686	CPO_CYU_exploratory
XB2014-39-5A	EY9	CPO	none	0.99998	1e-05	1e-05	0.811443589675303	0.377112820649394	997	0.505516549648947	-732.854471086983	477.592709986515	0.960500963391137	CPO_CYU_exploratory
XB2014-39-6A	EY9	CPO	none	0.999976	1.4e-05	1e-05	0.802491123350282	0.395017753299437	1002	0.501996007984032	-754.100371186891	464.907576824553	0.965317919075145	CPO_CYU_exploratory
XB2014-39-7A	EY9	CPO	none	0.99998	1e-05	1e-05	0.787688662981448	0.424622674037103	997	0.519558676028084	-754.845712218823	432.714292474478	0.960500963391137	CPO_CYU_exploratory
XB2014-39-8A	EY9	CPO	none	0.99998	1e-05	1e-05	0.792881838356683	0.414236323286633	994	0.519114688128773	-740.865166637659	439.688596669623	0.957610789980732	CPO_CYU_exploratory
XB2014-4-2A	MN4	CYU	CYU	1e-05	0.99998	1e-05	0	0	1005	0.144278606965174	-317.796408295858	1485.31854952508	0.968208092485549	CPO_CYU_exploratory
XB2014-4-3A	MN4	CYU	CYU	1e-05	0.99998	1e-05	0	0	990	0.182828282828283	-372.48264280929	1298.42596284422	0.953757225433526	CPO_CYU_exploratory
XB2014-4-4A	MN4	CYU	CYU	1e-05	0.99998	1e-05	0	0	1012	0.153162055335968	-314.301671439727	1470.22654092798	0.97495183044316	CPO_CYU_exploratory
XB2014-4-5A	MN4	CYU	CYU	1e-05	0.99998	1e-05	0	0	1021	0.154750244857982	-348.697413606452	1478.51246463115	0.983622350674374	CPO_CYU_exploratory
XB2014-4-6A	MN4	CYU	none	1e-05	0.99998	1e-05	0	0	994	0.191146881287726	-382.408116658384	1272.85937564651	0.957610789980732	CPO_CYU_exploratory
XB2014-4-7A	MN4	CYU	none	1e-05	0.99998	1e-05	0	0	1001	0.221778221778222	-404.201247228204	1174.20945410194	0.964354527938343	CPO_CYU_exploratory
XB2014-4-8A	YL9	CYU	CYU	1e-05	0.99998	1e-05	0	0	1007	0.194637537239325	-380.417499836451	1337.32603996882	0.970134874759152	CPO_CYU_exploratory
XB2014-4-9A	YL9	CYU	CYU	1e-05	0.999976	1.4e-05	0	0	1019	0.162904808635918	-348.79263903745	1452.08759334802	0.981695568400771	CPO_CYU_exploratory
XB2014-48-1A	MN4	CYU	none	1e-05	0.99998	1e-05	0	0	1006	0.216699801192843	-393.003098963438	1157.82585563847	0.969171483622351	CPO_CYU_exploratory
XB2014-48-2A	MN4	CYU	none	1e-05	0.99998	1e-05	0	0	1010	0.203960396039604	-409.901884929667	1188.93211972711	0.973025048169557	CPO_CYU_exploratory
XB2014-48-3A	YL9	CYU	CYU	1e-05	0.99998	1e-05	0	0	1009	0.190287413280476	-355.36892543328	1279.25948038354	0.972061657032755	CPO_CYU_exploratory
XB2014-48-4A	YL9	CYU	CYU	1e-05	0.999972	1.8e-05	0	0	1011	0.204747774480712	-375.978528200086	1222.38155240807	0.973988439306358	CPO_CYU_exploratory
XB2014-48-5A	YL9	CYU	none	1e-05	0.999978	1.2e-05	0.00288002641895129	0	997	0.218655967903711	-413.232371659946	1141.3981169285	0.960500963391137	CPO_CYU_exploratory
XB2014-48-6A	YL9	CYU	none	1e-05	0.999976	1.4e-05	0.00348362454438199	0.00696724908876399	995	0.224120603015075	-428.248448595876	1085.13274999708	0.958574181117534	CPO_CYU_exploratory
XB2014-48-7A	YL9	CYU	none	1e-05	0.999976	1.4e-05	0	0	994	0.17907444668008	-376.986474970894	1249.27482586905	0.957610789980732	CPO_CYU_exploratory
XB2014-48-9A	YL9	CYU	none	1e-05	0.999976	1.4e-05	0	0	989	0.193124368048534	-366.074600748867	1218.67542528544	0.952793834296724	CPO_CYU_exploratory
XB26-11B	unknown	unknown	none	NA	NA	NA	0.989187971289554	0.021624057420891	994	0.357142857142857	-623.941336742184	1159.52390843475	0.957610789980732	NA
XB26-12B	unknown	unknown	none	NA	NA	NA	1	0	1009	0.315163528245788	-567.219851893473	1377.65992224087	0.972061657032755	NA
XB26-13B	unknown	unknown	none	NA	NA	NA	1	0	1001	0.331668331668332	-589.540432807243	1335.56085280219	0.964354527938343	NA
XB26-3B	SC37	CPO	CPO	0.99998	1e-05	1e-05	1	0	991	0.253279515640767	-506.640295112737	1674.08950007276	0.954720616570328	CPO_CYU_exploratory
XB26-4B	SC37	CPO	CPO	0.99998	1e-05	1e-05	1	0	961	0.263267429760666	-483.161156299508	1584.42085061599	0.925818882466281	CPO_CYU_exploratory
XB26-5B	SC37	CPO	CPO	0.99998	1e-05	1e-05	1	0	1011	0.294757665677547	-530.358482745491	1550.7669824854	0.973988439306358	CPO_CYU_exploratory
XB26-7B	SC37	CPO	CPO	0.99998	1e-05	1e-05	1	0	1005	0.34228855721393	-570.430230829259	1280.96988650381	0.968208092485549	CPO_CYU_exploratory
XuBo-97-11B	unknown	unknown	none	NA	NA	NA	0.330369257212175	0.024918209559314	987	0.155015197568389	-818.108955509395	570.714004820892	0.950867052023121	NA
XuBo-97-2B	unknown	unknown	none	NA	NA	NA	0.31656421608211	0.0104988676822831	973	0.154162384378212	-795.332838619805	589.380172851392	0.9373795761079	NA
XuBo-97-3B	unknown	unknown	none	NA	NA	NA	0.325554682212979	0.0221862839794376	962	0.158004158004158	-797.077728188764	559.212273466183	0.926782273603083	NA
XuBo-97-4B	unknown	unknown	none	NA	NA	NA	0.323704200124028	0.00895170062676618	965	0.157512953367876	-797.110613363465	573.468963452472	0.929672447013488	NA
XuBo-97-5B	unknown	unknown	none	NA	NA	NA	0.32303364877513	0.0144360269836901	957	0.153605015673981	-789.552355811928	573.072879208818	0.921965317919075	NA
XuBo-97-7B	unknown	unknown	none	NA	NA	NA	0.332420111602235	0.0167641823678296	964	0.156639004149378	-800.262337389631	567.649889330244	0.928709055876686	NA
XuBo-97-8A	unknown	unknown	none	NA	NA	NA	0.325967794698017	0	960	0.146875	-783.275674538139	588.96041176999	0.92485549132948	NA
XuBo-97-9B	unknown	unknown	none	NA	NA	NA	0.334902518964281	0.0176313824981303	964	0.156639004149378	-800.913640063895	566.392191503012	0.928709055876686	NA
XuBo982-1A	XS40	CMA	none	1e-05	1e-05	0.99998	0.315612995594801	0	993	0.110775427995972	-784.976832209289	724.569932142069	0.956647398843931	CMA_or_three_lineage_model_not_valid
XuBo982-2A	XS40	CMA	none	1e-05	1.2e-05	0.999978	0.307828568626911	0	980	0.120408163265306	-770.652198664911	680.84376882123	0.944123314065511	CMA_or_three_lineage_model_not_valid
XuBo982-3A	XS40	CMA	none	1e-05	1e-05	0.99998	0.305056751447313	0	987	0.120567375886525	-773.548468352607	701.981387891792	0.950867052023121	CMA_or_three_lineage_model_not_valid
XuBo982-4A	XS40	CMA	none	1e-05	1e-05	0.99998	0.302685559348792	0	948	0.102320675105485	-728.918422169121	723.93139389839	0.913294797687861	CMA_or_three_lineage_model_not_valid
XuBo982-5A	XS40	CMA	none	1e-05	1e-05	0.99998	0.317828461708754	0	995	0.101507537688442	-773.305102606707	736.203653824368	0.958574181117534	CMA_or_three_lineage_model_not_valid
XuBo982-6A	unknown	unknown	none	NA	NA	NA	0.316537713109912	0	984	0.0955284552845529	-761.771826625932	743.932963685103	0.947976878612717	NA
XuBo982-7A	unknown	unknown	none	NA	NA	NA	0.319074774728083	0	981	0.100917431192661	-763.001447081697	720.325745290195	0.945086705202312	NA
XuBo982-8A	unknown	unknown	none	NA	NA	NA	0.306993541888351	0	999	0.114114114114114	-779.138209744462	712.271069396416	0.96242774566474	NA
XubBo-1037-1A	LN46	N	none	1e-05	0.999975	1.5e-05	0.32907049717414	0.163004144861124	912	0.245614035087719	-800.116541805361	395.21953195914	0.878612716763006	CPO_CYU_exploratory
XubBo-1037-2A	TB43	CMA	none	1e-05	0.972816	0.027174	0.313457068936599	0.157892279593668	919	0.239390642002176	-802.285185846854	436.23078102056	0.885356454720617	CMA_or_three_lineage_model_not_valid
XubBo-1037-3A	TB43	CMA	none	1e-05	0.965856	0.034134	0.323261600238125	0.169141097253836	893	0.249720044792833	-778.962280052727	380.186336165326	0.860308285163776	CMA_or_three_lineage_model_not_valid
XubBo-1037-4A	TB43	CMA	none	1e-05	0.999978	1.2e-05	0.320612541071228	0.13764203557377	913	0.234392113910186	-797.746434440344	442.525754351107	0.879576107899807	CMA_or_three_lineage_model_not_valid
XubBo-1037-5A	TB43	CMA	none	1e-05	0.972155	0.027835	0.314575613346875	0.166490368910142	872	0.248853211009174	-762.57204152189	393.904248750788	0.840077071290944	CMA_or_three_lineage_model_not_valid
XubBo-1037-6A	TB43	CMA	none	1e-05	0.999978	1.2e-05	0.300523101850216	0.155625299093026	874	0.24141876430206	-755.959024894018	421.759380151924	0.842003853564547	CMA_or_three_lineage_model_not_valid
XubBo-1037-7A	TB43	CMA	none	1e-05	0.985916	0.014074	0.325257590827495	0.185974663498685	864	0.256944444444444	-763.13271801921	374.674681893056	0.832369942196532	CMA_or_three_lineage_model_not_valid
XubBo-1037-8A	TB43	CMA	none	1e-05	0.99998	1e-05	0.320502281297871	0.168070147238514	822	0.246958637469586	-719.374288884446	365.616924690427	0.791907514450867	CMA_or_three_lineage_model_not_valid
XubBo1030-10A	LN46	N	none	1e-05	1e-05	0.99998	0.32364567029523	0.006983849848771	947	0.154171066525871	-781.040941853696	575.183652327254	0.91233140655106	CMA_or_three_lineage_model_not_valid
XubBo1030-1A	LN46	N	none	1e-05	1e-05	0.99998	0.327123556098795	0.0198205655546689	939	0.157614483493078	-777.491005912475	548.414601013123	0.904624277456647	CMA_or_three_lineage_model_not_valid
XubBo1030-3A	LN46	N	none	1e-05	1e-05	0.99998	0.31702783010761	0.00764588030090998	922	0.1529284164859	-756.782115811944	572.638124340408	0.888246628131021	CMA_or_three_lineage_model_not_valid
XubBo1030-4A	unknown	unknown	none	NA	NA	NA	0.321077956662991	0.00285081827065754	939	0.148029818956337	-769.106173350265	589.39014489627	0.904624277456647	NA
XubBo1030-5A	LN46	N	none	1e-05	1e-05	0.99998	0.330610194997347	0.0199859957678634	896	0.15625	-744.729854434422	526.261223055645	0.863198458574181	CMA_or_three_lineage_model_not_valid
XubBo1030-6A	LN46	N	none	1e-05	1e-05	0.99998	0.312169087833827	0.0298282996200112	938	0.165245202558635	-771.851669340796	538.776118091042	0.903660886319846	CMA_or_three_lineage_model_not_valid
XubBo1030-8A	LN46	N	none	1e-05	1.9e-05	0.999971	0.322971048578967	0	953	0.144805876180483	-777.743044821367	598.473967112235	0.918111753371869	CMA_or_three_lineage_model_not_valid
XubBo1030-9A	LN46	N	none	1e-05	1.1e-05	0.999979	0.332994897874003	0.0267457544977134	909	0.162816281628163	-764.527301262368	528.932816292529	0.875722543352601	CMA_or_three_lineage_model_not_valid
XubBo1051-10A	WX48	CMA	none	1e-05	1e-05	0.99998	0.275078170119645	0.0765198426404474	954	0.193920335429769	-789.620348932203	533.24786619973	0.91907514450867	CMA_or_three_lineage_model_not_valid
XubBo1051-1A	WX48	CMA	none	1e-05	1e-05	0.99998	0.273667314835059	0.117723117350873	955	0.218848167539267	-801.103979838983	500.799429337464	0.920038535645472	CMA_or_three_lineage_model_not_valid
XubBo1051-2A	WX48	CMA	none	1e-05	1e-05	0.99998	0.255828083366728	0.0932372667916962	963	0.200415368639668	-784.343938486201	550.534214768198	0.927745664739884	CMA_or_three_lineage_model_not_valid
XubBo1051-3A	WX48	CMA	none	1e-05	1e-05	0.99998	0.321196551385472	0.0204281758072271	917	0.153762268266085	-757.04809728554	555.212382989526	0.883429672447014	CMA_or_three_lineage_model_not_valid
XubBo1051-4A	WX48	CMA	none	1e-05	1e-05	0.99998	0.265933977624599	0.108399488569217	932	0.210300429184549	-772.190692216475	501.10718801559	0.897880539499037	CMA_or_three_lineage_model_not_valid
XubBo1051-7A	WX48	CMA	none	1e-05	1e-05	0.99998	0.276497459235261	0.110005263627206	982	0.213849287169043	-823.84495818453	524.400036669584	0.946050096339114	CMA_or_three_lineage_model_not_valid
XubBo1051-8A	WX48	CMA	none	1e-05	1e-05	0.99998	0.282319133630565	0.115304782711938	969	0.21671826625387	-815.532258495373	500.25625707863	0.933526011560694	CMA_or_three_lineage_model_not_valid
XubBo1051-9A	WX48	CMA	none	1e-05	1e-05	0.99998	0.273295521043164	0.116956417926051	934	0.21627408993576	-779.963279824953	481.134580613826	0.89980732177264	CMA_or_three_lineage_model_not_valid
XubBo2014-131-1A	unknown	unknown	none	NA	NA	NA	0.0438112621317706	0.086253747870104	990	0.254545454545455	-529.677189650968	951.800205792748	0.953757225433526	NA
XubBo2014-131-2A	unknown	unknown	none	NA	NA	NA	0.0354260840011418	0.0380548753358732	968	0.229338842975207	-519.037516282417	959.277472436677	0.932562620423892	NA
XubBo2014-131-3A	unknown	unknown	none	NA	NA	NA	0.0429096057391735	0.0657202813763381	962	0.252598752598753	-520.83495463746	908.937452812079	0.926782273603083	NA
XubBo2014-131-4A	unknown	unknown	none	NA	NA	NA	0.031400096054221	0.0628001921084419	962	0.247401247401247	-482.057482446618	961.874116989886	0.926782273603083	NA
XubBo2014-131-5A	unknown	unknown	none	NA	NA	NA	0.0323669709400731	0.0412825101146839	972	0.222222222222222	-513.551177387348	1014.12291444434	0.936416184971098	NA
XubBo2014-131-6A	unknown	unknown	none	NA	NA	NA	0.0272658411175585	0.0496488169124692	967	0.236814891416753	-480.368620182231	969.505119585358	0.931599229287091	NA
XubBo2014-131-7A	unknown	unknown	none	NA	NA	NA	0.0401562200430006	0.0592126755801614	957	0.234064785788924	-516.030148365597	937.332825377164	0.921965317919075	NA
XubBo2014-131-8A	unknown	unknown	none	NA	NA	NA	0.0299177775658552	0.0598355551317104	953	0.229800629590766	-484.664492687185	985.769560662619	0.918111753371869	NA
Xubo01402-2A	YS26	CYU	none	1e-05	0.99998	1e-05	0	0	993	0.2134944612286	-419.997871127711	1098.81589446102	0.956647398843931	CPO_CYU_exploratory
Xubo01402-3A	YS26	CYU	none	1e-05	0.999975	1.5e-05	0.000538950267781124	0	990	0.21010101010101	-406.661885015085	1112.44473773538	0.953757225433526	CPO_CYU_exploratory
Xubo01402-4A	YS26	CYU	none	1e-05	0.99998	1e-05	0.00234667869914861	0.00469335739829722	998	0.212424849699399	-450.331484171554	1107.77670953922	0.961464354527938	CPO_CYU_exploratory
Xubo01402-5A	YS26	CYU	none	1e-05	0.999975	1.5e-05	0	0	992	0.212701612903226	-394.764529291504	1096.86323305601	0.955684007707129	CPO_CYU_exploratory
Xubo01402-6A	YS26	CYU	none	1e-05	0.999971	1.9e-05	0	0	997	0.200601805416249	-390.255249992647	1176.17366768576	0.960500963391137	CPO_CYU_exploratory
Xubo01402-7A	YS26	CYU	none	1e-05	0.999978	1.2e-05	0	0	1003	0.219341974077767	-384.959800225582	1146.34826978133	0.966281310211946	CPO_CYU_exploratory
Xubo01402-8A	YS26	CYU	none	1e-05	0.99998	1e-05	0	0	1002	0.216566866267465	-412.476620389887	1089.20995697237	0.965317919075145	CPO_CYU_exploratory
Xubo01402-9A	YS26	CYU	none	1e-05	0.99998	1e-05	0	0	982	0.218940936863544	-391.536740199804	1098.70300110205	0.946050096339114	CPO_CYU_exploratory
YLZB4703-2A	SM3	CYU	CYU	1e-05	0.99998	1e-05	0	0	1011	0.208704253214639	-413.458886793741	1238.92464288325	0.973988439306358	CPO_CYU_exploratory
YLZB4703-3A	SM3	CYU	CYU	1e-05	0.99998	1e-05	0	0	1010	0.21980198019802	-434.006034857074	1217.48323833528	0.973025048169557	CPO_CYU_exploratory
YLZB4703-4A	unknown	unknown	none	NA	NA	NA	0.00668550750791106	0.0133710150158221	979	0.239019407558733	-460.618523372116	1055.02003551858	0.943159922928709	NA
YLZB4703-5A	SM3	CYU	CYU	1e-05	0.999971	1.9e-05	0	0	1013	0.200394866732478	-392.207145899422	1292.75524912272	0.975915221579961	CPO_CYU_exploratory
YLZB4703-6A	unknown	unknown	none	NA	NA	NA	0.00729955645695994	0.0145991129139199	999	0.24024024024024	-449.561370985013	1057.85452221223	0.96242774566474	NA
YLZB4703-7A	SM3	CYU	CYU	1e-05	0.99998	1e-05	0	0	1010	0.178217821782178	-364.480621880959	1344.69072464893	0.973025048169557	CPO_CYU_exploratory
YLZB4703-8A	unknown	unknown	none	NA	NA	NA	0.0330062259529883	0.0660124519059767	992	0.268145161290323	-500.386740834674	954.68615410537	0.955684007707129	NA
YLZB4703-9A	SM3	CYU	none	0.004616	0.995374	1e-05	0.0852527197391083	0.15770894172647	997	0.289869608826479	-610.627592576625	849.016370333904	0.960500963391137	CPO_CYU_exploratory
YLZB4715-10A	MY1	CYU	CYU	1e-05	0.99998	1e-05	0	0	1015	0.153694581280788	-332.318291292503	1451.63912219166	0.977842003853565	CPO_CYU_exploratory
YLZB4715-1A	MY1	CYU	CYU	1e-05	0.99998	1e-05	0	0	1004	0.135458167330677	-303.657811166348	1519.29827875715	0.967244701348748	CPO_CYU_exploratory
YLZB4715-2A	MY1	CYU	CYU	1e-05	0.999972	1.8e-05	0	0	1013	0.131293188548865	-292.98867170249	1543.81174088581	0.975915221579961	CPO_CYU_exploratory
YLZB4715-5A	MY1	CYU	CYU	1e-05	0.99998	1e-05	0	0	1010	0.145544554455446	-312.98729342539	1482.68000651471	0.973025048169557	CPO_CYU_exploratory
YLZB4715-6A	MY1	CYU	none	1e-05	0.99998	1e-05	0.0335063660669871	0.0670127321339742	991	0.232088799192735	-477.437783408443	1079.06383204764	0.954720616570328	CPO_CYU_exploratory
YLZB4715-7A	MY1	CYU	none	1e-05	0.99998	1e-05	0.00134910317712832	0	992	0.167338709677419	-372.202290292951	1315.53325542201	0.955684007707129	CPO_CYU_exploratory
YLZB4715-8A	MY1	CYU	none	1e-05	0.99998	1e-05	0.000726829813344701	0	1010	0.168316831683168	-362.160127357961	1335.7995626635	0.973025048169557	CPO_CYU_exploratory
YLZB4715-9A	MY1	CYU	none	1e-05	0.99998	1e-05	0	0	1005	0.162189054726368	-342.333699042612	1364.22906868125	0.968208092485549	CPO_CYU_exploratory
YLZB4735-10A	YSXC51	CPO	CPO	0.99998	1e-05	1e-05	1	0	997	0.211634904714142	-489.605867756375	1821.9650176033	0.960500963391137	CPO_CYU_exploratory
YLZB4735-1A	YSXC51	CPO	CPO	0.99998	1e-05	1e-05	1	0	1005	0.204975124378109	-499.97340295841	1909.20971778858	0.968208092485549	CPO_CYU_exploratory
YLZB4735-2A	YSXC51	CPO	CPO	0.99998	1e-05	1e-05	1	0	1002	0.219560878243513	-491.437986659373	1824.39817263716	0.965317919075145	CPO_CYU_exploratory
YLZB4735-3A	YSXC51	CPO	CPO	0.99998	1e-05	1e-05	1	0	1009	0.177403369672944	-480.015067784227	2043.89320973463	0.972061657032755	CPO_CYU_exploratory
YLZB4735-5A	YSXC51	CPO	none	0.99998	1e-05	1e-05	0.998867124655577	0	966	0.260869565217391	-514.608195647469	1540.72020700841	0.930635838150289	CPO_CYU_exploratory
YLZB4735-6A	YSXC51	CPO	none	0.99998	1e-05	1e-05	1	0	993	0.29103726082578	-543.981279908772	1501.67486502179	0.956647398843931	CPO_CYU_exploratory
YLZB4735-8A	YSXC51	CPO	none	0.99998	1e-05	1e-05	1	0	968	0.273760330578512	-535.927962554782	1482.36477744647	0.932562620423892	CPO_CYU_exploratory
YLZB4735-9A	YSXC51	CPO	none	0.99998	1e-05	1e-05	1	0	988	0.22165991902834	-539.225256287154	1672.84424101185	0.951830443159923	CPO_CYU_exploratory
YLZB4816-11A	ASCD52	CPO	CPO	0.99998	1e-05	1e-05	1	0	1012	0.205533596837945	-504.591286276123	1904.70362136674	0.97495183044316	CPO_CYU_exploratory
YLZB4816-3A	ASCD52	CPO	CPO	0.99998	1e-05	1e-05	1	0	1015	0.203940886699507	-504.684371274462	1945.81391368973	0.977842003853565	CPO_CYU_exploratory
YLZB4816-4A	ASCD52	CPO	CPO	0.99998	1e-05	1e-05	1	0	1006	0.224652087475149	-519.216562566729	1804.45588821046	0.969171483622351	CPO_CYU_exploratory
YLZB4816-5A	unknown	unknown	none	NA	NA	NA	1	0	306	0.297385620915033	-172.222096261269	402.732673416391	0.294797687861272	NA
YLZB4816-6A	ASCD52	CPO	CPO	0.999979	1.1e-05	1e-05	1	0	1018	0.228880157170923	-518.227188280982	1814.68728591095	0.980732177263969	CPO_CYU_exploratory
YLZB4816-7A	ASCD52	CPO	none	0.99998	1e-05	1e-05	1	0	991	0.295660948536832	-566.204889760998	1401.48252693497	0.954720616570328	CPO_CYU_exploratory
YLZB4816-8A	ASCD52	CPO	none	0.99998	1e-05	1e-05	1	0	662	0.208459214501511	-360.062731411908	1121.94408967175	0.63776493256262	low_call_rate
YLZB4816-9A	ASCD52	CPO	none	0.99998	1e-05	1e-05	1	0	977	0.300921187308086	-562.762202294803	1372.23725171598	0.941233140655106	CPO_CYU_exploratory
ZXL277-1A	YY12	CMA	none	1e-05	1.9e-05	0.999971	0.320640341198631	0	965	0.105699481865285	-759.261237548619	716.55549752079	0.929672447013488	CMA_or_three_lineage_model_not_valid
ZXL277-2A	YY12	CMA	none	1e-05	1.7e-05	0.999973	0.322170188358715	0	973	0.110996916752312	-768.863811687981	704.195949867068	0.9373795761079	CMA_or_three_lineage_model_not_valid
ZXL277-3A	YY12	CMA	none	1e-05	1e-05	0.99998	0.317023552543647	0	986	0.128803245436105	-785.792647299603	662.99115306593	0.94990366088632	CMA_or_three_lineage_model_not_valid
ZXL277-4A	YY12	CMA	none	1e-05	1.8e-05	0.999972	0.31985525662387	0	995	0.118592964824121	-792.31553708285	692.787254011721	0.958574181117534	CMA_or_three_lineage_model_not_valid
ZXL277-5A	YY12	CMA	none	1e-05	1e-05	0.99998	0.306135884606943	0	965	0.126424870466321	-764.033815823596	669.725824333575	0.929672447013488	CMA_or_three_lineage_model_not_valid
ZXL277-6A	YY12	CMA	none	1e-05	1e-05	0.99998	0.304614052320364	0	967	0.126163391933816	-767.356041379154	673.812071711453	0.931599229287091	CMA_or_three_lineage_model_not_valid
ZXL277-7A	YY12	CMA	none	1e-05	1e-05	0.99998	0.32235972396066	0	988	0.128542510121457	-794.892845646083	672.474204757413	0.951830443159923	CMA_or_three_lineage_model_not_valid
ZXL277-8A	YY12	CMA	none	1e-05	1.1e-05	0.999979	0.312868963782818	0	984	0.102642276422764	-761.236261961367	717.567475483604	0.947976878612717	CMA_or_three_lineage_model_not_valid
ZXL79-18A	unknown	unknown	none	NA	NA	NA	0.315133861824781	0.10846402583749	905	0.207734806629834	-769.697469064605	435.487717317256	0.871868978805395	NA
ZXL79-1A	CZ25	CMA	none	1e-05	1e-05	0.99998	0.298683945605022	0.0934791597288	920	0.198913043478261	-768.977950230825	467.832718006518	0.886319845857418	CMA_or_three_lineage_model_not_valid
ZXL79-2A	CZ25	CMA	none	1e-05	1e-05	0.99998	0.303953329989074	0.0985332457308726	902	0.201773835920177	-762.373110678768	458.300112212987	0.86897880539499	CMA_or_three_lineage_model_not_valid
ZXL79-3A	CZ25	CMA	none	1e-05	1e-05	0.99998	0.308460347218473	0.104399955894455	895	0.208938547486034	-759.88290019892	433.89035695741	0.86223506743738	CMA_or_three_lineage_model_not_valid
ZXL79-4A	CZ25	CMA	none	1e-05	1e-05	0.99998	0.320374976989542	0.0847791862051848	873	0.194730813287514	-745.775385636556	452.155451837532	0.841040462427746	CMA_or_three_lineage_model_not_valid
ZXL79-5A	CZ25	CMA	none	1e-05	2e-05	0.99997	0.30685539658478	0.121257083213753	925	0.212972972972973	-793.0314983948	453.581797434618	0.891136801541426	CMA_or_three_lineage_model_not_valid
ZXL79-6A	CZ25	CMA	none	1e-05	1.9e-05	0.999971	0.314518132036114	0.112757256843252	852	0.214788732394366	-728.911702542587	415.288102058731	0.820809248554913	CMA_or_three_lineage_model_not_valid
ZXL79-7A	CZ25	CMA	none	1e-05	1e-05	0.99998	0.310618562953028	0.111081843675669	922	0.203904555314534	-784.260771275577	454.818694122156	0.888246628131021	CMA_or_three_lineage_model_not_valid
xubo01410-1A	unknown	unknown	none	NA	NA	NA	0.159612525467938	0.148588415476839	936	0.267094017094017	-694.735761948457	566.114841002763	0.901734104046243	NA
xubo01410-2A	unknown	unknown	none	NA	NA	NA	0.188745750075223	0.145541796337063	947	0.259767687434002	-743.691098104269	573.015299698029	0.91233140655106	NA
xubo01410-3A	unknown	unknown	none	NA	NA	NA	0.218479337710463	0.237210430191966	946	0.302325581395349	-775.951134011537	480.395850404905	0.911368015414258	NA
xubo01410-4A	unknown	unknown	none	NA	NA	NA	0.169299854944521	0.129346207222735	955	0.254450261780105	-724.343322097081	606.444669770742	0.920038535645472	NA
xubo01410-5A	unknown	unknown	none	NA	NA	NA	0.171706227409641	0.145431478891985	919	0.261153427638738	-695.003875534051	535.410316507243	0.885356454720617	NA
xubo01410-6A	unknown	unknown	none	NA	NA	NA	0.195953952554828	0.160439932806456	952	0.26890756302521	-748.563870993893	528.81855817636	0.917148362235067	NA
xubo01410-7A	unknown	unknown	none	NA	NA	NA	0.187047713003197	0.163464158748785	957	0.265412748171369	-749.193887608475	558.519413898484	0.921965317919075	NA
xubo01410-8A	unknown	unknown	none	NA	NA	NA	0.176190695457569	0.152171999058305	936	0.268162393162393	-715.462530372478	544.55023184295	0.901734104046243	NA
xubo266-2A	XY36	CMA	none	1e-05	1e-05	0.99998	0.289775947086776	0.0616092868404243	915	0.175956284153005	-754.865756430505	530.31428479999	0.88150289017341	CMA_or_three_lineage_model_not_valid
xubo266-3A	XY36	CMA	none	1e-05	1e-05	0.99998	0.29726520848931	0.0530297555371967	905	0.169060773480663	-748.189597557776	525.786350310439	0.871868978805395	CMA_or_three_lineage_model_not_valid
xubo266-4A	XY36	CMA	none	1e-05	1e-05	0.99998	0.316283859197614	0.0643165756895906	916	0.176855895196507	-773.67138629646	517.875299515494	0.882466281310212	CMA_or_three_lineage_model_not_valid
xubo266-5A	XY36	CMA	none	1e-05	1e-05	0.99998	0.289244525343309	0.0745095928155022	925	0.187027027027027	-761.722049118653	503.24939274856	0.891136801541426	CMA_or_three_lineage_model_not_valid
xubo266-6A	XY36	CMA	none	1e-05	1e-05	0.99998	0.305900188155457	0.0614804826773558	902	0.178492239467849	-749.107649506084	494.564288955248	0.86897880539499	CMA_or_three_lineage_model_not_valid
xubo266-8A	XY36	CMA	none	1e-05	1e-05	0.99998	0.313273864644038	0.0696926559102417	921	0.183496199782845	-771.806945217288	495.782364668162	0.88728323699422	CMA_or_three_lineage_model_not_valid
xubo266-9A	XY36	CMA	none	1e-05	1e-05	0.99998	0.306345414951856	0.0814193389237661	917	0.185387131952017	-766.077706771344	483.591357466121	0.883429672447014	CMA_or_three_lineage_model_not_valid
zhuzm1009-10A	KM42	CPO	CPO	0.99998	1e-05	1e-05	1	0	1005	0.350248756218905	-571.425723552123	1247.81178878835	0.968208092485549	CPO_CYU_exploratory
zhuzm1009-1A	unknown	unknown	none	NA	NA	NA	0.999731095533961	0.000537808932078332	974	0.320328542094456	-585.998780518127	1310.12714501358	0.938342967244701	NA
zhuzm1009-2A	KM42	CPO	CPO	0.99998	1e-05	1e-05	1	0	1012	0.296442687747036	-547.306848346568	1511.38623598005	0.97495183044316	CPO_CYU_exploratory
zhuzm1009-3A	KM42	CPO	CPO	0.99998	1e-05	1e-05	1	0	999	0.286286286286286	-544.755685984752	1533.78817201894	0.96242774566474	CPO_CYU_exploratory
zhuzm1009-4A	unknown	unknown	none	NA	NA	NA	0.964440430900716	0.0711191381985676	976	0.382172131147541	-626.453124838309	1034.247569165	0.940269749518304	NA
zhuzm1009-6A	KM42	CPO	CPO	0.99998	1e-05	1e-05	1	0	1009	0.275520317145689	-522.64755086043	1612.43669662465	0.972061657032755	CPO_CYU_exploratory
zhuzm1009-7A	KM42	CPO	none	0.99998	1e-05	1e-05	0.969167306084652	0.0616653878306971	982	0.394093686354379	-624.920698814834	1004.36041920546	0.946050096339114	CPO_CYU_exploratory
zhuzm1009-8A	KM42	CPO	none	0.99998	1e-05	1e-05	0.974184442490058	0.0516311150198832	990	0.387878787878788	-612.372689343413	1055.73461957631	0.953757225433526	CPO_CYU_exploratory
