class	S	H	n	raw_heter	logLik	F1_loss
CPO	0.999898698259667	0	1038	0.262042389210019	-629.047062213809	1591.15505385848
CPO	0.99625889298103	0.00748221403793903	1038	0.270712909441233	-649.798019308253	1566.58624378948
CPO	0.995675650484055	0.00633349260206807	1038	0.264932562620424	-676.625400899257	1511.37672483728
CPO	1	0	1038	0.258188824662813	-636.812493195362	1582.52694873713
CPO	0.992107574827499	0.0157848503450013	1038	0.269749518304432	-691.064996814869	1471.12942467032
CPO	0.995759501565445	0.00848099686911075	1038	0.261078998073218	-672.486497393527	1527.57063225372
CPO	0.998643947962835	0.00271210407433098	1038	0.266859344894027	-653.893213351281	1573.29870948968
CPO	1	0	1038	0.269749518304432	-631.296787399442	1518.58280438671
CPO	1	0	1038	0.25626204238921	-633.220293699228	1594.21965860664
CPO	0.997484713099816	0.0050305738003682	1038	0.266859344894027	-647.645369628121	1567.45681804832
CPO	1	0	1038	0.237957610789981	-657.412166037822	1615.16541126955
CPO	1	0	1038	0.263005780346821	-653.672778157724	1567.33316824294
CPO	1	0	1038	0.234104046242775	-612.251346809919	1698.98914454954
CPO	1	0	1038	0.255298651252408	-639.418598025533	1558.35672890572
CPO	0.999453616468939	0.00109276706212202	1038	0.25626204238921	-660.874995741422	1572.17468542535
CPO	0.995134824200227	0.00973035159954627	1038	0.25626204238921	-650.98191587003	1586.98707535168
CPO	0.99987558609644	0.000248827807119989	1038	0.263005780346821	-655.924712235415	1565.29183375533
CPO	1	0	1038	0.265895953757225	-636.098257265818	1576.30958742571
CPO	0.994810324155694	0	1038	0.257225433526012	-679.678868575028	1559.23248065365
CPO	0.987029811702319	0.0259403765953614	1038	0.276493256262042	-676.182378724195	1522.14852335785
CPO	0.998860798173539	0.00227840365292131	1038	0.242774566473988	-653.57037286138	1680.26742814897
CPO	0.999969864100572	6.02717988568147e-05	1038	0.245664739884393	-651.412242876259	1633.74374291487
CPO	0.99756901436486	0.00486197127027888	1038	0.251445086705202	-656.529782530996	1622.76608275666
CPO	0.99210666856916	0.0157866628616796	1038	0.286127167630058	-683.799748565467	1465.71138418925
CPO	1	0	1038	0.257225433526012	-648.335284918309	1578.74302110082
CPO	0.997356967911815	0.00528606417637079	1038	0.25626204238921	-666.477810339396	1577.50403586825
CPO	0.993728658805818	0.012542682388364	1038	0.273603082851638	-669.453301727838	1510.83788113988
CPO	1	0	1038	0.236994219653179	-654.841415492978	1613.95982939764
CPO	1	0	1038	0.246628131021195	-634.35533327815	1637.78132491598
CPO	0.997716025347866	0	1038	0.240847784200385	-659.260006665179	1612.95752970704
CPO	1	0	1038	0.287090558766859	-657.334378015851	1498.41650101391
CPO	0.999392545098339	0.00121490980332128	1038	0.250481695568401	-661.521720980893	1584.19650270278
CPO	0.996223294185963	0.00755341162807432	1038	0.248554913294798	-651.084840741685	1635.79534395659
CPO	1	0	1038	0.249518304431599	-639.641493116956	1618.35355939641
CPO	1	0	1038	0.236994219653179	-642.478548892941	1677.03637456147
CPO	0.995594209375037	0.00881158124992631	1038	0.255298651252408	-664.234952217794	1606.10067483185
CPO	1	0	1038	0.251445086705202	-642.485004223597	1586.85305700728
CPO	0.999048532447325	0	1038	0.249518304431599	-659.936394133587	1620.07110853415
CPO	0.999512351236138	0.000975297527723185	1038	0.238921001926782	-655.958905568835	1673.33940471445
CPO	1	0	1038	0.259152215799615	-640.689315460126	1612.71348456571
CPO	0.998219247235512	0	1038	0.252408477842004	-643.789498165426	1607.36296860903
CPO	1	0	1038	0.242774566473988	-647.311029498815	1626.73382036846
CPO	0.993759322500349	0.0124813549993027	1038	0.270712909441233	-674.495218833101	1507.78772244801
CPO	0.992972280042021	0.00866375113945512	1038	0.266859344894027	-682.058600631903	1510.753493863
CPO	0.9974335448107	0.00513291037859953	1038	0.262042389210019	-653.274053436427	1557.76554502922
CPO	0.999168740867135	0.00166251826573083	1038	0.261078998073218	-645.061225499634	1613.45119468523
CPO	1	0	1038	0.252408477842004	-649.840185736745	1583.86336119568
CPO	1	0	1038	0.259152215799615	-669.428475585342	1529.58306991861
CPO	0.989740388986161	0.0205192220276783	1038	0.29383429672447	-689.641783747589	1411.26880587986
CPO	0.998629092949789	0.00274181410042307	1038	0.257225433526012	-673.980703193107	1557.88481776276
CPO	1	0	1038	0.26878612716763	-648.502180431275	1534.48402009927
CPO	0.995395045595391	0.00920990880921879	1038	0.24373795761079	-667.329379082833	1640.84752512313
CPO	0.996703319358542	0.00659336128291654	1038	0.285163776493256	-667.234562280502	1457.82627713887
CPO	1	0	1038	0.250481695568401	-643.180448406439	1624.47096781604
CPO	0.991887614780921	0.0162247704381588	1038	0.246628131021195	-686.895388632337	1601.82162909674
CPO	0.992894199886588	0.0142116002268231	1038	0.25626204238921	-680.663167618624	1544.4491466085
CPO	1	0	1038	0.275529865125241	-637.563576528017	1494.20677391969
CPO	0.995422221461162	0.00795103893058945	1038	0.260115606936416	-663.790738971009	1588.56423746634
CPO	1	0	1038	0.261078998073218	-651.247866025145	1540.91549400522
CPO	1	0	1038	0.236994219653179	-646.457071787977	1644.17384094083
CPO	0.99785934417466	0	1038	0.228323699421965	-637.1103788445	1665.34096061147
CPO	1	0	1038	0.230250481695568	-647.029941443782	1663.69167013048
CPO	1	0	1038	0.255298651252408	-637.564648339557	1613.4939494471
CPO	1	0	1038	0.263005780346821	-639.055132668622	1595.17789932714
CPO	0.995259493859733	0.00948101228053344	1038	0.277456647398844	-652.904296637429	1526.34781200812
CPO	1	0	1038	0.26878612716763	-645.720642585156	1534.20185240467
CPO	1	0	1038	0.251445086705202	-652.095435608828	1590.90776400793
CPO	1	0	1038	0.245664739884393	-636.00148908952	1638.61754049097
CPO	0.996358413817766	0	1038	0.271676300578035	-654.347601561661	1518.03407429006
CPO	1	0	1038	0.234104046242775	-634.719618388763	1649.95219646747
CPO	0.99886189563584	0.00227620872831913	1038	0.26878612716763	-669.628449897011	1547.60702730288
CPO	1	0	1038	0.259152215799615	-637.148901322649	1575.78460370559
CPO	0.989578104577593	0.0208437908448139	1038	0.260115606936416	-673.565150084546	1546.33085233457
CPO	0.995584781645356	0.00883043670928851	1038	0.263005780346821	-654.053586295017	1566.28813891015
CPO	0.995835325053618	0.00832934989276468	1038	0.267822736030829	-663.504244240442	1547.35137628345
CPO	0.994737232870618	0	1038	0.252408477842004	-676.566938867624	1568.88288078389
CPO	1	0	1038	0.235067437379576	-633.021842551517	1706.74613564501
CPO	0.987135055566995	0.0104714039005365	1038	0.245664739884393	-677.496829302253	1584.49690098551
CPO	1	0	1038	0.251445086705202	-631.890866101167	1634.74166788918
CPO	1	0	1038	0.261078998073218	-649.455224134139	1542.67209560111
CPO	0.991282709572424	0.00779063698920968	1038	0.257225433526012	-685.825761960431	1522.32446224884
CPO	0.997169749655722	0.00566050068855584	1038	0.242774566473988	-668.627120744879	1633.03309318256
CPO	1	0	1038	0.234104046242775	-632.184807609798	1716.16622077885
CPO	0.997524208703389	0.00495158259322237	1038	0.262042389210019	-654.683480068538	1550.74431824208
CPO	1	0	1038	0.270712909441233	-644.537419434678	1555.23385625668
CPO	0.997635675699775	0	1038	0.249518304431599	-665.020218422527	1567.47724693092
CPO	1	0	1038	0.250481695568401	-632.941456918381	1629.4416171509
CPO	1	0	1038	0.251445086705202	-638.859815537151	1582.1478766975
CPO	0.999053731450774	0.00189253709845161	1038	0.276493256262042	-650.164307506266	1542.60962714617
CPO	0.997137969389223	0	1038	0.240847784200385	-639.673846712003	1678.80161055087
CPO	0.996558134464081	0.0068837310718386	1038	0.263005780346821	-663.060719790627	1569.3308877746
CPO	0.9978664487461	0	1038	0.262042389210019	-641.796532131639	1601.37845105369
CPO	0.997806254300824	0.00438749139835193	1038	0.248554913294798	-659.394777929802	1604.7751528669
CPO	0.998394774557497	0.00321045088500604	1038	0.266859344894027	-663.020223820577	1517.52820392768
CPO	0.994385239521222	0.011229520957555	1038	0.247591522157996	-652.593853551423	1634.76920625252
CPO	1	0	1038	0.251445086705202	-642.894915071976	1615.56771692601
CPO	0.994015015144825	0.0119699697103504	1038	0.265895953757225	-666.176654525504	1536.30134833835
CPO	0.995141612370256	0	1038	0.241811175337187	-656.200101328675	1637.35942966738
CPO	1	0	1038	0.252408477842004	-636.150394796003	1610.66773014374
CPO	1	0	1038	0.244701348747592	-641.466276637894	1686.22227177504
CYU	0	0	1038	0.154142581888247	-451.334009777	1400.13198106615
CYU	0.00194291384878871	0.00388582769757743	1038	0.16859344894027	-455.96104954543	1351.92118995298
CYU	0	0	1038	0.149325626204239	-392.608230963506	1481.86593388315
CYU	0.00155512045625582	0.00311024091251164	1038	0.161849710982659	-450.012924816618	1398.35193175273
CYU	0.00990412372376635	0.0198082474475327	1038	0.16859344894027	-469.669344159009	1393.44050360615
CYU	0	0	1038	0.170520231213873	-437.755258435919	1359.88720478749
CYU	0.00499978489493587	0.00999956978987174	1038	0.173410404624277	-453.193532808359	1358.61204528704
CYU	0	0	1038	0.158959537572254	-421.96926144361	1406.27952659381
CYU	0	0	1038	0.152215799614644	-446.260590950163	1396.92310161957
CYU	0.000135380784851162	0.000270761569702324	1038	0.174373795761079	-468.804804966496	1324.23564641939
CYU	0	0	1038	0.180154142581888	-442.421317528856	1328.98445588809
CYU	0.0109092356523408	0.0218184713046815	1038	0.174373795761079	-480.449492885915	1348.03333480157
CYU	0.00883889646294124	0.0176777929258825	1038	0.178227360308285	-487.863818220077	1281.09508495319
CYU	0.00160927723883646	0.00321855447767292	1038	0.161849710982659	-465.264157223207	1337.64287164784
CYU	0.0107710293200933	0.0215420586401866	1038	0.172447013487476	-479.710491449844	1331.78025821886
CYU	0.00539198830245659	0.0107839766049132	1038	0.169556840077071	-465.07124463128	1372.12397402374
CYU	0	0	1038	0.146435452793834	-420.251422782568	1449.17193109601
CYU	0.00449377211814738	0.00898754423629476	1038	0.172447013487476	-445.937229679639	1367.27319548082
CYU	0.00978615381241655	0.0164791051770088	1038	0.160886319845857	-484.38707471402	1335.66492590282
CYU	0.00378000981198529	0	1038	0.172447013487476	-450.337168399457	1323.09230887091
CYU	0	0	1038	0.157032755298651	-431.079938916404	1403.30936592655
CYU	0.00480598285564052	0.00961196571128104	1038	0.169556840077071	-466.175052378636	1363.26536893223
CYU	0	0	1038	0.147398843930636	-429.612658797991	1439.61087267314
CYU	0	0	1038	0.15606936416185	-434.458207654352	1433.92696915296
CYU	0.00750986593251629	0.0150197318650326	1038	0.179190751445087	-470.264800863282	1331.06081072474
CYU	0	0	1038	0.16281310211946	-436.42973828312	1402.02135695263
CYU	0.000951045707603763	0.00190209141520753	1038	0.154142581888247	-441.886846514862	1439.95794797103
CYU	0	0	1038	0.160886319845857	-421.08173350731	1389.38715891727
CYU	0	0	1038	0.154142581888247	-443.142064252532	1407.81953421935
CYU	0.00294708031037824	0	1038	0.152215799614644	-434.025648011747	1426.57026474205
CYU	0.00413224841824695	0.0082644968364939	1038	0.171483622350674	-446.210593174873	1383.98720441803
CYU	0	0	1038	0.160886319845857	-430.727749133147	1391.37880435703
CYU	0	0	1038	0.161849710982659	-425.399554180674	1421.84486501031
CYU	0	0	1038	0.152215799614644	-452.459924603122	1411.19929687136
CYU	0	0	1038	0.160886319845857	-464.784449765789	1353.19454945671
CYU	0	0	1038	0.139691714836224	-415.466366762447	1483.71578408929
CYU	0	0	1038	0.172447013487476	-414.353475873272	1427.32932867121
CYU	0	0	1038	0.158959537572254	-433.220784675343	1416.13655661535
CYU	0	0	1038	0.158959537572254	-427.603145119776	1404.59342795012
CYU	0.00265380758721789	0.00530761517443578	1038	0.157032755298651	-440.615908382413	1397.76191591339
CYU	0	0	1038	0.15606936416185	-428.53106520215	1439.72407036955
CYU	0	0	1038	0.153179190751445	-431.909361162	1450.70721091297
CYU	0.00485450212280909	0.00970900424561819	1038	0.171483622350674	-459.344296044196	1362.20785895982
CYU	0	0	1038	0.148362235067437	-433.394751822976	1414.29275146928
CYU	0.0010396594310643	0.0020793188621286	1038	0.157996146435453	-448.135263938569	1426.64211292333
CYU	0	0	1038	0.165703275529865	-442.15430838637	1349.5746337715
CYU	0.000636054877085459	0	1038	0.157996146435453	-442.819332652719	1411.2754733055
CYU	0.00385622008979882	0.00238596803709213	1038	0.159922928709056	-463.732869630802	1406.65464317929
CYU	0.000467329777933175	0	1038	0.159922928709056	-430.024457171716	1401.64667555626
CYU	0.00178363300766989	0	1038	0.154142581888247	-435.337299797904	1444.95794616101
CYU	0	0	1038	0.157032755298651	-425.068395376484	1438.49955982488
CYU	0.00396601283032579	0.00793202566065159	1038	0.180154142581888	-448.840932911457	1324.97426487575
CYU	0	0	1038	0.148362235067437	-408.778131997703	1459.43675525472
CYU	0	0	1038	0.157996146435453	-432.997122513043	1415.43194200177
CYU	0	0	1038	0.157996146435453	-454.073860129247	1394.25838504667
CYU	0	0	1038	0.159922928709056	-435.646502248461	1413.74742435563
CYU	0	0	1038	0.166666666666667	-461.090990065672	1344.11139737817
CYU	0.00271044022012699	0	1038	0.16281310211946	-437.756570648337	1407.45033843631
CYU	0.00541780284305774	0.0108356056861155	1038	0.159922928709056	-452.758996568956	1379.14456026858
CYU	0.0066482080398716	0.0132964160797432	1038	0.153179190751445	-470.886543279143	1411.17103704797
CYU	0	0	1038	0.169556840077071	-445.051747790297	1342.33015108892
CYU	0.0126934687386642	0.0253869374773285	1038	0.179190751445087	-490.235171919794	1313.33417079502
CYU	0.00772950437834112	0.00886718561457618	1038	0.173410404624277	-462.63259838242	1366.32331133513
CYU	0.00219704839696089	0.00439409679392178	1038	0.174373795761079	-459.993231022036	1367.23572924202
CYU	0.00915955078788916	0.013625779400997	1038	0.180154142581888	-498.180067605389	1267.22756598062
CYU	0	0	1038	0.146435452793834	-437.97055268023	1454.20169657017
CYU	0.00482489360978985	0	1038	0.16859344894027	-462.722123781265	1376.87432789032
CYU	0	0	1038	0.169556840077071	-437.263375565117	1354.24749355451
CYU	0.00636884311060569	0.0127376862212114	1038	0.180154142581888	-473.654615074207	1320.1128220092
CYU	0	0	1038	0.155105973025048	-436.438117502253	1437.80659945505
CYU	0.00545721768794447	0.0109144353758889	1038	0.152215799614644	-472.736191293674	1407.5020378952
CYU	0.000883061998525627	0.00176612399705125	1038	0.175337186897881	-445.273127436219	1332.12779847774
CYU	0.00407789677064691	0.00815579354129383	1038	0.164739884393064	-460.82544821919	1349.15530934043
CYU	0.00556457604595229	0.0111291520919046	1038	0.171483622350674	-466.448812097709	1315.74803909053
CYU	0.000505131487711634	0	1038	0.153179190751445	-428.68329800603	1420.61954702048
CYU	0.00474841356317694	0.000101074306441267	1038	0.163776493256262	-467.77857313174	1357.25975992386
CYU	0	0	1038	0.157032755298651	-424.735237783148	1420.77695650408
CYU	0.00477547991982549	0.00955095983965097	1038	0.173410404624277	-479.010536039787	1330.41836650376
CYU	0	0	1038	0.164739884393064	-426.568333726803	1373.86330323883
CYU	0.00170596124424024	0.00341192248848048	1038	0.171483622350674	-461.522466527673	1341.22839970656
CYU	0	0	1038	0.164739884393064	-450.888238407515	1367.80409978041
CYU	0	0	1038	0.174373795761079	-439.971474840224	1349.98757636072
CYU	0.0032640938620235	0.006528187724047	1038	0.148362235067437	-455.629467566526	1439.3284692025
CYU	0.00608309581252282	0.0121661916250456	1038	0.173410404624277	-471.200150333205	1311.83638137606
CYU	0	0	1038	0.157996146435453	-434.141287783106	1447.92973442269
CYU	0	0	1038	0.159922928709056	-443.157640820434	1385.81010197356
CYU	0	0	1038	0.161849710982659	-433.585198117153	1359.77940411223
CYU	0.00105253775440866	0.00210507550881732	1038	0.165703275529865	-454.345333785314	1389.89336773765
CYU	0.0034899739370378	0.0069799478740756	1038	0.18111753371869	-455.202240309047	1334.90107504731
CYU	0	0	1038	0.167630057803468	-453.196456197161	1384.55650905571
CYU	0	0	1038	0.166666666666667	-427.037645296038	1373.22793223916
CYU	0.00852877170901112	0.0170575434180222	1038	0.178227360308285	-486.70672202785	1315.05503208107
CYU	0	0	1038	0.175337186897881	-446.841893900651	1355.89816884157
CYU	0	0	1038	0.169556840077071	-436.568646072547	1361.0907167395
CYU	0	0	1038	0.159922928709056	-434.515282227647	1389.81273641934
CYU	0	0	1038	0.158959537572254	-426.392596812911	1417.81509669135
CYU	0	0	1038	0.165703275529865	-474.318344332765	1303.94797061782
CYU	0.00134180738674777	0.00268361477349555	1038	0.178227360308285	-442.497172707483	1330.03388177461
CYU	0.00154569805265325	0	1038	0.177263969171484	-431.074017201181	1363.81386878327
CYU	0	0	1038	0.16281310211946	-431.096054370993	1377.89123951114
F1	0.499931716218646	0.999863432437292	1038	0.726396917148362	-661.910382296159	8.55331645652768e-05
F1	0.501594159017386	0.996811681965227	1038	0.745664739884393	-660.205748373308	0.0837382915188982
F1	0.5	1	1038	0.765895953757225	-631.646856676144	0
F1	0.5	1	1038	0.734104046242775	-660.564094363895	0
F1	0.498419433012936	0.987033188649712	1038	0.754335260115607	-659.907719431243	0.55118335897032
F1	0.506504565106804	0.986990869786391	1038	0.736994219653179	-676.815048154412	1.25327206070085
F1	0.50144393177685	0.9971121364463	1038	0.75626204238921	-652.859294797779	0.0719506318966978
F1	0.5	1	1038	0.748554913294798	-650.883599928999	0
F1	0.5	1	1038	0.754335260115607	-638.087473851269	0
F1	0.5	1	1038	0.764932562620424	-632.756820453355	0
F1	0.500221604918512	0.999556790162976	1038	0.745664739884393	-659.552516077456	0.00165137053988929
F1	0.505350690435258	0.989298619129484	1038	0.737957610789981	-672.075429315067	0.713075375623816
F1	0.5	1	1038	0.733140655105973	-661.281958190967	0
F1	0.5	1	1038	0.74373795761079	-655.988393740691	0
F1	0.501431027972344	0.993691965915712	1038	0.742774566473988	-670.42576745783	0.18982223662033
F1	0.5	1	1038	0.740847784200385	-639.535123187088	0
F1	0.499269979502429	0.98706848627818	1038	0.757225433526012	-666.648463405835	0.534669773325845
F1	0.485145629111475	0.97029125822295	1038	0.736994219653179	-675.683488533107	3.20621654727461
F1	0.501333029016958	0.997333941966084	1038	0.746628131021195	-658.790468995381	0.0483760802608231
F1	0.504004482614006	0.991991034771988	1038	0.751445086705202	-654.695165315687	0.477661695503116
F1	0.489189045169882	0.978378090339764	1038	0.733140655105973	-686.12125477938	1.78900353556446
F1	0.499933717922027	0.999867435844054	1038	0.740847784200385	-656.749046627406	5.54496592712894e-05
F1	0.5	1	1038	0.753371868978805	-632.377653342278	0
F1	0.5	1	1038	0.735067437379576	-667.232014876667	0
F1	0.502169101932789	0.995661796134422	1038	0.745664739884393	-663.658642080298	0.136938024211304
F1	0.497908815706402	0.995817631412804	1038	0.732177263969171	-663.227211264242	0.0553255968230815
F1	0.5	1	1038	0.75626204238921	-626.857549931594	0
F1	0.5	1	1038	0.737957610789981	-653.287275124052	0
F1	0.5	1	1038	0.751445086705202	-632.936947147721	0
F1	0.5	1	1038	0.763969171483622	-636.76229209865	0
F1	0.5	1	1038	0.761078998073218	-639.860401037265	0
F1	0.501102218250379	0.997795563499242	1038	0.753371868978805	-655.998449107879	0.0368057541400049
F1	0.500081581698159	0.977325464587173	1038	0.737957610789981	-686.06226184301	1.51028049260378
F1	0.500054964008134	0.999890071983731	1038	0.755298651252408	-645.554742024484	0.000121982589234904
F1	0.501763673185289	0.996472653629422	1038	0.727360308285164	-673.644922452287	0.0928897462506484
F1	0.5	1	1038	0.748554913294798	-638.582924405286	0
F1	0.491928321709474	0.983856643418948	1038	0.736030828516378	-669.321000992985	1.20218840465975
F1	0.5	1	1038	0.779383429672447	-604.862441702291	0
F1	0.5	1	1038	0.740847784200385	-648.817589348607	0
F1	0.499806888929671	0.991567160378793	1038	0.746628131021195	-666.813701748585	0.223159091645471
F1	0.499504465284833	0.999008930569667	1038	0.748554913294798	-646.52305231642	0.00480854980969525
F1	0.5	1	1038	0.755298651252408	-637.25405020241	0
F1	0.491966233666209	0.983932467332419	1038	0.745664739884393	-656.880180137444	1.23232591538181
F1	0.502634825899513	0.994730348200974	1038	0.749518304431599	-666.304077920424	0.235223390434044
F1	0.500148200243606	0.999703599512788	1038	0.74373795761079	-662.524752840243	0.000768687667346057
F1	0.502790113938368	0.994419772123263	1038	0.763005780346821	-655.08802098809	0.230587195604357
F1	0.500670267684784	0.998659464630433	1038	0.75626204238921	-642.004117447789	0.0161333279984319
F1	0.491168440762396	0.972556249809861	1038	0.71868978805395	-708.708640372573	1.77355901878718
F1	0.498761858324769	0.997523716649538	1038	0.75626204238921	-658.683389401247	0.0352717887930112
F1	0.49426408648032	0.982926529704688	1038	0.746628131021195	-675.70853095325	1.02719795174926
F1	0.500002930620449	0.999994138759102	1038	0.761078998073218	-629.119376087632	3.60313038072491e-07
F1	0.498541967084303	0.977920781842099	1038	0.713872832369942	-710.255431103618	1.04272707014559
F1	0.496110224642369	0.992220449284738	1038	0.719653179190751	-681.846708301787	0.221389893804371
F1	0.5	1	1038	0.748554913294798	-638.178277496422	0
F1	0.502561300246477	0.994877399507047	1038	0.758188824662813	-639.559946227378	0.228993722338032
F1	0.504302796661459	0.991394406677082	1038	0.729287090558767	-678.290357286379	0.552387160675266
F1	0.504624129869986	0.990751740260029	1038	0.747591522157996	-654.79484203079	0.639174909469034
F1	0.50562040565283	0.988759188694341	1038	0.730250481695568	-684.633622363369	0.975070211575598
F1	0.502132568750987	0.995734862498025	1038	0.735067437379576	-668.005802455377	0.121452982495725
F1	0.503529731443228	0.992940537113544	1038	0.757225433526012	-648.628293332986	0.359278992951545
F1	0.495568836345821	0.991137672691642	1038	0.763969171483622	-642.350065699478	0.367713704357584
F1	0.5	1	1038	0.745664739884393	-647.305785847686	0
F1	0.49541421615468	0.99082843230936	1038	0.739884393063584	-667.195459218983	0.351819996844824
F1	0.497139279006028	0.994278558012056	1038	0.749518304431599	-659.217279861455	0.103137779148597
F1	0.5	1	1038	0.776493256262042	-612.009144442818	0
F1	0.5	1	1038	0.735067437379576	-660.921228514309	0
F1	0.485859333746711	0.971718667493422	1038	0.717726396917148	-686.799109727156	2.97601561138356
F1	0.50022610220881	0.999547795582381	1038	0.751445086705202	-657.092518742249	0.00164434786086076
F1	0.500276726734824	0.985597373482161	1038	0.740847784200385	-682.191579029472	0.566038903281992
F1	0.498638309555114	0.997276619110228	1038	0.739884393063584	-668.7909945578	0.0341990715600105
F1	0.5	1	1038	0.753371868978805	-639.472437720703	0
F1	0.5	1	1038	0.739884393063584	-647.729942900625	0
F1	0.5	1	1038	0.748554913294798	-645.52611221734	0
F1	0.495449021022753	0.990898042045505	1038	0.742774566473988	-656.444706821983	0.328765782858682
F1	0.501738788746013	0.996522422507973	1038	0.746628131021195	-652.667206510099	0.0742890420249296
F1	0.5	1	1038	0.754335260115607	-638.523935484669	0
F1	0.5	1	1038	0.727360308285164	-675.565694453018	0
F1	0.496815686032289	0.993631372064578	1038	0.771676300578035	-622.36994776433	0.242232797842121
F1	0.501117968787992	0.994309019039402	1038	0.747591522157996	-662.508500621448	0.133371888442639
F1	0.5	1	1038	0.736994219653179	-667.282727874101	0
F1	0.5	1	1038	0.752408477842004	-650.796281848186	0
F1	0.500374253754397	0.999251492491206	1038	0.724470134874759	-671.538364592916	0.00505400148483659
F1	0.499773238838158	0.999546477676316	1038	0.752408477842004	-630.34479347251	0.000955761028308189
F1	0.497481245789433	0.994962491578865	1038	0.764932562620424	-621.719579557661	0.103702930282225
F1	0.5	1	1038	0.763005780346821	-618.478004921223	0
F1	0.495836371465864	0.973676487799206	1038	0.736994219653179	-688.238809606095	1.7181805296068
F1	0.497310255525774	0.992258149821375	1038	0.734104046242775	-675.874381946341	0.130126190521196
F1	0.497242440630136	0.994484881260272	1038	0.752408477842004	-648.568356031086	0.142344031873563
F1	0.491208338535025	0.972032332208749	1038	0.738921001926782	-683.32540451965	2.42821295159808
F1	0.501367179383741	0.986262695479333	1038	0.712909441233141	-709.472748611171	0.448574745778615
F1	0.499848649103523	0.999697298207045	1038	0.75626204238921	-643.698603668674	0.000605914261427642
F1	0.487616979108563	0.975233958217125	1038	0.727360308285164	-679.977454962345	1.87771497013
F1	0.502268048187125	0.995463903625749	1038	0.747591522157996	-657.344740665862	0.181583711682833
F1	0.5	1	1038	0.74373795761079	-662.375826095665	0
F1	0.500254158343632	0.98997655414601	1038	0.749518304431599	-658.920057372047	0.344800073123906
F1	0.508183892958113	0.983632214083773	1038	0.730250481695568	-680.813014956917	1.98202900265642
F1	0.500974678401877	0.998050643196246	1038	0.74373795761079	-655.757532560549	0.0271106869133746
F1	0.502764326222475	0.994471347555049	1038	0.74373795761079	-660.027418252609	0.185771251863912
F1	0.5	1	1038	0.740847784200385	-646.16455244052	0
F1	0.495253443096158	0.990506886192317	1038	0.74373795761079	-664.231759277266	0.331473744984805
F2	0.525107196694531	0.469665636724757	1038	0.465317919075145	-1064.4437194384	346.807109940728
F2	0.501934447466426	0.498692389391085	1038	0.484585741811175	-1057.69508936023	315.414315168795
F2	0.488129307227285	0.466415695954624	1038	0.457610789980732	-1057.15386341188	329.776305806948
F2	0.494621545440355	0.481731418769237	1038	0.464354527938343	-1048.04615489721	306.464126128587
F2	0.512706263897452	0.517726266030268	1038	0.494219653179191	-1053.37991269009	294.08633014894
F2	0.484419113781134	0.461950176370838	1038	0.455684007707129	-1063.82899533627	336.692533463655
F2	0.490296872054367	0.527438098854716	1038	0.488439306358382	-1031.65448216177	262.732741708091
F2	0.462233222443634	0.501065449957196	1038	0.467244701348748	-1033.55952262454	277.853335604909
F2	0.518570254724876	0.482082108093165	1038	0.465317919075145	-1053.74135262245	312.136172641087
F2	0.489202180937821	0.561663099906196	1038	0.514450867052023	-1027.89967073699	249.809870505007
F2	0.516534032615447	0.51946084283769	1038	0.493256262042389	-1045.14213553662	291.99569620016
F2	0.492539521998459	0.469761208401582	1038	0.460500963391137	-1055.63337225121	331.040183176331
F2	0.507131036139133	0.494781797576463	1038	0.476878612716763	-1052.51053265692	308.710959962487
F2	0.50686358216739	0.510148371479918	1038	0.483622350674374	-1045.43186203532	296.823561419302
F2	0.489306203861311	0.536632053361777	1038	0.496146435452794	-1024.63448997729	270.704934259877
F2	0.480854863292487	0.481621230735022	1038	0.467244701348748	-1058.47125375114	317.742447781275
F2	0.494016631620457	0.492837944384636	1038	0.481695568400771	-1058.67197675793	319.275193351183
F2	0.484916650665215	0.513564278857872	1038	0.482658959537572	-1037.44581813742	266.990737566629
F2	0.505535642559706	0.497696231928157	1038	0.467244701348748	-1038.72332451041	279.276780223031
F2	0.488027386314541	0.513320887375334	1038	0.479768786127168	-1034.18658121059	268.592792402922
F2	0.488741528946594	0.545881057064242	1038	0.503853564547206	-1031.04643859182	254.622642051556
F2	0.495948338045064	0.449969133792352	1038	0.453757225433526	-1070.72195655732	354.783764467458
F2	0.464822125743559	0.507046865966474	1038	0.482658959537572	-1048.14403707383	300.757092495451
F2	0.493627636306895	0.483346554547768	1038	0.463391136801541	-1052.70160621335	306.532190707687
F2	0.505211742009616	0.50926254696407	1038	0.488439306358382	-1050.17324714593	306.465923458327
F2	0.505791085354432	0.501978881496143	1038	0.478805394990366	-1049.27305529889	298.729873565045
F2	0.5153158395436	0.535896842840696	1038	0.497109826589595	-1027.77520478115	274.163898296686
F2	0.500985994141634	0.46593052918717	1038	0.456647398843931	-1051.03858116033	315.780655985281
F2	0.50574086175353	0.491298286646936	1038	0.47495183044316	-1051.4188248927	303.520072471609
F2	0.501818743373623	0.552625660271277	1038	0.5	-1017.47072276029	245.168557452897
F2	0.490512142231587	0.521602685257402	1038	0.495183044315992	-1045.06292785418	293.087320741683
F2	0.513172473301884	0.487182550302589	1038	0.475915221579961	-1059.59349080821	315.738727648675
F2	0.486231796526633	0.51255831956466	1038	0.477842003853565	-1036.59599580408	277.623023166353
F2	0.513201468122406	0.505900686514176	1038	0.477842003853565	-1040.2437735768	278.164175734836
F2	0.51493902610665	0.501196866223325	1038	0.483622350674374	-1049.86979458843	307.201610322488
F2	0.49328099238704	0.495504862947927	1038	0.473025048169557	-1045.10616089406	302.512630509734
F2	0.514544024893758	0.496435418148832	1038	0.470134874759152	-1038.50050358414	288.110717936075
F2	0.48256929972656	0.483564551252053	1038	0.465317919075145	-1052.85769420814	308.471486113469
F2	0.514158185121016	0.486837761073888	1038	0.463391136801541	-1049.91418194879	307.32683477602
F2	0.474661971751311	0.537926071933639	1038	0.5	-1037.38477145651	265.520289940577
F2	0.480107127113423	0.572643233769822	1038	0.513487475915222	-1012.20869191851	222.803561134352
F2	0.505128688703976	0.522507632092883	1038	0.492292870905588	-1042.82570803097	278.986609232315
F2	0.501003476836199	0.53509744035633	1038	0.503853564547206	-1045.08160050862	278.849557844025
F2	0.507435209439463	0.496235126456713	1038	0.477842003853565	-1053.56299441709	315.178822810446
F2	0.484635283781189	0.53527862015988	1038	0.503853564547206	-1042.70000137803	273.379841782069
F2	0.500797442328303	0.499978967873859	1038	0.476878612716763	-1043.05975825601	298.998630305831
F2	0.538357326224978	0.49873353951624	1038	0.481695568400771	-1052.03837458154	314.943427865619
F2	0.519121136526898	0.489933341082107	1038	0.471098265895954	-1050.84617639594	315.652007786495
F2	0.480792125664489	0.495490194228225	1038	0.479768786127168	-1051.17004931011	306.990705502889
F2	0.500373195962301	0.475174671830294	1038	0.466281310211946	-1055.50254618858	324.852493341174
F2	0.511584079075487	0.545758600174093	1038	0.501926782273603	-1031.85367637536	253.954429779447
F2	0.490010684390127	0.500614844390025	1038	0.472061657032755	-1036.25321879105	288.627077468813
F2	0.477591416999256	0.518327955269318	1038	0.477842003853565	-1029.8673090148	266.408881465561
F2	0.490223198390925	0.476868514024641	1038	0.465317919075145	-1053.71623049721	328.07094109681
F2	0.52485160370786	0.541756974428041	1038	0.5	-1028.48586294908	249.420273133733
F2	0.497287951731459	0.460588920441748	1038	0.457610789980732	-1061.11316917981	342.969882725629
F2	0.51912840352823	0.535493553221343	1038	0.500963391136802	-1040.64568274052	277.836821971344
F2	0.493849719979573	0.517190330840657	1038	0.485549132947977	-1039.99232603636	282.462570365681
F2	0.48239218284144	0.506498314459205	1038	0.482658959537572	-1047.52668141112	292.977375213155
F2	0.493788340087982	0.526679465734604	1038	0.483622350674374	-1029.08595416243	258.111839557259
F2	0.496369800560435	0.5738792952472	1038	0.51252408477842	-1015.81638808314	222.948642567134
F2	0.496165711968282	0.482931382912127	1038	0.46242774566474	-1044.42888469283	306.8619259472
F2	0.509158542149229	0.511930824772523	1038	0.477842003853565	-1041.49732131173	290.90170245011
F2	0.49601220955683	0.482346520762843	1038	0.46242774566474	-1046.92890828286	304.247192617363
F2	0.517885021562162	0.467863145499593	1038	0.459537572254335	-1055.37854746227	331.667275824398
F2	0.502496510485196	0.462255551074958	1038	0.453757225433526	-1053.29982997338	320.241295815617
F2	0.460777339550656	0.5323037109667	1038	0.486512524084778	-1019.49932637533	260.237255581097
F2	0.518537384633785	0.493782497317293	1038	0.477842003853565	-1056.48548387228	321.86156857134
F2	0.49633026427139	0.452870396187244	1038	0.450867052023121	-1056.04848960405	344.488635510823
F2	0.507749991846447	0.512708138150475	1038	0.478805394990366	-1041.54827300733	274.597636956915
F2	0.496165243415763	0.521517975658624	1038	0.489402697495183	-1040.6273624622	277.866254399942
F2	0.499806649541582	0.494597647106428	1038	0.477842003853565	-1052.45355235704	317.503435766508
F2	0.503323194316002	0.475886038172459	1038	0.470134874759152	-1060.40018601885	338.564358575018
F2	0.486301032039271	0.533968009195231	1038	0.488439306358382	-1024.64426462529	247.649808193076
F2	0.492349751515291	0.437865866507973	1038	0.441233140655106	-1067.04837331498	354.010888219288
F2	0.496250522200695	0.499674952214263	1038	0.473025048169557	-1038.97929426833	277.70958639307
F2	0.487951646340571	0.454893835830386	1038	0.454720616570328	-1062.78801925829	344.036887787822
F2	0.473743818509736	0.506792569803764	1038	0.475915221579961	-1038.50661888031	282.803808723709
F2	0.514630698406371	0.466917276829238	1038	0.46242774566474	-1070.29788720312	339.980544461656
F2	0.506689630552015	0.491153295370233	1038	0.473025048169557	-1053.92764995725	315.981279396786
F2	0.501378820643018	0.513077237469346	1038	0.477842003853565	-1037.02827266663	270.885820642831
F2	0.493709280256777	0.474939716431167	1038	0.466281310211946	-1057.90758584157	332.584630490122
F2	0.510036155760987	0.492468856872587	1038	0.481695568400771	-1061.26945676051	323.694408647152
F2	0.483856287477989	0.462476442272363	1038	0.461464354527938	-1065.54292988941	344.876171443597
F2	0.482052531564431	0.497116298737968	1038	0.472061657032755	-1043.80291590548	295.192042249183
F2	0.494639883957215	0.539102611470892	1038	0.5	-1035.12476382611	263.128037766734
F2	0.494036214745643	0.522318745278909	1038	0.496146435452794	-1039.73087312871	283.169673173474
F2	0.515727062258257	0.501313223269167	1038	0.482658959537572	-1052.82313407073	304.959483109094
F2	0.511282854358638	0.50431842472815	1038	0.476878612716763	-1041.76482701152	285.549645746474
F2	0.529973104557998	0.466048667116795	1038	0.458574181117534	-1059.09006825668	336.195378279725
F2	0.493979608521335	0.477597947612426	1038	0.466281310211946	-1056.18207855205	332.209487410135
F2	0.509029762887415	0.512956409770633	1038	0.476878612716763	-1034.15746944714	264.24713438318
F2	0.495950402724483	0.476903784612478	1038	0.470134874759152	-1064.31433039243	342.851640841852
F2	0.500669932343612	0.501306830012715	1038	0.485549132947977	-1054.56999550178	317.091356238197
F2	0.50976294482689	0.439504883854925	1038	0.448940269749518	-1073.63237413143	373.013102893444
F2	0.498776457698758	0.50603509731016	1038	0.475915221579961	-1041.50373541041	281.286408604031
F2	0.524749014927611	0.524514592779896	1038	0.488439306358382	-1034.00693282037	273.305741430053
F2	0.494861772323775	0.472153094764309	1038	0.460500963391137	-1060.12073694551	326.717651416752
F2	0.504165956027068	0.480484596383101	1038	0.463391136801541	-1050.58402097002	310.220775478854
F2	0.522573302894565	0.495797212228853	1038	0.478805394990366	-1055.62859734904	319.112437760864
BC_CPO	0.754411732554175	0.49117653489165	1038	0.51252408477842	-893.831810625958	527.614762785122
BC_CPO	0.747593180025048	0.504813639949903	1038	0.504816955684008	-917.548875325588	526.6534105555
BC_CPO	0.751235136333575	0.49752972733285	1038	0.514450867052023	-889.413355011565	519.965754994396
BC_CPO	0.75136814238012	0.497263715239761	1038	0.489402697495183	-916.668961983741	528.385605954239
BC_CPO	0.74789245129921	0.50421509740158	1038	0.511560693641618	-900.638695124403	507.352942020119
BC_CPO	0.751439082325783	0.477467973954117	1038	0.491329479768786	-927.223206468091	549.993583352234
BC_CPO	0.738490607547897	0.523018784904206	1038	0.514450867052023	-908.764256702993	486.915399912837
BC_CPO	0.736289461384726	0.501454831910221	1038	0.501926782273603	-933.952698049879	496.863009111324
BC_CPO	0.762017254371719	0.475965491256562	1038	0.497109826589595	-905.94480172901	569.891143059005
BC_CPO	0.731513587612343	0.511412481263225	1038	0.505780346820809	-938.207843676583	498.503325236422
BC_CPO	0.75023902939836	0.499521941203279	1038	0.515414258188825	-896.042349235401	506.84705994666
BC_CPO	0.728831329213159	0.542337341573682	1038	0.531791907514451	-899.238380414073	450.185447043102
BC_CPO	0.739689466026662	0.520621067946676	1038	0.517341040462428	-914.326817864978	500.285655206004
BC_CPO	0.740319831060124	0.51111342332678	1038	0.511560693641618	-920.986091684868	499.613260191372
BC_CPO	0.750635435195395	0.498729129609211	1038	0.504816955684008	-911.317615869801	531.538703021054
BC_CPO	0.758876378930572	0.482247242138856	1038	0.503853564547206	-908.598250695009	568.74664694758
BC_CPO	0.762894974815775	0.464587141154345	1038	0.488439306358382	-912.166294547365	552.863796813524
BC_CPO	0.751589960087352	0.4747206357005	1038	0.489402697495183	-920.914737245821	524.741369969924
BC_CPO	0.760379158853661	0.479241682292679	1038	0.505780346820809	-905.517075263273	569.122169898094
BC_CPO	0.74819510163399	0.50360979673202	1038	0.513487475915222	-906.75552269657	513.532289156065
BC_CPO	0.736609058858377	0.511661544110868	1038	0.499036608863198	-927.722015235029	468.220754428841
BC_CPO	0.74140775628665	0.517184487426701	1038	0.535645472061657	-889.193458034713	520.205404135787
BC_CPO	0.745616293572621	0.508767412854757	1038	0.526974951830443	-888.581731001723	526.104369382709
BC_CPO	0.760547444683338	0.478905110633324	1038	0.495183044315992	-911.399722048657	575.48307220832
BC_CPO	0.75927015872848	0.48145968254304	1038	0.505780346820809	-897.201910810071	549.919849325814
BC_CPO	0.757669216599256	0.484661566801489	1038	0.509633911368015	-898.75554344384	565.69814514804
BC_CPO	0.754984532822955	0.490030934354089	1038	0.506743737957611	-903.375162937185	537.490299802708
BC_CPO	0.732833687638345	0.53433262472331	1038	0.517341040462428	-915.410230873312	467.459780107733
BC_CPO	0.751852710788906	0.496294578422188	1038	0.494219653179191	-938.453333867143	560.506148177965
BC_CPO	0.753678756921703	0.490890221279701	1038	0.499036608863198	-911.837861135334	527.551697405282
BC_CPO	0.750188312483415	0.499623375033171	1038	0.502890173410405	-919.722360277726	538.339539853362
BC_CPO	0.751947867449144	0.496104265101712	1038	0.507707129094412	-913.948845993707	541.639301389226
BC_CPO	0.755664464904362	0.488671070191276	1038	0.518304431599229	-886.8228491923	546.835897513841
BC_CPO	0.753380660075731	0.492001806954831	1038	0.491329479768786	-924.583567260311	553.600434173476
BC_CPO	0.749730527333233	0.487825478069146	1038	0.496146435452794	-939.780849614958	564.308767594945
BC_CPO	0.733600401310911	0.532799197378178	1038	0.513487475915222	-925.745863575587	479.956267302457
BC_CPO	0.738857324502088	0.520530933887982	1038	0.517341040462428	-919.288707738909	499.072680325179
BC_CPO	0.748737781720056	0.502524436559888	1038	0.503853564547206	-904.882104473885	499.603180604845
BC_CPO	0.766296518279685	0.467406963440629	1038	0.495183044315992	-899.475182511023	567.327438115744
BC_CPO	0.762685245178335	0.466858214787204	1038	0.484585741811175	-921.51134954859	565.197387243089
BC_CPO	0.746218854413724	0.505468935319269	1038	0.494219653179191	-930.374124198966	527.550230973461
BC_CPO	0.757776363824632	0.484447272350737	1038	0.479768786127168	-932.507067070154	550.658767463232
BC_CPO	0.760681502309788	0.478149900406884	1038	0.48747591522158	-918.753738492126	578.095230666937
BC_CPO	0.739706518085113	0.510608326425735	1038	0.507707129094412	-923.585116533726	489.445510340332
BC_CPO	0.742393243461414	0.508968458669617	1038	0.504816955684008	-925.254013280332	508.335069497116
BC_CPO	0.745067671229313	0.509864657541375	1038	0.508670520231214	-912.556738462236	500.717902651005
BC_CPO	0.73630131993823	0.52739736012354	1038	0.507707129094412	-925.004742673071	470.320312701309
BC_CPO	0.76592218181797	0.468155636364059	1038	0.492292870905588	-903.975994495042	577.780978196028
BC_CPO	0.749051741194711	0.501896517610578	1038	0.505780346820809	-907.564091802424	509.594408682394
BC_CPO	0.756541120858588	0.486917758282824	1038	0.479768786127168	-919.698960614787	538.15745461513
BC_CPO	0.767046220594023	0.465907558811954	1038	0.496146435452794	-890.565912332105	564.415105712923
BC_CPO	0.769475680586006	0.455903533962006	1038	0.481695568400771	-914.172799142853	576.123845396335
BC_CPO	0.749644570338335	0.50071085932333	1038	0.495183044315992	-914.023354387066	499.143955950824
BC_CPO	0.73874005780356	0.520572099445578	1038	0.517341040462428	-910.123686101243	492.148628154369
BC_CPO	0.743921686058753	0.498871038587276	1038	0.491329479768786	-919.518200194927	487.052885049283
BC_CPO	0.752241051259429	0.495517897481141	1038	0.500963391136802	-909.17521935596	530.336209514268
BC_CPO	0.748775088337961	0.49158331560507	1038	0.488439306358382	-931.615803820303	542.449163511438
BC_CPO	0.753582709639823	0.476540588018033	1038	0.490366088631985	-931.533114117701	558.861317848407
BC_CPO	0.758365994272279	0.446241930678644	1038	0.464354527938343	-937.206165507864	574.778687540456
BC_CPO	0.733496313791601	0.500257846472284	1038	0.499036608863198	-954.682778057938	530.933632236762
BC_CPO	0.737792509522003	0.524414980955994	1038	0.52504816955684	-906.874229198086	484.28099792999
BC_CPO	0.718840997357286	0.555411398492108	1038	0.536608863198459	-909.35220496399	430.175296118808
BC_CPO	0.738307506438172	0.523384987123656	1038	0.521194605009634	-895.271440954603	471.136853795564
BC_CPO	0.770852788048512	0.44967063136056	1038	0.476878612716763	-921.457589947693	605.978758201844
BC_CPO	0.77344680998682	0.45310638002636	1038	0.48747591522158	-897.168362237229	592.283509967145
BC_CPO	0.741767760905212	0.516464478189575	1038	0.514450867052023	-909.02223545924	505.863698485555
BC_CPO	0.735983265226394	0.515914700592107	1038	0.508670520231214	-942.938358590291	516.360803840965
BC_CPO	0.727246923675775	0.506220210496419	1038	0.503853564547206	-935.174777728201	462.689771545344
BC_CPO	0.751670555099599	0.457241742913108	1038	0.477842003853565	-939.161120351379	549.134899066077
BC_CPO	0.746718452908868	0.506563094182265	1038	0.515414258188825	-903.80376682	517.453195027016
BC_CPO	0.746987429362921	0.484866484415443	1038	0.492292870905588	-934.267182974391	527.973356688343
BC_CPO	0.73008178504942	0.534887835449828	1038	0.52504816955684	-908.093634201237	429.582889652562
BC_CPO	0.743476104632576	0.513047790734849	1038	0.506743737957611	-909.288805415791	486.342778667808
BC_CPO	0.762604350593711	0.474791298812579	1038	0.493256262042389	-909.234445766824	562.49677982028
BC_CPO	0.746062540343778	0.507874919312445	1038	0.510597302504817	-903.802589468732	490.126547458416
BC_CPO	0.748975357673572	0.500962451389847	1038	0.500963391136802	-922.308724734533	533.162028909556
BC_CPO	0.739333635524238	0.521332728951523	1038	0.5	-943.752033047805	519.216488002999
BC_CPO	0.76145542316487	0.464153643401544	1038	0.491329479768786	-921.084593778111	578.885948011229
BC_CPO	0.771739139500409	0.456521720999181	1038	0.490366088631985	-903.965643028887	614.667941657256
BC_CPO	0.747419675950851	0.485026462256067	1038	0.485549132947977	-938.086032740549	537.759218515138
BC_CPO	0.729069517338955	0.540190219945888	1038	0.52504816955684	-914.9741268165	444.354589888413
BC_CPO	0.776056512859056	0.433369919773609	1038	0.47495183044316	-908.284996552898	612.105259636909
BC_CPO	0.742906583316399	0.483823196816132	1038	0.493256262042389	-947.919982839588	552.853040612275
BC_CPO	0.772539492110405	0.454921015779191	1038	0.476878612716763	-911.205757398261	615.507436202416
BC_CPO	0.754686730013038	0.452046956979353	1038	0.476878612716763	-936.965933962942	558.816519652864
BC_CPO	0.764181309011348	0.466663077535307	1038	0.486512524084778	-920.78118831152	580.686942941277
BC_CPO	0.771148387082236	0.457703225835529	1038	0.485549132947977	-903.405925110232	586.130864031958
BC_CPO	0.753292938543256	0.493414122913487	1038	0.516377649325626	-895.617282491489	540.197741607045
BC_CPO	0.752396730516113	0.495206538967774	1038	0.507707129094412	-901.21671715322	525.008890058107
BC_CPO	0.741889131636336	0.516221736727328	1038	0.5	-931.123389428827	512.792729741839
BC_CPO	0.738461486347475	0.51827493513932	1038	0.504816955684008	-920.491402570474	484.641138100432
BC_CPO	0.773511070333846	0.452977859332309	1038	0.483622350674374	-899.502690488183	588.456788683228
BC_CPO	0.776349359735891	0.447301280528218	1038	0.491329479768786	-891.767913234503	611.121995885583
BC_CPO	0.735146871685695	0.52067225910959	1038	0.516377649325626	-917.831538528084	482.017990760332
BC_CPO	0.734100375249918	0.522206386424294	1038	0.520231213872832	-929.418846162233	491.497384679239
BC_CPO	0.739050560580716	0.508260424540731	1038	0.51252408477842	-924.951011248259	504.745386656414
BC_CPO	0.732160077485556	0.535679845028888	1038	0.526011560693642	-927.223116033801	494.141097088495
BC_CPO	0.758014043763108	0.459652315654733	1038	0.47495183044316	-942.342760471969	581.98476846912
BC_CPO	0.778030629681064	0.443938740637872	1038	0.480732177263969	-907.252320667224	630.33633345055
BC_CPO	0.734937712742372	0.510490240317867	1038	0.509633911368015	-926.691173751588	493.372897175247
BC_CYU	0.255408685904829	0.507726916552094	1038	0.467244701348748	-831.913775787313	387.18461157076
BC_CYU	0.254397307496669	0.498495220887929	1038	0.442196531791907	-859.148753918436	408.774430452421
BC_CYU	0.23707803601458	0.47415607202916	1038	0.436416184971098	-827.67851723562	439.254980981549
BC_CYU	0.26197423271659	0.52394846543318	1038	0.467244701348748	-844.880299766643	369.249700707988
BC_CYU	0.254912549023778	0.509825098047555	1038	0.452793834296724	-850.020472354792	409.960355938901
BC_CYU	0.242451946096781	0.484903892193562	1038	0.451830443159923	-820.15129552276	405.243876476914
BC_CYU	0.232706344354554	0.460528871748079	1038	0.436416184971098	-830.705499024973	468.456361254253
BC_CYU	0.260811389557703	0.521176313133373	1038	0.464354527938343	-844.598677220042	384.184051429295
BC_CYU	0.252220180181262	0.504440360362523	1038	0.452793834296724	-848.956018021864	426.784955504756
BC_CYU	0.257972486025215	0.512706571624838	1038	0.459537572254335	-841.304732252597	363.808557156203
BC_CYU	0.2473623946942	0.482475019445971	1038	0.442196531791907	-845.880087307591	404.382393785444
BC_CYU	0.249543576664565	0.49908715332913	1038	0.447976878612717	-845.293138684965	420.766423402789
BC_CYU	0.234137338621931	0.446241785909492	1038	0.415221579961464	-856.491930437366	475.579113530495
BC_CYU	0.233702145143599	0.459508875756246	1038	0.422928709055877	-847.611863100329	467.531547677148
BC_CYU	0.255542524746521	0.487848525067769	1038	0.457610789980732	-863.158974958614	422.168666104291
BC_CYU	0.247004133033643	0.494008266067286	1038	0.454720616570328	-829.862939221303	409.071642452571
BC_CYU	0.26080727129871	0.505864447484773	1038	0.44990366088632	-864.20374694908	380.988582734263
BC_CYU	0.238008822496788	0.468373344573311	1038	0.430635838150289	-846.615919415868	445.955714090356
BC_CYU	0.268498122848297	0.536996245696594	1038	0.478805394990366	-846.294309873959	363.934511676555
BC_CYU	0.251167063225193	0.491120610625974	1038	0.459537572254335	-838.958841780746	404.977048891162
BC_CYU	0.243515086083493	0.487030172166986	1038	0.453757225433526	-816.465676646181	400.961408769605
BC_CYU	0.248121163567919	0.476747614375889	1038	0.434489402697495	-859.305826413364	427.515199029185
BC_CYU	0.257874937072388	0.509784111480922	1038	0.455684007707129	-844.241608889028	383.861799139732
BC_CYU	0.263772890900195	0.514112286032303	1038	0.471098265895954	-858.088321361968	400.92122748613
BC_CYU	0.25609934875551	0.495022011911724	1038	0.447976878612717	-854.957665074078	392.213978239426
BC_CYU	0.254355387515958	0.508710775031916	1038	0.465317919075145	-828.012362005759	393.490015266949
BC_CYU	0.248098766953979	0.496197533907957	1038	0.463391136801541	-831.950637375833	425.310894676846
BC_CYU	0.24695699534547	0.482176077294415	1038	0.447976878612717	-842.681246856382	422.1489808919
BC_CYU	0.23890916055497	0.477818321109941	1038	0.447976878612717	-813.855215541166	417.549237636884
BC_CYU	0.250311240274552	0.500622480549105	1038	0.457610789980732	-825.012220692876	399.034850460031
BC_CYU	0.231417729288079	0.462835458576157	1038	0.426782273603083	-835.039270780158	454.392082037327
BC_CYU	0.248277217585832	0.496554435171664	1038	0.452793834296724	-845.139688598115	423.148734866156
BC_CYU	0.241534530925724	0.483069061851448	1038	0.439306358381503	-839.280281442894	420.431532983668
BC_CYU	0.249635515806629	0.499271031613258	1038	0.448940269749518	-829.798046119217	395.518118230905
BC_CYU	0.26408081008511	0.524371718132908	1038	0.459537572254335	-860.353109124866	381.031075769748
BC_CYU	0.238877341396662	0.477754682793324	1038	0.448940269749518	-815.383738175705	424.09009338738
BC_CYU	0.253593381303281	0.490629105471219	1038	0.444123314065511	-855.592459516819	396.487708520601
BC_CYU	0.267544610009134	0.533019567233478	1038	0.464354527938343	-859.844552013961	362.199746183634
BC_CYU	0.247825595016089	0.495651190032177	1038	0.448940269749518	-839.951470686035	411.667658478717
BC_CYU	0.253817639833123	0.507635279666247	1038	0.448940269749518	-850.95411115948	395.88553748249
BC_CYU	0.258756748978598	0.517513497957196	1038	0.468208092485549	-836.105431182857	391.172970984035
BC_CYU	0.254224369586915	0.489683908732433	1038	0.444123314065511	-862.580802733522	405.947248393217
BC_CYU	0.241923596036118	0.483847192072236	1038	0.452793834296724	-825.687213914766	425.316396828184
BC_CYU	0.226606247223382	0.453212494446764	1038	0.433526011560694	-815.707582883461	477.314059435373
BC_CYU	0.237369198698004	0.472962849136414	1038	0.453757225433526	-813.405296159762	428.809511401853
BC_CYU	0.247887898351877	0.479751248847534	1038	0.443159922928709	-845.731234910713	399.753393331078
BC_CYU	0.248030929911293	0.496061859822587	1038	0.44990366088632	-835.838732223766	407.723667772896
BC_CYU	0.256423359975243	0.512846719950486	1038	0.454720616570328	-857.822389523304	394.776796319602
BC_CYU	0.241831163276822	0.483662326553643	1038	0.450867052023121	-833.579637224456	426.686799190972
BC_CYU	0.241330072065183	0.482660144130366	1038	0.440269749518304	-841.836799308611	428.969704281554
BC_CYU	0.254914895949405	0.50982979189881	1038	0.478805394990366	-820.11286487663	395.990407590947
BC_CYU	0.250068089817008	0.485198102674984	1038	0.455684007707129	-848.16181966996	424.797903866942
BC_CYU	0.258892779052627	0.517785558105254	1038	0.473025048169557	-822.957301800861	378.391845419254
BC_CYU	0.252056753652558	0.504113507305117	1038	0.458574181117534	-823.094557111723	377.253282997458
BC_CYU	0.262060012678353	0.516976843864929	1038	0.467244701348748	-847.320567168709	381.795914362809
BC_CYU	0.271889162256571	0.520220822695449	1038	0.469171483622351	-880.795936463274	380.429490691814
BC_CYU	0.228575858040178	0.454830605060789	1038	0.430635838150289	-826.075501560519	461.568001822148
BC_CYU	0.222738273907383	0.435869350951932	1038	0.416184971098266	-838.976001671973	499.581479353388
BC_CYU	0.254163988635696	0.508327977271392	1038	0.46242774566474	-826.725881031771	385.714228894906
BC_CYU	0.258908543722516	0.512159213042038	1038	0.457610789980732	-830.531470418729	355.357895771034
BC_CYU	0.239918017501758	0.479836035003517	1038	0.443159922928709	-841.585040357125	452.941456898406
BC_CYU	0.257453203795021	0.514906407590043	1038	0.465317919075145	-834.420328105876	385.352872487007
BC_CYU	0.250953371133652	0.501906742267304	1038	0.458574181117534	-843.748096364788	411.502730860285
BC_CYU	0.24999976916679	0.49949145930654	1038	0.455684007707129	-844.513479300373	424.991685171043
BC_CYU	0.234783836374185	0.468090912680057	1038	0.427745664739884	-847.123819081277	457.477193793009
BC_CYU	0.25060626853805	0.484246020785913	1038	0.446050096339114	-854.534959166926	412.195301606395
BC_CYU	0.258574373348649	0.517148746697299	1038	0.472061657032755	-824.771384501435	375.013279563865
BC_CYU	0.270034400472816	0.524106394467136	1038	0.459537572254335	-870.465318344087	357.753650254177
BC_CYU	0.259471861298218	0.512623754010962	1038	0.476878612716763	-840.763731145731	384.335320863053
BC_CYU	0.238527599749943	0.477055199499886	1038	0.439306358381503	-821.732305265814	419.827507851263
BC_CYU	0.238510786406072	0.477021572812144	1038	0.445086705202312	-832.554518606722	445.940700410443
BC_CYU	0.256262964958987	0.512525929917975	1038	0.468208092485549	-829.612727326973	384.77735858268
BC_CYU	0.236281238167488	0.472562476334977	1038	0.428709055876686	-841.899956746699	434.234954165532
BC_CYU	0.250016103937074	0.500032207874148	1038	0.460500963391137	-826.095354407651	400.623999790229
BC_CYU	0.244780921123541	0.485923643756359	1038	0.442196531791907	-849.987058896527	422.979147678461
BC_CYU	0.236362941494763	0.472725882989526	1038	0.429672447013488	-831.060777313156	436.970593002795
BC_CYU	0.260439416394116	0.520878832788232	1038	0.468208092485549	-843.095601318565	377.671871775132
BC_CYU	0.2539437853278	0.5078875706556	1038	0.447976878612717	-851.926517191836	407.665632291323
BC_CYU	0.263003904157376	0.526007808314753	1038	0.476878612716763	-833.778230066492	384.081332777732
BC_CYU	0.275788935709268	0.551577871418535	1038	0.473988439306358	-853.271096383466	349.782070096986
BC_CYU	0.253453220921253	0.506906441842505	1038	0.457610789980732	-838.47317241321	395.585865065523
BC_CYU	0.240589599394803	0.475211430336865	1038	0.435452793834297	-846.530719397633	450.787212496494
BC_CYU	0.258807305790387	0.517614611580774	1038	0.470134874759152	-832.907505364355	378.184105727062
BC_CYU	0.252979268395172	0.498159101613441	1038	0.448940269749518	-853.37285875545	412.108556514075
BC_CYU	0.25735304208556	0.511228509046055	1038	0.464354527938343	-832.972327150666	380.524050403899
BC_CYU	0.249966692254721	0.499933384509442	1038	0.458574181117534	-826.12619674164	402.27085643976
BC_CYU	0.24431102817234	0.488622056344679	1038	0.457610789980732	-819.913820634441	420.903546255315
BC_CYU	0.238212691555719	0.476425383111437	1038	0.443159922928709	-833.189449983919	444.523935384716
BC_CYU	0.254999864537921	0.509999729075842	1038	0.451830443159923	-849.191682893693	388.833977125592
BC_CYU	0.260051941447184	0.505671249054461	1038	0.452793834296724	-862.426928442155	400.196777097754
BC_CYU	0.259704933700906	0.519409867401812	1038	0.466281310211946	-834.95995010957	383.045707036191
BC_CYU	0.263909148024465	0.512444791367503	1038	0.465317919075145	-855.671322703589	376.858111007806
BC_CYU	0.275061490199482	0.536424409403565	1038	0.480732177263969	-854.923526848085	354.003408709645
BC_CYU	0.258866671175284	0.506310298546037	1038	0.451830443159923	-857.566243418561	386.014661377385
BC_CYU	0.247378131689684	0.494756263379368	1038	0.457610789980732	-830.46493009687	427.214813916945
BC_CYU	0.24694463344206	0.488702926475547	1038	0.450867052023121	-835.717620226989	401.465391387482
BC_CYU	0.253808143585052	0.497825436760368	1038	0.445086705202312	-864.11080835396	415.578599574658
BC_CYU	0.253457398392966	0.500397868751014	1038	0.459537572254335	-833.093872338133	385.035062701715
BC_CYU	0.248019208525534	0.496038417051068	1038	0.452793834296724	-844.568780965519	434.770737660628
BC_CYU	0.253503173500029	0.503749504990749	1038	0.450867052023121	-850.666113452631	408.411571888052
