contrast	top_percent	cutoff	eligible_windows	selected_windows	genes	GO_FDR05_terms	KEGG_FDR05_terms
fd_MY1	10	0.3247086	39150	3915	3431	4	0
fd_MY1	5	0.4043755125	39150	1958	1858	2	0
fd_MY1	2.5	0.48088045	39150	979	989	1	0
fd_MY1	1	0.584452400000001	39150	392	383	1	0
fd_CY32	10	0.2878012	41295	4130	4335	2	0
fd_CY32	5	0.3608175	41295	2065	2361	1	0
fd_CY32	2.5	0.439960125	41295	1033	1229	3	0
fd_CY32	1	0.539395099999999	41295	413	497	0	1
fd_common	10	0.268844546666667	30778	3078	3095	5	0
fd_common	5	0.324383275	30778	1539	1682	3	0
fd_common	2.5	0.37910945	30778	770	876	2	0
fd_common	1	0.450715049666667	30778	308	375	1	0
