sample	population	morph_group	reference_group	K3_CPO	K3_CYU	K3_CMA
2014-128-1A	ML50	CPO	none	0.99998	1e-05	1e-05
2014-128-2A	ML50	CPO	none	0.99998	1e-05	1e-05
2014-128-3A	ML50	CPO	none	0.99998	1e-05	1e-05
2014-128-4A	ML50	CPO	none	0.7496	0.25039	1e-05
2014-128-5A	ML50	CPO	none	0.99998	1e-05	1e-05
2014-128-6A	unknown	unknown	none	NA	NA	NA
2014-128-8A	unknown	unknown	none	NA	NA	NA
2014-132-2A	ML5	N	none	0.509766	0.490224	1e-05
2014-132-3A	ML5	N	none	0.99998	1e-05	1e-05
2014-132-4A	ML5	N	none	0.816042	0.183948	1e-05
2014-132-5A	ML5	N	none	0.523477	0.476513	1e-05
2014-132-6A	ML5	N	none	0.521053	0.478937	1e-05
2014-132-7A	ML5	N	none	0.510761	0.489229	1e-05
2014-132-8A	ML5	N	none	0.781597	0.218393	1e-05
2014-132-9A	ML5	N	none	0.508963	0.491027	1e-05
2014-3-10A	MN34	CPO	none	0.99998	1e-05	1e-05
2014-3-3A	MN34	CPO	none	0.99998	1e-05	1e-05
2014-3-4A	MN34	CPO	none	0.99998	1e-05	1e-05
2014-3-5A	MN34	CPO	none	0.99998	1e-05	1e-05
2014-3-6A	MN34	CPO	none	0.99998	1e-05	1e-05
2014-3-7A	MN34	CPO	none	0.99998	1e-05	1e-05
2014-3-8A	MN34	CPO	none	0.99998	1e-05	1e-05
2014-3-9A	MN34	CPO	none	0.99998	1e-05	1e-05
2014-66-1A	YL49	CPO	none	0.99998	1e-05	1e-05
2014-66-2A	YL49	CPO	none	0.99998	1e-05	1e-05
2014-66-3A	YL49	CPO	none	0.999979	1.1e-05	1e-05
2014-66-4A	YL49	CPO	none	0.99998	1e-05	1e-05
2014-66-5A	YL49	CPO	none	0.99998	1e-05	1e-05
2014-66-6A	YL49	CPO	none	0.99998	1e-05	1e-05
2014-66-7A	YL49	CPO	none	0.99998	1e-05	1e-05
2014-66-8A	YL49	CPO	none	0.99998	1e-05	1e-05
DP1709141A	DQS11	CMA	none	1e-05	1e-05	0.99998
DP1709142A	unknown	unknown	none	NA	NA	NA
DP1709143A	unknown	unknown	none	NA	NA	NA
DP1709144A	DQS11	CMA	none	1e-05	1e-05	0.99998
DP1709145A	unknown	unknown	none	NA	NA	NA
DP1709146A	unknown	unknown	none	NA	NA	NA
DP1709147A	unknown	unknown	none	NA	NA	NA
DP1709148A	DQS11	CMA	none	1e-05	1e-05	0.99998
Gln2014-15-10A	LD30	CYU	CYU	1e-05	0.99998	1e-05
Gln2014-15-1A	LD30	CYU	CYU	1e-05	0.99998	1e-05
Gln2014-15-3A	LD30	CYU	CYU	1e-05	0.99998	1e-05
Gln2014-15-4A	LD30	CYU	CYU	1e-05	0.999971	1.9e-05
Gln2014-15-5A	LD30	CYU	none	1e-05	0.99998	1e-05
Gln2014-15-6A	LD30	CYU	none	1e-05	0.99998	1e-05
Gln2014-15-7A	LD30	CYU	none	1e-05	0.99998	1e-05
Gln2014-15-8A	LD30	CYU	none	1e-05	0.99998	1e-05
Gln2014-8-1A	LD06	CPO	none	0.99998	1e-05	1e-05
Gln2014-8-2A	LD06	CPO	none	0.99998	1e-05	1e-05
Gln2014-8-4A	LD06	CPO	none	0.99998	1e-05	1e-05
Gln2014-8-5A	LD06	CPO	none	0.99998	1e-05	1e-05
Gln2014-8-6A	LD06	CPO	none	0.99998	1e-05	1e-05
Gln2014-8-7A	LD06	CPO	none	0.99998	1e-05	1e-05
Gln2014-8-8A	LD06	CPO	none	0.99998	1e-05	1e-05
JLS-BM001-1A	BM31	N	none	1e-05	0.99998	1e-05
JLS-BM001-2A	BM31	N	none	1e-05	0.999979	1.1e-05
JLS-BM001-3A	BM31	N	none	1e-05	0.99998	1e-05
JLS-BM001-4A	BM31	N	none	1e-05	0.99998	1e-05
JLS-BM001-5A	BM31	N	none	1e-05	0.99998	1e-05
JLS-BM001-6A	BM31	N	none	1e-05	0.99998	1e-05
JLS-BM001-7A	BM31	N	none	1e-05	0.99998	1e-05
JLS-BM001-8A	BM31	N	none	1e-05	0.99998	1e-05
JLS-CY022-10A	CY32	CPO	CPO	0.99998	1e-05	1e-05
JLS-CY022-11A	CY32	CPO	CPO	0.99998	1e-05	1e-05
JLS-CY022-12A	unknown	unknown	none	NA	NA	NA
JLS-CY022-13A	unknown	unknown	none	NA	NA	NA
JLS-CY022-4A	CY32	CPO	CPO	0.99998	1e-05	1e-05
JLS-CY022-5A	CY32	CPO	CPO	0.99998	1e-05	1e-05
JLS-CY022-6A	CY32	CPO	none	0.99998	1e-05	1e-05
JLS-CY022-7A	CY32	CPO	none	0.99998	1e-05	1e-05
Sha-WS-1A	WS14	CMA	none	1e-05	1e-05	0.99998
Sha-WS-2A	WS14	CMA	none	1e-05	1e-05	0.99998
Sha-WS-3A	WS14	CMA	none	1e-05	1.9e-05	0.999971
Sha-WS-4A	WS14	CMA	none	1e-05	1.8e-05	0.999972
Sha-WS-5A	WS14	CMA	none	1e-05	1.8e-05	0.999972
Sha-WS-6A	WS14	CMA	none	1e-05	1e-05	0.99998
Sha-WS-7A	WS14	CMA	none	1e-05	1e-05	0.99998
Sha-WS-8A	WS14	CMA	none	1e-05	1e-05	0.99998
THP-SET_1917-1A	MK27	CPO	none	0.99998	1e-05	1e-05
THP-SET_1917-2A	MK27	CPO	none	0.962805	0.037185	1e-05
THP-SET_1917-3A	MK27	CPO	none	0.99998	1e-05	1e-05
THP-SET_1917-4A	MK27	CPO	none	0.99998	1e-05	1e-05
THP-SET_1917-5A	MK27	CPO	none	0.99998	1e-05	1e-05
THP-SET_1917-6A	MK27	CPO	none	0.99998	1e-05	1e-05
THP-SET_1917-7A	MK27	CPO	none	0.99998	1e-05	1e-05
THP-SET_1917-8A	MK27	CPO	none	0.99998	1e-05	1e-05
XB2014-144-2A	SM35	CYU	none	1e-05	0.99998	1e-05
XB2014-144-3A	SM35	CYU	none	1e-05	0.99998	1e-05
XB2014-144-4A	SM35	CYU	none	0.030343	0.969647	1e-05
XB2014-144-5A	SM35	CYU	none	1e-05	0.999971	1.9e-05
XB2014-144-6A	SM35	CYU	none	1e-05	0.99997	2e-05
XB2014-144-7A	SM35	CYU	none	1e-05	0.99998	1e-05
XB2014-144-8A	SM35	CYU	none	1e-05	0.999972	1.8e-05
XB2014-144-9A	SM35	CYU	none	1e-05	0.999977	1.3e-05
XB2014-38-2A	EY8	CYU	none	1e-05	0.999978	1.2e-05
XB2014-38-3A	EY8	CYU	none	1e-05	0.99998	1e-05
XB2014-38-4A	EY8	CYU	none	1e-05	0.99998	1e-05
XB2014-38-5A	EY8	CYU	none	0.99998	1e-05	1e-05
XB2014-38-6A	EY9	CPO	none	1e-05	0.999976	1.4e-05
XB2014-39-1A	EY9	CPO	none	0.99998	1e-05	1e-05
XB2014-39-2A	EY9	CPO	none	0.99998	1e-05	1e-05
XB2014-39-3A	EY9	CPO	none	0.99998	1e-05	1e-05
XB2014-39-4A	EY9	CPO	none	0.99998	1e-05	1e-05
XB2014-39-5A	EY9	CPO	none	0.99998	1e-05	1e-05
XB2014-39-6A	EY9	CPO	none	0.999976	1.4e-05	1e-05
XB2014-39-7A	EY9	CPO	none	0.99998	1e-05	1e-05
XB2014-39-8A	EY9	CPO	none	0.99998	1e-05	1e-05
XB2014-4-2A	MN4	CYU	CYU	1e-05	0.99998	1e-05
XB2014-4-3A	MN4	CYU	CYU	1e-05	0.99998	1e-05
XB2014-4-4A	MN4	CYU	CYU	1e-05	0.99998	1e-05
XB2014-4-5A	MN4	CYU	CYU	1e-05	0.99998	1e-05
XB2014-4-6A	MN4	CYU	none	1e-05	0.99998	1e-05
XB2014-4-7A	MN4	CYU	none	1e-05	0.99998	1e-05
XB2014-4-8A	YL9	CYU	CYU	1e-05	0.99998	1e-05
XB2014-4-9A	YL9	CYU	CYU	1e-05	0.999976	1.4e-05
XB2014-48-1A	MN4	CYU	none	1e-05	0.99998	1e-05
XB2014-48-2A	MN4	CYU	none	1e-05	0.99998	1e-05
XB2014-48-3A	YL9	CYU	CYU	1e-05	0.99998	1e-05
XB2014-48-4A	YL9	CYU	CYU	1e-05	0.999972	1.8e-05
XB2014-48-5A	YL9	CYU	none	1e-05	0.999978	1.2e-05
XB2014-48-6A	YL9	CYU	none	1e-05	0.999976	1.4e-05
XB2014-48-7A	YL9	CYU	none	1e-05	0.999976	1.4e-05
XB2014-48-9A	YL9	CYU	none	1e-05	0.999976	1.4e-05
XB26-11B	unknown	unknown	none	NA	NA	NA
XB26-12B	unknown	unknown	none	NA	NA	NA
XB26-13B	unknown	unknown	none	NA	NA	NA
XB26-3B	SC37	CPO	CPO	0.99998	1e-05	1e-05
XB26-4B	SC37	CPO	CPO	0.99998	1e-05	1e-05
XB26-5B	SC37	CPO	CPO	0.99998	1e-05	1e-05
XB26-7B	SC37	CPO	CPO	0.99998	1e-05	1e-05
XuBo-97-11B	unknown	unknown	none	NA	NA	NA
XuBo-97-2B	unknown	unknown	none	NA	NA	NA
XuBo-97-3B	unknown	unknown	none	NA	NA	NA
XuBo-97-4B	unknown	unknown	none	NA	NA	NA
XuBo-97-5B	unknown	unknown	none	NA	NA	NA
XuBo-97-7B	unknown	unknown	none	NA	NA	NA
XuBo-97-8A	unknown	unknown	none	NA	NA	NA
XuBo-97-9B	unknown	unknown	none	NA	NA	NA
XuBo982-1A	XS40	CMA	none	1e-05	1e-05	0.99998
XuBo982-2A	XS40	CMA	none	1e-05	1.2e-05	0.999978
XuBo982-3A	XS40	CMA	none	1e-05	1e-05	0.99998
XuBo982-4A	XS40	CMA	none	1e-05	1e-05	0.99998
XuBo982-5A	XS40	CMA	none	1e-05	1e-05	0.99998
XuBo982-6A	unknown	unknown	none	NA	NA	NA
XuBo982-7A	unknown	unknown	none	NA	NA	NA
XuBo982-8A	unknown	unknown	none	NA	NA	NA
XubBo-1037-1A	LN46	N	none	1e-05	0.999975	1.5e-05
XubBo-1037-2A	TB43	CMA	none	1e-05	0.972816	0.027174
XubBo-1037-3A	TB43	CMA	none	1e-05	0.965856	0.034134
XubBo-1037-4A	TB43	CMA	none	1e-05	0.999978	1.2e-05
XubBo-1037-5A	TB43	CMA	none	1e-05	0.972155	0.027835
XubBo-1037-6A	TB43	CMA	none	1e-05	0.999978	1.2e-05
XubBo-1037-7A	TB43	CMA	none	1e-05	0.985916	0.014074
XubBo-1037-8A	TB43	CMA	none	1e-05	0.99998	1e-05
XubBo1030-10A	LN46	N	none	1e-05	1e-05	0.99998
XubBo1030-1A	LN46	N	none	1e-05	1e-05	0.99998
XubBo1030-3A	LN46	N	none	1e-05	1e-05	0.99998
XubBo1030-4A	unknown	unknown	none	NA	NA	NA
XubBo1030-5A	LN46	N	none	1e-05	1e-05	0.99998
XubBo1030-6A	LN46	N	none	1e-05	1e-05	0.99998
XubBo1030-8A	LN46	N	none	1e-05	1.9e-05	0.999971
XubBo1030-9A	LN46	N	none	1e-05	1.1e-05	0.999979
XubBo1051-10A	WX48	CMA	none	1e-05	1e-05	0.99998
XubBo1051-1A	WX48	CMA	none	1e-05	1e-05	0.99998
XubBo1051-2A	WX48	CMA	none	1e-05	1e-05	0.99998
XubBo1051-3A	WX48	CMA	none	1e-05	1e-05	0.99998
XubBo1051-4A	WX48	CMA	none	1e-05	1e-05	0.99998
XubBo1051-7A	WX48	CMA	none	1e-05	1e-05	0.99998
XubBo1051-8A	WX48	CMA	none	1e-05	1e-05	0.99998
XubBo1051-9A	WX48	CMA	none	1e-05	1e-05	0.99998
XubBo2014-131-1A	unknown	unknown	none	NA	NA	NA
XubBo2014-131-2A	unknown	unknown	none	NA	NA	NA
XubBo2014-131-3A	unknown	unknown	none	NA	NA	NA
XubBo2014-131-4A	unknown	unknown	none	NA	NA	NA
XubBo2014-131-5A	unknown	unknown	none	NA	NA	NA
XubBo2014-131-6A	unknown	unknown	none	NA	NA	NA
XubBo2014-131-7A	unknown	unknown	none	NA	NA	NA
XubBo2014-131-8A	unknown	unknown	none	NA	NA	NA
Xubo01402-2A	YS26	CYU	none	1e-05	0.99998	1e-05
Xubo01402-3A	YS26	CYU	none	1e-05	0.999975	1.5e-05
Xubo01402-4A	YS26	CYU	none	1e-05	0.99998	1e-05
Xubo01402-5A	YS26	CYU	none	1e-05	0.999975	1.5e-05
Xubo01402-6A	YS26	CYU	none	1e-05	0.999971	1.9e-05
Xubo01402-7A	YS26	CYU	none	1e-05	0.999978	1.2e-05
Xubo01402-8A	YS26	CYU	none	1e-05	0.99998	1e-05
Xubo01402-9A	YS26	CYU	none	1e-05	0.99998	1e-05
YLZB4703-2A	SM3	CYU	CYU	1e-05	0.99998	1e-05
YLZB4703-3A	SM3	CYU	CYU	1e-05	0.99998	1e-05
YLZB4703-4A	unknown	unknown	none	NA	NA	NA
YLZB4703-5A	SM3	CYU	CYU	1e-05	0.999971	1.9e-05
YLZB4703-6A	unknown	unknown	none	NA	NA	NA
YLZB4703-7A	SM3	CYU	CYU	1e-05	0.99998	1e-05
YLZB4703-8A	unknown	unknown	none	NA	NA	NA
YLZB4703-9A	SM3	CYU	none	0.004616	0.995374	1e-05
YLZB4715-10A	MY1	CYU	CYU	1e-05	0.99998	1e-05
YLZB4715-1A	MY1	CYU	CYU	1e-05	0.99998	1e-05
YLZB4715-2A	MY1	CYU	CYU	1e-05	0.999972	1.8e-05
YLZB4715-5A	MY1	CYU	CYU	1e-05	0.99998	1e-05
YLZB4715-6A	MY1	CYU	none	1e-05	0.99998	1e-05
YLZB4715-7A	MY1	CYU	none	1e-05	0.99998	1e-05
YLZB4715-8A	MY1	CYU	none	1e-05	0.99998	1e-05
YLZB4715-9A	MY1	CYU	none	1e-05	0.99998	1e-05
YLZB4735-10A	YSXC51	CPO	CPO	0.99998	1e-05	1e-05
YLZB4735-1A	YSXC51	CPO	CPO	0.99998	1e-05	1e-05
YLZB4735-2A	YSXC51	CPO	CPO	0.99998	1e-05	1e-05
YLZB4735-3A	YSXC51	CPO	CPO	0.99998	1e-05	1e-05
YLZB4735-5A	YSXC51	CPO	none	0.99998	1e-05	1e-05
YLZB4735-6A	YSXC51	CPO	none	0.99998	1e-05	1e-05
YLZB4735-8A	YSXC51	CPO	none	0.99998	1e-05	1e-05
YLZB4735-9A	YSXC51	CPO	none	0.99998	1e-05	1e-05
YLZB4816-11A	ASCD52	CPO	CPO	0.99998	1e-05	1e-05
YLZB4816-3A	ASCD52	CPO	CPO	0.99998	1e-05	1e-05
YLZB4816-4A	ASCD52	CPO	CPO	0.99998	1e-05	1e-05
YLZB4816-5A	unknown	unknown	none	NA	NA	NA
YLZB4816-6A	ASCD52	CPO	CPO	0.999979	1.1e-05	1e-05
YLZB4816-7A	ASCD52	CPO	none	0.99998	1e-05	1e-05
YLZB4816-8A	ASCD52	CPO	none	0.99998	1e-05	1e-05
YLZB4816-9A	ASCD52	CPO	none	0.99998	1e-05	1e-05
ZXL277-1A	YY12	CMA	none	1e-05	1.9e-05	0.999971
ZXL277-2A	YY12	CMA	none	1e-05	1.7e-05	0.999973
ZXL277-3A	YY12	CMA	none	1e-05	1e-05	0.99998
ZXL277-4A	YY12	CMA	none	1e-05	1.8e-05	0.999972
ZXL277-5A	YY12	CMA	none	1e-05	1e-05	0.99998
ZXL277-6A	YY12	CMA	none	1e-05	1e-05	0.99998
ZXL277-7A	YY12	CMA	none	1e-05	1e-05	0.99998
ZXL277-8A	YY12	CMA	none	1e-05	1.1e-05	0.999979
ZXL79-18A	unknown	unknown	none	NA	NA	NA
ZXL79-1A	CZ25	CMA	none	1e-05	1e-05	0.99998
ZXL79-2A	CZ25	CMA	none	1e-05	1e-05	0.99998
ZXL79-3A	CZ25	CMA	none	1e-05	1e-05	0.99998
ZXL79-4A	CZ25	CMA	none	1e-05	1e-05	0.99998
ZXL79-5A	CZ25	CMA	none	1e-05	2e-05	0.99997
ZXL79-6A	CZ25	CMA	none	1e-05	1.9e-05	0.999971
ZXL79-7A	CZ25	CMA	none	1e-05	1e-05	0.99998
xubo01410-1A	unknown	unknown	none	NA	NA	NA
xubo01410-2A	unknown	unknown	none	NA	NA	NA
xubo01410-3A	unknown	unknown	none	NA	NA	NA
xubo01410-4A	unknown	unknown	none	NA	NA	NA
xubo01410-5A	unknown	unknown	none	NA	NA	NA
xubo01410-6A	unknown	unknown	none	NA	NA	NA
xubo01410-7A	unknown	unknown	none	NA	NA	NA
xubo01410-8A	unknown	unknown	none	NA	NA	NA
xubo266-2A	XY36	CMA	none	1e-05	1e-05	0.99998
xubo266-3A	XY36	CMA	none	1e-05	1e-05	0.99998
xubo266-4A	XY36	CMA	none	1e-05	1e-05	0.99998
xubo266-5A	XY36	CMA	none	1e-05	1e-05	0.99998
xubo266-6A	XY36	CMA	none	1e-05	1e-05	0.99998
xubo266-8A	XY36	CMA	none	1e-05	1e-05	0.99998
xubo266-9A	XY36	CMA	none	1e-05	1e-05	0.99998
zhuzm1009-10A	KM42	CPO	CPO	0.99998	1e-05	1e-05
zhuzm1009-1A	unknown	unknown	none	NA	NA	NA
zhuzm1009-2A	KM42	CPO	CPO	0.99998	1e-05	1e-05
zhuzm1009-3A	KM42	CPO	CPO	0.99998	1e-05	1e-05
zhuzm1009-4A	unknown	unknown	none	NA	NA	NA
zhuzm1009-6A	KM42	CPO	CPO	0.99998	1e-05	1e-05
zhuzm1009-7A	KM42	CPO	none	0.99998	1e-05	1e-05
zhuzm1009-8A	KM42	CPO	none	0.99998	1e-05	1e-05
